Orthogroup	A.gossypii	K.marxianus	L.fermentati	s288c
OG0004829	sp|Q75AH3|RL41_ASHGO			
OG0004830	sp|Q756T2|OS9_ASHGO			
OG0004831	sp|Q751Q6|ATP8L_ASHGO			
OG0004832	sp|Q75DZ2|AEP2_ASHGO			
OG0004833	sp|Q758W8|PEX22_ASHGO			
OG0004834	sp|Q757H5|SP381_ASHGO			
OG0004835	tr|Q75BG2|Q75BG2_ASHGO			
OG0004836	tr|Q751Q5|Q751Q5_ASHGO			
OG0004837	tr|Q758W0|Q758W0_ASHGO			
OG0004838	tr|Q759P1|Q759P1_ASHGO			
OG0004839	tr|Q75BC6|Q75BC6_ASHGO			
OG0004840	tr|Q755R4|Q755R4_ASHGO			
OG0004841	tr|Q75CN3|Q75CN3_ASHGO			
OG0004842	tr|D8FGA6|D8FGA6_ASHGO			
OG0004843	tr|Q74ZS4|Q74ZS4_ASHGO			
OG0004844	tr|A0ZVR3|A0ZVR3_ASHGO			
OG0004845	tr|D8FGC7|D8FGC7_ASHGO			
OG0004846	tr|Q751R2|Q751R2_ASHGO			
OG0004847	tr|Q754X8|Q754X8_ASHGO			
OG0004848	tr|D8FGG8|D8FGG8_ASHGO			
OG0004849	tr|Q753B8|Q753B8_ASHGO			
OG0004850	tr|Q75C36|Q75C36_ASHGO			
OG0004851	tr|Q75CN4|Q75CN4_ASHGO			
OG0004852	tr|Q74Z03|Q74Z03_ASHGO			
OG0004853	tr|D8FGD0|D8FGD0_ASHGO			
OG0004854	tr|Q751D5|Q751D5_ASHGO			
OG0004855	tr|Q759F8|Q759F8_ASHGO			
OG0004856	tr|Q75AG9|Q75AG9_ASHGO			
OG0004857	tr|Q75DT5|Q75DT5_ASHGO			
OG0004858	tr|Q75E40|Q75E40_ASHGO			
OG0004859	tr|Q74ZV9|Q74ZV9_ASHGO			
OG0004860	tr|Q755E8|Q755E8_ASHGO			
OG0004861	tr|Q754S4|Q754S4_ASHGO			
OG0004862	tr|Q75C58|Q75C58_ASHGO			
OG0004863	tr|Q753H6|Q753H6_ASHGO			
OG0004864	tr|D8FGD3|D8FGD3_ASHGO			
OG0004865	tr|D8FGD1|D8FGD1_ASHGO			
OG0004866	tr|Q75CS5|Q75CS5_ASHGO			
OG0004867	tr|Q754K2|Q754K2_ASHGO			
OG0004868	tr|Q750I8|Q750I8_ASHGO			
OG0004869	tr|Q75DB2|Q75DB2_ASHGO			
OG0004870	tr|Q751U9|Q751U9_ASHGO			
OG0004871	tr|Q751S3|Q751S3_ASHGO			
OG0004872	tr|Q75EX9|Q75EX9_ASHGO			
OG0004873	tr|D8FGA7|D8FGA7_ASHGO			
OG0004874	tr|Q75EP0|Q75EP0_ASHGO			
OG0004875	tr|Q75E27|Q75E27_ASHGO			
OG0004876	tr|Q75DG2|Q75DG2_ASHGO			
OG0004877	tr|D8FGC6|D8FGC6_ASHGO			
OG0004878	tr|Q750V2|Q750V2_ASHGO			
OG0004879	tr|D8FGE0|D8FGE0_ASHGO			
OG0004880	tr|Q75EC9|Q75EC9_ASHGO			
OG0004881	tr|Q751C0|Q751C0_ASHGO			
OG0004882	tr|D8FGC3|D8FGC3_ASHGO			
OG0004883	tr|Q75A99|Q75A99_ASHGO			
OG0004884	tr|Q758X4|Q758X4_ASHGO			
OG0004885	tr|Q75CS2|Q75CS2_ASHGO			
OG0004886	tr|Q74ZC5|Q74ZC5_ASHGO			
OG0004887	tr|Q752L9|Q752L9_ASHGO			
OG0004888	tr|Q751L3|Q751L3_ASHGO			
OG0004889	tr|Q75AN4|Q75AN4_ASHGO			
OG0004890	tr|D8FGH0|D8FGH0_ASHGO			
OG0004891	tr|Q758D2|Q758D2_ASHGO			
OG0004892	tr|Q75DJ4|Q75DJ4_ASHGO			
OG0004893	tr|Q75BJ5|Q75BJ5_ASHGO			
OG0004894	tr|Q75D92|Q75D92_ASHGO			
OG0004895	tr|Q75DC0|Q75DC0_ASHGO			
OG0004896	tr|Q75DJ5|Q75DJ5_ASHGO			
OG0004897	tr|Q755B1|Q755B1_ASHGO			
OG0004898	tr|Q75DB1|Q75DB1_ASHGO			
OG0004899	tr|Q755P6|Q755P6_ASHGO			
OG0004900	tr|Q74Z80|Q74Z80_ASHGO			
OG0004901	tr|Q75EF6|Q75EF6_ASHGO			
OG0004902	tr|Q753G2|Q753G2_ASHGO			
OG0004903	tr|Q75A70|Q75A70_ASHGO			
OG0004904	tr|Q751Q7|Q751Q7_ASHGO			
OG0004905	tr|Q75AC8|Q75AC8_ASHGO			
OG0004906	tr|D8FGC4|D8FGC4_ASHGO			
OG0004907	tr|D8FGG3|D8FGG3_ASHGO			
OG0004908	tr|D8FGA8|D8FGA8_ASHGO			
OG0004909	tr|Q75AR8|Q75AR8_ASHGO			
OG0004910	tr|D8FGF6|D8FGF6_ASHGO			
OG0004911	tr|Q75D14|Q75D14_ASHGO			
OG0004912	tr|Q75BV2|Q75BV2_ASHGO			
OG0004913	tr|Q759N0|Q759N0_ASHGO			
OG0004914	tr|Q750H7|Q750H7_ASHGO			
OG0004915	tr|D8FGB3|D8FGB3_ASHGO			
OG0004916	tr|Q75AT5|Q75AT5_ASHGO			
OG0004917	tr|Q754R7|Q754R7_ASHGO			
OG0004918	tr|Q75CG8|Q75CG8_ASHGO			
OG0004919	tr|Q755U4|Q755U4_ASHGO			
OG0004920	tr|D8FGA9|D8FGA9_ASHGO			
OG0004921	tr|Q75CX6|Q75CX6_ASHGO			
OG0004922	tr|Q752M4|Q752M4_ASHGO			
OG0004923	tr|Q75AJ7|Q75AJ7_ASHGO			
OG0004924	tr|Q75E83|Q75E83_ASHGO			
OG0004925	tr|Q755R6|Q755R6_ASHGO			
OG0004926	tr|Q751H0|Q751H0_ASHGO			
OG0004927	tr|D8FGF8|D8FGF8_ASHGO			
OG0004928	tr|D8FGC1|D8FGC1_ASHGO			
OG0004929	tr|Q75BI8|Q75BI8_ASHGO			
OG0004930	tr|Q755P7|Q755P7_ASHGO			
OG0004931	tr|Q755R5|Q755R5_ASHGO			
OG0004932	tr|Q75DK4|Q75DK4_ASHGO			
OG0004933	tr|Q75AM6|Q75AM6_ASHGO			
OG0004934	tr|Q753D6|Q753D6_ASHGO			
OG0004935	tr|Q75E98|Q75E98_ASHGO			
OG0004936	tr|Q75CB0|Q75CB0_ASHGO			
OG0004937	tr|Q75AM8|Q75AM8_ASHGO			
OG0004938	tr|D8FGD8|D8FGD8_ASHGO			
OG0004939	tr|Q759D0|Q759D0_ASHGO			
OG0004940	tr|Q750N4|Q750N4_ASHGO			
OG0004941	tr|Q753P2|Q753P2_ASHGO			
OG0004942	tr|Q75CB6|Q75CB6_ASHGO			
OG0004943	tr|D8FGC8|D8FGC8_ASHGO			
OG0004944	tr|Q751M3|Q751M3_ASHGO			
OG0004945	tr|Q752E3|Q752E3_ASHGO			
OG0004946	tr|Q75E91|Q75E91_ASHGO			
OG0004947	tr|Q75DZ0|Q75DZ0_ASHGO			
OG0004948	tr|Q74ZZ4|Q74ZZ4_ASHGO			
OG0004949	tr|A0ZVR4|A0ZVR4_ASHGO			
OG0004950	tr|Q75A79|Q75A79_ASHGO			
OG0004951	tr|Q75BA1|Q75BA1_ASHGO			
OG0004952	tr|Q75DU0|Q75DU0_ASHGO			
OG0004953	tr|Q753M1|Q753M1_ASHGO			
OG0004954	tr|Q759C4|Q759C4_ASHGO			
OG0004955	tr|Q75BW0|Q75BW0_ASHGO			
OG0004956	tr|Q75CX0|Q75CX0_ASHGO			
OG0004957	tr|Q755E9|Q755E9_ASHGO			
OG0004958	tr|Q755G0|Q755G0_ASHGO			
OG0004959	tr|Q755Y5|Q755Y5_ASHGO			
OG0004960	tr|Q751S8|Q751S8_ASHGO			
OG0004961	tr|Q75E37|Q75E37_ASHGO			
OG0004962	tr|Q75CU0|Q75CU0_ASHGO			
OG0004963	tr|Q75EG4|Q75EG4_ASHGO			
OG0004964	tr|Q754N4|Q754N4_ASHGO			
OG0004965	tr|Q751S2|Q751S2_ASHGO			
OG0004966	tr|Q75CX5|Q75CX5_ASHGO			
OG0004967	tr|Q75A27|Q75A27_ASHGO			
OG0004968	tr|Q759M2|Q759M2_ASHGO			
OG0004969	tr|D8FGC5|D8FGC5_ASHGO			
OG0004970	tr|D8FGF9|D8FGF9_ASHGO			
OG0004971	tr|Q75EH8|Q75EH8_ASHGO			
OG0004972	tr|D8FGB0|D8FGB0_ASHGO			
OG0004973	tr|Q753K1|Q753K1_ASHGO			
OG0004974	tr|Q75EK3|Q75EK3_ASHGO			
OG0004975	tr|Q755E5|Q755E5_ASHGO			
OG0004976	tr|D8FGE2|D8FGE2_ASHGO			
OG0004977	tr|Q752R7|Q752R7_ASHGO			
OG0004978	tr|Q751T8|Q751T8_ASHGO			
OG0004979	tr|Q75A05|Q75A05_ASHGO			
OG0004980	tr|Q755J6|Q755J6_ASHGO			
OG0004981	tr|Q75CT9|Q75CT9_ASHGO			
OG0004982	tr|D8FGD6|D8FGD6_ASHGO			
OG0004983	tr|Q752V0|Q752V0_ASHGO			
OG0004984	tr|Q74ZZ5|Q74ZZ5_ASHGO			
OG0004985	tr|Q754K7|Q754K7_ASHGO			
OG0004986	tr|Q750C4|Q750C4_ASHGO			
OG0004987	tr|Q75F82|Q75F82_ASHGO			
OG0004988	tr|Q751T5|Q751T5_ASHGO			
OG0004989	tr|Q751L0|Q751L0_ASHGO			
OG0004990	tr|Q75DM7|Q75DM7_ASHGO			
OG0004991	tr|Q75BP0|Q75BP0_ASHGO			
OG0004992	tr|Q75AH0|Q75AH0_ASHGO			
OG0004993	tr|Q754U9|Q754U9_ASHGO			
OG0004994	tr|Q756B4|Q756B4_ASHGO			
OG0004995	tr|Q75BD4|Q75BD4_ASHGO			
OG0004996	tr|D8FGD4|D8FGD4_ASHGO			
OG0004997	tr|Q75BI9|Q75BI9_ASHGO			
OG0004998	tr|Q754K0|Q754K0_ASHGO			
OG0004999		KMXK_0A00160		
OG0005000		KMXK_0A00170		
OG0005001		KMXK_0A00190		
OG0005002		KMXK_0A00200		
OG0005003		KMXK_0A00370		
OG0005004		KMXK_0A01020		
OG0005005		KMXK_0A01670		
OG0005006		KMXK_0A01750		
OG0005007		KMXK_0A02020		
OG0005008		KMXK_0A02550		
OG0005009		KMXK_0A02790		
OG0005010		KMXK_0A02970		
OG0005011		KMXK_0A03240		
OG0005012		KMXK_0A03890		
OG0005013		KMXK_0A03920		
OG0005014		KMXK_0A04070		
OG0005015		KMXK_0A04090		
OG0005016		KMXK_0A04260		
OG0005017		KMXK_0A04480		
OG0005018		KMXK_0A04660		
OG0005019		KMXK_0A04960		
OG0005020		KMXK_0A04970		
OG0005021		KMXK_0A05080		
OG0005022		KMXK_0A05170		
OG0005023		KMXK_0A05250		
OG0005024		KMXK_0A05350		
OG0005025		KMXK_0A05440		
OG0005026		KMXK_0A05490		
OG0005027		KMXK_0A06120		
OG0005028		KMXK_0A06170		
OG0005029		KMXK_0A06260		
OG0005030		KMXK_0A06810		
OG0005031		KMXK_0A07010		
OG0005032		KMXK_0A07100		
OG0005033		KMXK_0A07400		
OG0005034		KMXK_0A07780		
OG0005035		KMXK_0A08210		
OG0005036		KMXK_0A08260		
OG0005037		KMXK_0A08340		
OG0005038		KMXK_0B00120		
OG0005039		KMXK_0B00150		
OG0005040		KMXK_0B00190		
OG0005041		KMXK_0B00220		
OG0005042		KMXK_0B00240		
OG0005043		KMXK_0B00350		
OG0005044		KMXK_0B00710		
OG0005045		KMXK_0B00770		
OG0005046		KMXK_0B01170		
OG0005047		KMXK_0B01180		
OG0005048		KMXK_0B01240		
OG0005049		KMXK_0B01440		
OG0005050		KMXK_0B01450		
OG0005051		KMXK_0B01460		
OG0005052		KMXK_0B01470		
OG0005053		KMXK_0B01770		
OG0005054		KMXK_0B01980		
OG0005055		KMXK_0B02000		
OG0005056		KMXK_0B02250		
OG0005057		KMXK_0B02710		
OG0005058		KMXK_0B02760		
OG0005059		KMXK_0B02810		
OG0005060		KMXK_0B03220		
OG0005061		KMXK_0B03400		
OG0005062		KMXK_0B03730		
OG0005063		KMXK_0B03760		
OG0005064		KMXK_0B03810		
OG0005065		KMXK_0B03940		
OG0005066		KMXK_0B03950		
OG0005067		KMXK_0B03980		
OG0005068		KMXK_0B04310		
OG0005069		KMXK_0B04940		
OG0005070		KMXK_0B05280		
OG0005071		KMXK_0B05360		
OG0005072		KMXK_0B05850		
OG0005073		KMXK_0B06050		
OG0005074		KMXK_0B06070		
OG0005075		KMXK_0B06620		
OG0005076		KMXK_0B06730		
OG0005077		KMXK_0B06950		
OG0005078		KMXK_0B07000		
OG0005079		KMXK_0B07130		
OG0005080		KMXK_0B07210		
OG0005081		KMXK_0B07320		
OG0005082		KMXK_0B07430		
OG0005083		KMXK_0B07850		
OG0005084		KMXK_0B07930		
OG0005085		KMXK_0B08030		
OG0005086		KMXK_0B08190		
OG0005087		KMXK_0B08340		
OG0005088		KMXK_0B08350		
OG0005089		KMXK_0C00110		
OG0005090		KMXK_0C00140		
OG0005091		KMXK_0C00250		
OG0005092		KMXK_0C00380		
OG0005093		KMXK_0C00710		
OG0005094		KMXK_0C00850		
OG0005095		KMXK_0C01000		
OG0005096		KMXK_0C01100		
OG0005097		KMXK_0C01250		
OG0005098		KMXK_0C01700		
OG0005099		KMXK_0C01950		
OG0005100		KMXK_0C02410		
OG0005101		KMXK_0C03080		
OG0005102		KMXK_0C03130		
OG0005103		KMXK_0C03320		
OG0005104		KMXK_0C03330		
OG0005105		KMXK_0C03410		
OG0005106		KMXK_0C03570		
OG0005107		KMXK_0C03760		
OG0005108		KMXK_0C03780		
OG0005109		KMXK_0C03960		
OG0005110		KMXK_0C04170		
OG0005111		KMXK_0C04790		
OG0005112		KMXK_0C05300		
OG0005113		KMXK_0C05330		
OG0005114		KMXK_0C05380		
OG0005115		KMXK_0C05520		
OG0005116		KMXK_0C05560		
OG0005117		KMXK_0C05980		
OG0005118		KMXK_0C06030		
OG0005119		KMXK_0C06230		
OG0005120		KMXK_0C06390		
OG0005121		KMXK_0C06410		
OG0005122		KMXK_0C06810		
OG0005123		KMXK_0C07100		
OG0005124		KMXK_0C07250		
OG0005125		KMXK_0C07350		
OG0005126		KMXK_0C07360		
OG0005127		KMXK_0C07380		
OG0005128		KMXK_0D00100		
OG0005129		KMXK_0D00120		
OG0005130		KMXK_0D00130		
OG0005131		KMXK_0D00440		
OG0005132		KMXK_0D00660		
OG0005133		KMXK_0D00680		
OG0005134		KMXK_0D00940		
OG0005135		KMXK_0D00950		
OG0005136		KMXK_0D01250		
OG0005137		KMXK_0D01410		
OG0005138		KMXK_0D01730		
OG0005139		KMXK_0D01920		
OG0005140		KMXK_0D02180		
OG0005141		KMXK_0D02250		
OG0005142		KMXK_0D02360		
OG0005143		KMXK_0D02370		
OG0005144		KMXK_0D02490		
OG0005145		KMXK_0D02840		
OG0005146		KMXK_0D02900		
OG0005147		KMXK_0D02960		
OG0005148		KMXK_0D03290		
OG0005149		KMXK_0D03710		
OG0005150		KMXK_0D03760		
OG0005151		KMXK_0D03900		
OG0005152		KMXK_0D04390		
OG0005153		KMXK_0D04680		
OG0005154		KMXK_0D04780		
OG0005155		KMXK_0D05170		
OG0005156		KMXK_0D05390		
OG0005157		KMXK_0D05570		
OG0005158		KMXK_0D05680		
OG0005159		KMXK_0D05900		
OG0005160		KMXK_0D05920		
OG0005161		KMXK_0D06240		
OG0005162		KMXK_0D06570		
OG0005163		KMXK_0E00370		
OG0005164		KMXK_0E00730		
OG0005165		KMXK_0E00830		
OG0005166		KMXK_0E01060		
OG0005167		KMXK_0E01210		
OG0005168		KMXK_0E01750		
OG0005169		KMXK_0E02030		
OG0005170		KMXK_0E02810		
OG0005171		KMXK_0E02920		
OG0005172		KMXK_0E03030		
OG0005173		KMXK_0E03050		
OG0005174		KMXK_0E03120		
OG0005175		KMXK_0E03390		
OG0005176		KMXK_0E03540		
OG0005177		KMXK_0E03640		
OG0005178		KMXK_0E03770		
OG0005179		KMXK_0E04500		
OG0005180		KMXK_0E04520		
OG0005181		KMXK_0E04550		
OG0005182		KMXK_0E05020		
OG0005183		KMXK_0E05190		
OG0005184		KMXK_0E05250		
OG0005185		KMXK_0E05850		
OG0005186		KMXK_0E06290		
OG0005187		KMXK_0F00930		
OG0005188		KMXK_0F01390		
OG0005189		KMXK_0F01440		
OG0005190		KMXK_0F01570		
OG0005191		KMXK_0F01610		
OG0005192		KMXK_0F02100		
OG0005193		KMXK_0F02160		
OG0005194		KMXK_0F02200		
OG0005195		KMXK_0F02390		
OG0005196		KMXK_0F02570		
OG0005197		KMXK_0F03060		
OG0005198		KMXK_0F03500		
OG0005199		KMXK_0F03540		
OG0005200		KMXK_0F03580		
OG0005201		KMXK_0F03630		
OG0005202		KMXK_0F04070		
OG0005203		KMXK_0F04400		
OG0005204		KMXK_0F04470		
OG0005205		KMXK_0F04560		
OG0005206		KMXK_0F04690		
OG0005207		KMXK_0F04770		
OG0005208		KMXK_0F05060		
OG0005209		KMXK_0F05070		
OG0005210		KMXK_0F05160		
OG0005211		KMXK_0F05280		
OG0005212		KMXK_0F05330		
OG0005213		KMXK_0F05370		
OG0005214		KMXK_0F05500		
OG0005215		KMXK_0F05630		
OG0005216		KMXK_0F05750		
OG0005217		KMXK_0F05770		
OG0005218		KMXK_0F05780		
OG0005219		KMXK_0F05810		
OG0005220		KMXK_0F05820		
OG0005221		KMXK_0F05830		
OG0005222		KMXK_0F05850		
OG0005223		KMXK_0F05860		
OG0005224		KMXK_0G00110		
OG0005225		KMXK_0G00360		
OG0005226		KMXK_0G00390		
OG0005227		KMXK_0G00630		
OG0005228		KMXK_0G00690		
OG0005229		KMXK_0G00730		
OG0005230		KMXK_0G01860		
OG0005231		KMXK_0G01890		
OG0005232		KMXK_0G02450		
OG0005233		KMXK_0G02770		
OG0005234		KMXK_0G02980		
OG0005235		KMXK_0G03160		
OG0005236		KMXK_0G03290		
OG0005237		KMXK_0G03880		
OG0005238		KMXK_0G04210		
OG0005239		KMXK_0G04250		
OG0005240		KMXK_0G04330		
OG0005241		KMXK_0H00340		
OG0005242		KMXK_0H00350		
OG0005243		KMXK_0H00800		
OG0005244		KMXK_0H01030		
OG0005245		KMXK_0H01040		
OG0005246		KMXK_0H01200		
OG0005247		KMXK_0H01770		
OG0005248		KMXK_0H01810		
OG0005249		KMXK_0H01870		
OG0005250		KMXK_0H02090		
OG0005251		KMXK_0H02310		
OG0005252		KMXK_0H02670		
OG0005253		KMXK_0H02940		
OG0005254		KMXK_0H03600		
OG0005255		KMXK_0H03850		
OG0005256		KMXK_0H03870		
OG0005257		KMXK_0H03950		
OG0005258		KMXK_0H04060		
OG0005259		KMXK_0H04240		
OG0005260		KMXK_0H04270		
OG0005261		KMXK_0H04300		
OG0005262		KMXK_0H04310		
OG0005263		KMXK_0H04500		
OG0005264			tr|A0A1G4M6Y6|A0A1G4M6Y6_LACFM	
OG0005265			tr|A0A1G4MGS3|A0A1G4MGS3_LACFM	
OG0005266			tr|A0A1G4MAH6|A0A1G4MAH6_LACFM	
OG0005267			tr|A0A1G4MEZ6|A0A1G4MEZ6_LACFM	
OG0005268			tr|A0A1G4MGF3|A0A1G4MGF3_LACFM	
OG0005269			tr|A0A1G4M8C7|A0A1G4M8C7_LACFM	
OG0005270			tr|A0A1G4MH75|A0A1G4MH75_LACFM	
OG0005271			tr|A0A1G4M9J2|A0A1G4M9J2_LACFM	
OG0005272			tr|A0A1G4M9J3|A0A1G4M9J3_LACFM	
OG0005273			tr|A0A1G4MAY7|A0A1G4MAY7_LACFM	
OG0005274			tr|A0A1G4M8X9|A0A1G4M8X9_LACFM	
OG0005275			tr|A0A1G4MDS1|A0A1G4MDS1_LACFM	
OG0005276			tr|A0A1G4M9E0|A0A1G4M9E0_LACFM	
OG0005277			tr|A0A1G4ME04|A0A1G4ME04_LACFM	
OG0005278			tr|A0A1G4ML22|A0A1G4ML22_LACFM	
OG0005279			tr|A0A1G4M9Y0|A0A1G4M9Y0_LACFM	
OG0005280			tr|A0A1G4M949|A0A1G4M949_LACFM	
OG0005281			tr|A0A1G4MC43|A0A1G4MC43_LACFM	
OG0005282			tr|A0A1G4MEZ1|A0A1G4MEZ1_LACFM	
OG0005283			tr|A0A1G4M835|A0A1G4M835_LACFM	
OG0005284			tr|A0A1G4M7M5|A0A1G4M7M5_LACFM	
OG0005285			tr|A0A1G4M7Q8|A0A1G4M7Q8_LACFM	
OG0005286			tr|A0A1G4MKA9|A0A1G4MKA9_LACFM	
OG0005287			tr|A0A1G4MFW2|A0A1G4MFW2_LACFM	
OG0005288			tr|A0A1G4MHG9|A0A1G4MHG9_LACFM	
OG0005289			tr|A0A1G4MAI7|A0A1G4MAI7_LACFM	
OG0005290			tr|A0A1G4MBE3|A0A1G4MBE3_LACFM	
OG0005291			tr|A0A1G4MG88|A0A1G4MG88_LACFM	
OG0005292			tr|A0A1G4M8J8|A0A1G4M8J8_LACFM	
OG0005293			tr|A0A1G4MHH9|A0A1G4MHH9_LACFM	
OG0005294			tr|A0A1G4MAM3|A0A1G4MAM3_LACFM	
OG0005295			tr|A0A1G4M8A0|A0A1G4M8A0_LACFM	
OG0005296			tr|A0A1G4MBU7|A0A1G4MBU7_LACFM	
OG0005297			tr|A0A1G4M6T8|A0A1G4M6T8_LACFM	
OG0005298			tr|A0A1G4MBX9|A0A1G4MBX9_LACFM	
OG0005299			tr|A0A1G4MJC0|A0A1G4MJC0_LACFM	
OG0005300			tr|A0A1G4MD00|A0A1G4MD00_LACFM	
OG0005301			tr|A0A1G4M7U4|A0A1G4M7U4_LACFM	
OG0005302			tr|A0A1G4MJ12|A0A1G4MJ12_LACFM	
OG0005303			tr|A0A1G4MGH5|A0A1G4MGH5_LACFM	
OG0005304			tr|A0A1G4MGG6|A0A1G4MGG6_LACFM	
OG0005305			tr|A0A1G4MH62|A0A1G4MH62_LACFM	
OG0005306			tr|A0A1G4MCI0|A0A1G4MCI0_LACFM	
OG0005307			tr|A0A1G4MER8|A0A1G4MER8_LACFM	
OG0005308			tr|A0A1G4M8U7|A0A1G4M8U7_LACFM	
OG0005309			tr|A0A1G4MEJ9|A0A1G4MEJ9_LACFM	
OG0005310			tr|A0A1G4M9A0|A0A1G4M9A0_LACFM	
OG0005311			tr|A0A1G4MDZ4|A0A1G4MDZ4_LACFM	
OG0005312			tr|A0A1G4MCU6|A0A1G4MCU6_LACFM	
OG0005313			tr|A0A1G4M822|A0A1G4M822_LACFM	
OG0005314			tr|A0A1G4MIC0|A0A1G4MIC0_LACFM	
OG0005315			tr|A0A1G4MJF2|A0A1G4MJF2_LACFM	
OG0005316			tr|A0A1G4MAE0|A0A1G4MAE0_LACFM	
OG0005317			tr|A0A1G4MC42|A0A1G4MC42_LACFM	
OG0005318			tr|A0A1G4MAL1|A0A1G4MAL1_LACFM	
OG0005319			tr|A0A1G4MJA8|A0A1G4MJA8_LACFM	
OG0005320			tr|A0A1G4MIT8|A0A1G4MIT8_LACFM	
OG0005321			tr|A0A1G4MEI4|A0A1G4MEI4_LACFM	
OG0005322			tr|A0A1G4MA78|A0A1G4MA78_LACFM	
OG0005323			tr|A0A1G4M7U6|A0A1G4M7U6_LACFM	
OG0005324			tr|A0A1G4MJD0|A0A1G4MJD0_LACFM	
OG0005325			tr|A0A1G4MBM7|A0A1G4MBM7_LACFM	
OG0005326			tr|A0A1G4MAV4|A0A1G4MAV4_LACFM	
OG0005327			tr|A0A1G4ML27|A0A1G4ML27_LACFM	
OG0005328			tr|A0A1G4MB79|A0A1G4MB79_LACFM	
OG0005329			tr|A0A1G4MH89|A0A1G4MH89_LACFM	
OG0005330			tr|A0A1G4MC08|A0A1G4MC08_LACFM	
OG0005331			tr|A0A1G4M6R8|A0A1G4M6R8_LACFM	
OG0005332			tr|A0A1G4M7B4|A0A1G4M7B4_LACFM	
OG0005333			tr|A0A1G4M9P5|A0A1G4M9P5_LACFM	
OG0005334			tr|A0A1G4M751|A0A1G4M751_LACFM	
OG0005335			tr|A0A1G4M7F7|A0A1G4M7F7_LACFM	
OG0005336			tr|A0A1G4MCX3|A0A1G4MCX3_LACFM	
OG0005337			tr|A0A1G4MHQ6|A0A1G4MHQ6_LACFM	
OG0005338			tr|A0A1G4M7F1|A0A1G4M7F1_LACFM	
OG0005339			tr|A0A1G4MBV9|A0A1G4MBV9_LACFM	
OG0005340			tr|A0A1G4MC72|A0A1G4MC72_LACFM	
OG0005341			tr|A0A1G4MCA6|A0A1G4MCA6_LACFM	
OG0005342			tr|A0A1G4M6Z1|A0A1G4M6Z1_LACFM	
OG0005343			tr|A0A1G4MAL7|A0A1G4MAL7_LACFM	
OG0005344			tr|A0A1G4M8T0|A0A1G4M8T0_LACFM	
OG0005345			tr|A0A1G4M8P0|A0A1G4M8P0_LACFM	
OG0005346			tr|A0A1G4MCI6|A0A1G4MCI6_LACFM	
OG0005347			tr|A0A1G4MC87|A0A1G4MC87_LACFM	
OG0005348			tr|A0A1G4MDK5|A0A1G4MDK5_LACFM	
OG0005349			tr|A0A1G4MAH9|A0A1G4MAH9_LACFM	
OG0005350			tr|A0A1G4MAZ3|A0A1G4MAZ3_LACFM	
OG0005351			tr|A0A1G4MBN7|A0A1G4MBN7_LACFM	
OG0005352			tr|A0A1G4MIV2|A0A1G4MIV2_LACFM	
OG0005353			tr|A0A1G4MH78|A0A1G4MH78_LACFM	
OG0005354			tr|A0A1G4M9S5|A0A1G4M9S5_LACFM	
OG0005355			tr|A0A1G4M861|A0A1G4M861_LACFM	
OG0005356			tr|A0A1G4MJK2|A0A1G4MJK2_LACFM	
OG0005357			tr|A0A1G4M754|A0A1G4M754_LACFM	
OG0005358			tr|A0A1G4MJ92|A0A1G4MJ92_LACFM	
OG0005359			tr|A0A1G4MJT0|A0A1G4MJT0_LACFM	
OG0005360			tr|A0A1G4MJW3|A0A1G4MJW3_LACFM	
OG0005361			tr|A0A1G4M9X4|A0A1G4M9X4_LACFM	
OG0005362			tr|A0A1G4MJS8|A0A1G4MJS8_LACFM	
OG0005363			tr|A0A1G4MKK6|A0A1G4MKK6_LACFM	
OG0005364			tr|A0A1G4M8X4|A0A1G4M8X4_LACFM	
OG0005365			tr|A0A1G4M6J8|A0A1G4M6J8_LACFM	
OG0005366			tr|A0A1G4MIL2|A0A1G4MIL2_LACFM	
OG0005367			tr|A0A1G4MB69|A0A1G4MB69_LACFM	
OG0005368			tr|A0A1G4ME27|A0A1G4ME27_LACFM	
OG0005369			tr|A0A1G4MLB4|A0A1G4MLB4_LACFM	
OG0005370			tr|A0A1G4MI18|A0A1G4MI18_LACFM	
OG0005371			tr|A0A1G4MAA2|A0A1G4MAA2_LACFM	
OG0005372			tr|A0A1G4MHN5|A0A1G4MHN5_LACFM	
OG0005373			tr|A0A1G4MIC2|A0A1G4MIC2_LACFM	
OG0005374			tr|A0A1G4M9N6|A0A1G4M9N6_LACFM	
OG0005375			tr|A0A1G4MJZ6|A0A1G4MJZ6_LACFM	
OG0005376			tr|A0A1G4MFL2|A0A1G4MFL2_LACFM	
OG0005377			tr|A0A1G4M8S2|A0A1G4M8S2_LACFM	
OG0005378			tr|A0A1G4MAF5|A0A1G4MAF5_LACFM	
OG0005379			tr|A0A1G4M6G4|A0A1G4M6G4_LACFM	
OG0005380			tr|A0A1G4MAG5|A0A1G4MAG5_LACFM	
OG0005381			tr|A0A1G4MHU0|A0A1G4MHU0_LACFM	
OG0005382			tr|A0A1G4ME87|A0A1G4ME87_LACFM	
OG0005383			tr|A0A1G4MB51|A0A1G4MB51_LACFM	
OG0005384			tr|A0A1G4MCE3|A0A1G4MCE3_LACFM	
OG0005385			tr|A0A1G4MAK8|A0A1G4MAK8_LACFM	
OG0005386			tr|A0A1G4MK25|A0A1G4MK25_LACFM	
OG0005387			tr|A0A1G4ME77|A0A1G4ME77_LACFM	
OG0005388			tr|A0A1G4MGJ4|A0A1G4MGJ4_LACFM	
OG0005389			tr|A0A1G4MAB8|A0A1G4MAB8_LACFM	
OG0005390			tr|A0A1G4MGH9|A0A1G4MGH9_LACFM	
OG0005391			tr|A0A1G4M9G8|A0A1G4M9G8_LACFM	
OG0005392			tr|A0A1G4MHD7|A0A1G4MHD7_LACFM	
OG0005393			tr|A0A1G4M7J0|A0A1G4M7J0_LACFM	
OG0005394			tr|A0A1G4MEE2|A0A1G4MEE2_LACFM	
OG0005395			tr|A0A1G4M7G9|A0A1G4M7G9_LACFM	
OG0005396			tr|A0A1G4M980|A0A1G4M980_LACFM	
OG0005397			tr|A0A1G4M776|A0A1G4M776_LACFM	
OG0005398			tr|A0A1G4MBR3|A0A1G4MBR3_LACFM	
OG0005399			tr|A0A1G4MDB2|A0A1G4MDB2_LACFM	
OG0005400			tr|A0A1G4MA59|A0A1G4MA59_LACFM	
OG0005401			tr|A0A1G4MAQ0|A0A1G4MAQ0_LACFM	
OG0005402			tr|A0A1G4ML48|A0A1G4ML48_LACFM	
OG0005403			tr|A0A1G4MJG7|A0A1G4MJG7_LACFM	
OG0005404			tr|A0A1G4MGH2|A0A1G4MGH2_LACFM	
OG0005405			tr|A0A1G4M7Z3|A0A1G4M7Z3_LACFM	
OG0005406			tr|A0A1G4M8X7|A0A1G4M8X7_LACFM	
OG0005407			tr|A0A1G4MGM6|A0A1G4MGM6_LACFM	
OG0005408			tr|A0A1G4MI55|A0A1G4MI55_LACFM	
OG0005409			tr|A0A1G4MKZ3|A0A1G4MKZ3_LACFM	
OG0005410			tr|A0A1G4M6Z5|A0A1G4M6Z5_LACFM	
OG0005411			tr|A0A1G4MD60|A0A1G4MD60_LACFM	
OG0005412			tr|A0A1G4MCI2|A0A1G4MCI2_LACFM	
OG0005413			tr|A0A1G4MDY2|A0A1G4MDY2_LACFM	
OG0005414			tr|A0A1G4MG84|A0A1G4MG84_LACFM	
OG0005415			tr|A0A1G4MAS8|A0A1G4MAS8_LACFM	
OG0005416			tr|A0A1G4M763|A0A1G4M763_LACFM	
OG0005417			tr|A0A1G4M965|A0A1G4M965_LACFM	
OG0005418			tr|A0A1G4MAR8|A0A1G4MAR8_LACFM	
OG0005419			tr|A0A1G4MJH2|A0A1G4MJH2_LACFM	
OG0005420			tr|A0A1G4M7F5|A0A1G4M7F5_LACFM	
OG0005421			tr|A0A1G4MJG5|A0A1G4MJG5_LACFM	
OG0005422			tr|A0A1G4MCV8|A0A1G4MCV8_LACFM	
OG0005423			tr|A0A1G4M8R6|A0A1G4M8R6_LACFM	
OG0005424			tr|A0A1G4MDS6|A0A1G4MDS6_LACFM	
OG0005425			tr|A0A1G4MCU3|A0A1G4MCU3_LACFM	
OG0005426			tr|A0A1G4MEV2|A0A1G4MEV2_LACFM	
OG0005427			tr|A0A1G4MKV5|A0A1G4MKV5_LACFM	
OG0005428			tr|A0A1G4M8S9|A0A1G4M8S9_LACFM	
OG0005429			tr|A0A1G4MI00|A0A1G4MI00_LACFM	
OG0005430			tr|A0A1G4M9T4|A0A1G4M9T4_LACFM	
OG0005431			tr|A0A1G4MBR7|A0A1G4MBR7_LACFM	
OG0005432			tr|A0A1G4MEE4|A0A1G4MEE4_LACFM	
OG0005433			tr|A0A1G4M780|A0A1G4M780_LACFM	
OG0005434			tr|A0A1G4MEH6|A0A1G4MEH6_LACFM	
OG0005435			tr|A0A1G4MEI0|A0A1G4MEI0_LACFM	
OG0005436			tr|A0A1G4M8E8|A0A1G4M8E8_LACFM	
OG0005437			tr|A0A1G4ME15|A0A1G4ME15_LACFM	
OG0005438			tr|A0A1G4M713|A0A1G4M713_LACFM	
OG0005439			tr|A0A1G4MC19|A0A1G4MC19_LACFM	
OG0005440			tr|A0A1G4MKC5|A0A1G4MKC5_LACFM	
OG0005441			tr|A0A1G4MA90|A0A1G4MA90_LACFM	
OG0005442			tr|A0A1G4MFJ5|A0A1G4MFJ5_LACFM	
OG0005443			tr|A0A1G4MDI5|A0A1G4MDI5_LACFM	
OG0005444			tr|A0A1G4M9R6|A0A1G4M9R6_LACFM	
OG0005445			tr|A0A1G4M8C4|A0A1G4M8C4_LACFM	
OG0005446			tr|A0A1G4MAL9|A0A1G4MAL9_LACFM	
OG0005447			tr|A0A1G4M8S3|A0A1G4M8S3_LACFM	
OG0005448			tr|A0A1G4MFD7|A0A1G4MFD7_LACFM	
OG0005449			tr|A0A1G4MID8|A0A1G4MID8_LACFM	
OG0005450			tr|A0A1G4M8A3|A0A1G4M8A3_LACFM	
OG0005451			tr|A0A1G4MA24|A0A1G4MA24_LACFM	
OG0005452			tr|A0A1G4MH72|A0A1G4MH72_LACFM	
OG0005453			tr|A0A1G4MGF9|A0A1G4MGF9_LACFM	
OG0005454			tr|A0A1G4MB43|A0A1G4MB43_LACFM	
OG0005455			tr|A0A1G4ML77|A0A1G4ML77_LACFM	
OG0005456			tr|A0A1G4M775|A0A1G4M775_LACFM	
OG0005457			tr|A0A1G4MES7|A0A1G4MES7_LACFM	
OG0005458			tr|A0A1G4MKK5|A0A1G4MKK5_LACFM	
OG0005459			tr|A0A1G4M919|A0A1G4M919_LACFM	
OG0005460			tr|A0A1G4MI17|A0A1G4MI17_LACFM	
OG0005461			tr|A0A1G4M9K2|A0A1G4M9K2_LACFM	
OG0005462			tr|A0A1G4MJ51|A0A1G4MJ51_LACFM	
OG0005463			tr|A0A1G4MB31|A0A1G4MB31_LACFM	
OG0005464			tr|A0A1G4MH25|A0A1G4MH25_LACFM	
OG0005465			tr|A0A1G4M784|A0A1G4M784_LACFM	
OG0005466			tr|A0A1G4MKS4|A0A1G4MKS4_LACFM	
OG0005467			tr|A0A1G4MAE8|A0A1G4MAE8_LACFM	
OG0005468			tr|A0A1G4MIW2|A0A1G4MIW2_LACFM	
OG0005469			tr|A0A1G4M6C6|A0A1G4M6C6_LACFM	
OG0005470			tr|A0A1G4M9X1|A0A1G4M9X1_LACFM	
OG0005471			tr|A0A1G4MAV9|A0A1G4MAV9_LACFM	
OG0005472			tr|A0A1G4MCC7|A0A1G4MCC7_LACFM	
OG0005473			tr|A0A1G4MIX0|A0A1G4MIX0_LACFM	
OG0005474			tr|A0A1G4M8V3|A0A1G4M8V3_LACFM	
OG0005475			tr|A0A1G4ME57|A0A1G4ME57_LACFM	
OG0005476			tr|A0A1G4MJQ2|A0A1G4MJQ2_LACFM	
OG0005477			tr|A0A1G4M929|A0A1G4M929_LACFM	
OG0005478			tr|A0A1G4M762|A0A1G4M762_LACFM	
OG0005479			tr|A0A1G4MJE2|A0A1G4MJE2_LACFM	
OG0005480			tr|A0A1G4MFU9|A0A1G4MFU9_LACFM	
OG0005481			tr|A0A1G4MH31|A0A1G4MH31_LACFM	
OG0005482			tr|A0A1G4MIZ2|A0A1G4MIZ2_LACFM	
OG0005483			tr|A0A1G4M9U3|A0A1G4M9U3_LACFM	
OG0005484			tr|A0A1G4MGD2|A0A1G4MGD2_LACFM	
OG0005485			tr|A0A1G4M6C2|A0A1G4M6C2_LACFM	
OG0005486			tr|A0A1G4MAP8|A0A1G4MAP8_LACFM	
OG0005487			tr|A0A1G4M909|A0A1G4M909_LACFM	
OG0005488			tr|A0A1G4MB05|A0A1G4MB05_LACFM	
OG0005489			tr|A0A1G4M932|A0A1G4M932_LACFM	
OG0005490			tr|A0A1G4MJC4|A0A1G4MJC4_LACFM	
OG0005491			tr|A0A1G4MGC2|A0A1G4MGC2_LACFM	
OG0005492			tr|A0A1G4M8E2|A0A1G4M8E2_LACFM	
OG0005493			tr|A0A1G4MAX7|A0A1G4MAX7_LACFM	
OG0005494			tr|A0A1G4MHY2|A0A1G4MHY2_LACFM	
OG0005495			tr|A0A1G4M8H3|A0A1G4M8H3_LACFM	
OG0005496			tr|A0A1G4M9H7|A0A1G4M9H7_LACFM	
OG0005497			tr|A0A1G4ME63|A0A1G4ME63_LACFM	
OG0005498			tr|A0A1G4MHF3|A0A1G4MHF3_LACFM	
OG0005499			tr|A0A1G4MHV9|A0A1G4MHV9_LACFM	
OG0005500			tr|A0A1G4M9R8|A0A1G4M9R8_LACFM	
OG0005501			tr|A0A1G4MF13|A0A1G4MF13_LACFM	
OG0005502			tr|A0A1G4M811|A0A1G4M811_LACFM	
OG0005503			tr|A0A1G4MIG8|A0A1G4MIG8_LACFM	
OG0005504			tr|A0A1G4MIV4|A0A1G4MIV4_LACFM	
OG0005505			tr|A0A1G4MI68|A0A1G4MI68_LACFM	
OG0005506				sp|P0CX86|RL41A_YEAST
OG0005507				sp|Q06665|RAD34_YEAST
OG0005508				sp|P03872|REP2_YEAST
OG0005509				sp|P0CX87|RL41B_YEAST
OG0005510				sp|A0A0B7P221|RDT1_YEAST
OG0005511				sp|P38234|RFS1_YEAST
OG0005512				sp|Q9ZZX9|Q0010_YEAST
OG0005513				sp|Q9ZZX8|Q0017_YEAST
OG0005514				sp|Q9ZZX7|Q0032_YEAST
OG0005515				sp|Q35811|Q0092_YEAST
OG0005516				sp|Q9ZZW4|Q0142_YEAST
OG0005517				sp|Q9ZZV8|Q0297_YEAST
OG0005518				sp|Q08904|RDR1_YEAST
OG0005519				sp|P40893|REE1_YEAST
OG0005520				sp|P38232|REG2_YEAST
OG0005521				sp|P40043|RGI1_YEAST
OG0005522				sp|P03871|REP1_YEAST
OG0005523				sp|P38622|RCK1_YEAST
OG0005524				sp|P21672|RIR3_YEAST
OG0005525				sp|Q06407|RGA2_YEAST
OG0005526				sp|P05739|RL6B_YEAST
OG0005527				sp|P14359|SNA3_YEAST
OG0005528				sp|Q04359|SPO20_YEAST
OG0005529				sp|P39926|SSO2_YEAST
OG0005530				sp|Q06134|SPO77_YEAST
OG0005531				sp|Q04398|SPG3_YEAST
OG0005532				sp|P01098|STF1_YEAST
OG0005533				sp|P17123|SPO12_YEAST
OG0005534				sp|Q06160|SPH1_YEAST
OG0005535				sp|P23624|SPO13_YEAST
OG0005536				sp|P08459|SPS2_YEAST
OG0005537				sp|Q12254|SVS1_YEAST
OG0005538				sp|Q9ZZW3|Q0143_YEAST
OG0005539				sp|Q9ZZW2|Q0144_YEAST
OG0005540				sp|Q9ZZW1|Q0182_YEAST
OG0005541				sp|Q06891|RAF_YEAST
OG0005542				sp|Q07800|PSR1_YEAST
OG0005543				sp|P30402|PYRX_YEAST
OG0005544				sp|P21691|SIR1_YEAST
OG0005545				sp|P53438|SOK2_YEAST
OG0005546				sp|P33419|SPC29_YEAST
OG0005547				sp|P38072|SCO2_YEAST
OG0005548				sp|Q12469|SKM1_YEAST
OG0005549				sp|P31109|SNC1_YEAST
OG0005550				sp|P39000|SHC1_YEAST
OG0005551				sp|Q02651|SMA1_YEAST
OG0005552				sp|P32909|SMY2_YEAST
OG0005553				sp|P34164|SIP2_YEAST
OG0005554				sp|P38343|SLM6_YEAST
OG0005555				sp|P40167|SLZ1_YEAST
OG0005556				sp|P03878|SCE2_YEAST
OG0005557				sp|Q01589|SED1_YEAST
OG0005558				sp|P03882|SCE1_YEAST
OG0005559				sp|P25365|SED4_YEAST
OG0005560				sp|P03877|SCE3_YEAST
OG0005561				sp|P52870|SC6B1_YEAST
OG0005562				sp|Q9ZZX1|SCE4_YEAST
OG0005563				sp|Q6Q595|SCS22_YEAST
OG0005564				sp|P34250|SEG2_YEAST
OG0005565				sp|P42948|SET4_YEAST
OG0005566				sp|P53953|SFB2_YEAST
OG0005567				sp|P37262|SOL2_YEAST
OG0005568				sp|Q12020|SRL2_YEAST
OG0005569				sp|P53955|SLM2_YEAST
OG0005570				sp|P17122|SPO16_YEAST
OG0005571				sp|Q08673|SRL1_YEAST
OG0005572				sp|P38282|SP381_YEAST
OG0005573				sp|P32572|SPS18_YEAST
OG0005574				sp|P09007|SRD1_YEAST
OG0005575				sp|P36167|SRL3_YEAST
OG0005576				sp|P53036|SAP4_YEAST
OG0005577				sp|Q08491|SKI7_YEAST
OG0005578				sp|P06701|SIR3_YEAST
OG0005579				sp|Q06466|TDA6_YEAST
OG0005580				sp|Q8TGM6|TAR1_YEAST
OG0005581				sp|P53228|TAL2_YEAST
OG0005582				sp|P50263|SIP18_YEAST
OG0005583				sp|P38714|SYRM_YEAST
OG0005584				sp|Q04083|THI74_YEAST
OG0005585				sp|P38756|TCD1_YEAST
OG0005586				sp|Q12415|TFC7_YEAST
OG0005587				sp|Q07921|TEN1_YEAST
OG0005588				sp|P43595|DCV1_YEAST
OG0005589				sp|P47178|DAN1_YEAST
OG0005590				sp|P16521|EF3A_YEAST
OG0005591				sp|P53728|CYP8_YEAST
OG0005592				sp|P23285|CYPB_YEAST
OG0005593				sp|P47179|DAN4_YEAST
OG0005594				sp|Q12128|BAG7_YEAST
OG0005595				sp|P50080|AZR1_YEAST
OG0005596				sp|Q12226|AYT1_YEAST
OG0005597				sp|Q06702|CDA1_YEAST
OG0005598				sp|P34730|BMH2_YEAST
OG0005599				sp|P53194|BRP1_YEAST
OG0005600				sp|P32344|COX24_YEAST
OG0005601				sp|Q07442|BDF2_YEAST
OG0005602				sp|P38176|AVT5_YEAST
OG0005603				sp|P32450|AUA1_YEAST
OG0005604				sp|Q06469|CUR1_YEAST
OG0005605				sp|Q04201|CUE4_YEAST
OG0005606				sp|Q03220|CTL1_YEAST
OG0005607				sp|P43497|CWP2_YEAST
OG0005608				sp|P14724|CDC26_YEAST
OG0005609				sp|P14066|CBS1_YEAST
OG0005610				sp|P36130|CAF4_YEAST
OG0005611				sp|P24868|CG21_YEAST
OG0005612				sp|P32448|ASF2_YEAST
OG0005613				sp|Q06597|ARR2_YEAST
OG0005614				sp|P36038|CBT1_YEAST
OG0005615				sp|P36973|APT2_YEAST
OG0005616				sp|P38041|BOB1_YEAST
OG0005617				sp|P85052|BUD25_YEAST
OG0005618				sp|P07245|C1TC_YEAST
OG0005619				sp|Q05611|BSC2_YEAST
OG0005620				sp|P53841|BSC4_YEAST
OG0005621				sp|P53755|BSC5_YEAST
OG0005622				sp|P40580|BZRD_YEAST
OG0005623				sp|P50090|KEL2_YEAST
OG0005624				sp|O13555|JIP3_YEAST
OG0005625				sp|P01094|IPA3_YEAST
OG0005626				sp|P23292|KC12_YEAST
OG0005627				sp|P36005|KDX1_YEAST
OG0005628				sp|P25389|KCC4_YEAST
OG0005629				sp|Q03036|IRC4_YEAST
OG0005630				sp|Q02733|IRC15_YEAST
OG0005631				sp|P36115|IRS4_YEAST
OG0005632				sp|P27466|KCC1_YEAST
OG0005633				sp|P52489|KPYK2_YEAST
OG0005634				sp|P36066|MGR3L_YEAST
OG0005635				sp|P54070|KTR6_YEAST
OG0005636				sp|P25341|KIN82_YEAST
OG0005637				sp|P39002|LCF3_YEAST
OG0005638				sp|Q08001|LAM6_YEAST
OG0005639				sp|Q04322|GYL1_YEAST
OG0005640				sp|Q08929|GUP2_YEAST
OG0005641				sp|P32836|GSP2_YEAST
OG0005642				sp|Q12390|GST2_YEAST
OG0005643				sp|P48239|GTO1_YEAST
OG0005644				sp|Q12373|HIF1_YEAST
OG0005645				sp|P14064|HAP4_YEAST
OG0005646				sp|P43623|METC_YEAST
OG0005647				sp|Q99393|IZH4_YEAST
OG0005648				sp|P47056|IRC18_YEAST
OG0005649				sp|P53130|GPG1_YEAST
OG0005650				sp|P0CE11|GMT2_YEAST
OG0005651				sp|P38785|GIC1_YEAST
OG0005652				sp|Q03016|GIP3_YEAST
OG0005653				sp|P47102|GEA1_YEAST
OG0005654				sp|P25596|GEX1_YEAST
OG0005655				sp|Q06336|GGA1_YEAST
OG0005656				sp|P42944|GZF3_YEAST
OG0005657				sp|P32478|HS150_YEAST
OG0005658				sp|P47175|HMS2_YEAST
OG0005659				sp|P39979|HPA3_YEAST
OG0005660				sp|P36014|GPX1_YEAST
OG0005661				sp|Q08416|IRC23_YEAST
OG0005662				sp|P50942|INP52_YEAST
OG0005663				sp|Q08630|IRC13_YEAST
OG0005664				sp|P12684|HMDH2_YEAST
OG0005665				sp|Q08969|GRE1_YEAST
OG0005666				sp|Q01766|HAL1_YEAST
OG0005667				sp|Q6Q5K6|HUG1_YEAST
OG0005668				sp|P39924|HXT13_YEAST
OG0005669				sp|Q05827|HOR7_YEAST
OG0005670				sp|P45820|HUR1_YEAST
OG0005671				sp|P39982|HHY1_YEAST
OG0005672				sp|P53631|HXT17_YEAST
OG0005673				sp|Q12134|HUA2_YEAST
OG0005674				sp|P40884|IMA5_YEAST
OG0005675				sp|P43581|HXT10_YEAST
OG0005676				sp|P23585|HXT2_YEAST
OG0005677				sp|P32590|HSP79_YEAST
OG0005678				sp|P54862|HXT11_YEAST
OG0005679				sp|P39987|HSP7E_YEAST
OG0005680				sp|P47034|ICS3_YEAST
OG0005681				sp|P53982|IDHH_YEAST
OG0005682				sp|P40885|HXT9_YEAST
OG0005683				sp|Q04329|ICY1_YEAST
OG0005684				sp|P25619|HSP30_YEAST
OG0005685				sp|P54854|HXT15_YEAST
OG0005686				sp|P47185|HXT16_YEAST
OG0005687				sp|Q12385|ICT1_YEAST
OG0005688				sp|Q04006|UPS3_YEAST
OG0005689				sp|P36026|UBP11_YEAST
OG0005690				sp|P38709|UGPA2_YEAST
OG0005691				sp|P0CF16|U5071_YEAST
OG0005692				sp|P39944|UBP5_YEAST
OG0005693				sp|Q08747|UAF30_YEAST
OG0005694				sp|P43637|TOS3_YEAST
OG0005695				sp|Q04120|TSA2_YEAST
OG0005696				sp|P0CX57|YA11A_YEAST
OG0005697				sp|Q8TGV0|YA035_YEAST
OG0005698				sp|P39564|YAN8_YEAST
OG0005699				sp|P38627|URA8_YEAST
OG0005700				sp|O13512|YA64B_YEAST
OG0005701				sp|P32630|UTR5_YEAST
OG0005702				sp|O13527|YA11B_YEAST
OG0005703				sp|P39563|YAN4_YEAST
OG0005704				sp|Q08474|VAM10_YEAST
OG0005705				sp|Q3E741|YA037_YEAST
OG0005706				sp|Q3E791|YA063_YEAST
OG0005707				sp|O13511|YA065_YEAST
OG0005708				sp|P38427|TSL1_YEAST
OG0005709				sp|P40414|TPM2_YEAST
OG0005710				sp|Q02208|TOF2_YEAST
OG0005711				sp|P38825|TOM71_YEAST
OG0005712				sp|P48560|TOS6_YEAST
OG0005713				sp|P53147|TOS8_YEAST
OG0005714				sp|P35169|TOR1_YEAST
OG0005715				sp|P43604|ULI1_YEAST
OG0005716				sp|Q8TGK6|YA067_YEAST
OG0005717				sp|Q08182|YAP7_YEAST
OG0005718				sp|Q12085|YG11A_YEAST
OG0005719				sp|Q8TGU1|YG188_YEAST
OG0005720				sp|Q2V2P6|YG194_YEAST
OG0005721				sp|P53216|YG1H_YEAST
OG0005722				sp|P53142|VPS73_YEAST
OG0005723				sp|P53225|YG1R_YEAST
OG0005724				sp|P53229|YG1V_YEAST
OG0005725				sp|P53231|YG1X_YEAST
OG0005726				sp|P53211|YG1C_YEAST
OG0005727				sp|Q07993|XYL2_YEAST
OG0005728				sp|Q3E816|YG121_YEAST
OG0005729				sp|Q8TGT9|YG146_YEAST
OG0005730				sp|Q3E744|YG161_YEAST
OG0005731				sp|Q8TGT8|YG174_YEAST
OG0005732				sp|O13549|VPS63_YEAST
OG0005733				sp|P0C5N1|YG014_YEAST
OG0005734				sp|P53222|YG1O_YEAST
OG0005735				sp|P38194|YBE4_YEAST
OG0005736				sp|Q8TGU0|YG007_YEAST
OG0005737				sp|Q45U48|YG035_YEAST
OG0005738				sp|P40478|VDAC2_YEAST
OG0005739				sp|P38735|VMR1_YEAST
OG0005740				sp|P43600|YFJ0_YEAST
OG0005741				sp|Q3E802|YG006_YEAST
OG0005742				sp|P38816|TRXB2_YEAST
OG0005743				sp|P10863|TIR1_YEAST
OG0005744				sp|P33890|TIR2_YEAST
OG0005745				sp|P48231|TCB2_YEAST
OG0005746				sp|Q12043|TGL5_YEAST
OG0005747				sp|P33315|TKT2_YEAST
OG0005748				sp|P40552|TIR3_YEAST
OG0005749				sp|Q12218|TIR4_YEAST
OG0005750				sp|P38215|YBM3_YEAST
OG0005751				sp|P25383|YC21A_YEAST
OG0005752				sp|Q2V2Q3|YB201_YEAST
OG0005753				sp|Q12260|YB21A_YEAST
OG0005754				sp|Q3E821|YB008_YEAST
OG0005755				sp|Q3E778|YB96B_YEAST
OG0005756				sp|P38338|YB9F_YEAST
OG0005757				sp|Q8TGU8|YB071_YEAST
OG0005758				sp|Q3E794|YB072_YEAST
OG0005759				sp|Q8TGU6|YB182_YEAST
OG0005760				sp|P25384|YC21B_YEAST
OG0005761				sp|P25620|YCR2_YEAST
OG0005762				sp|P37265|YCR41_YEAST
OG0005763				sp|P25606|YCZ0_YEAST
OG0005764				sp|P25607|YCZ1_YEAST
OG0005765				sp|P0C5M1|YD371_YEAST
OG0005766				sp|P39711|YAG4_YEAST
OG0005767				sp|P38354|YB8A_YEAST
OG0005768				sp|P38223|YBO2_YEAST
OG0005769				sp|P25352|YCR5_YEAST
OG0005770				sp|Q3E820|YB96A_YEAST
OG0005771				sp|P38150|YB9Z_YEAST
OG0005772				sp|P38299|YB34_YEAST
OG0005773				sp|P0C5K9|YB39A_YEAST
OG0005774				sp|Q12193|YB12B_YEAST
OG0005775				sp|P25577|YCE9_YEAST
OG0005776				sp|Q12121|YD211_YEAST
OG0005777				sp|Q3E755|YB200_YEAST
OG0005778				sp|P38220|YBN7_YEAST
OG0005779				sp|Q3E7Z7|YD003_YEAST
OG0005780				sp|Q03833|GIS1_YEAST
OG0005781				sp|Q04839|GFD1_YEAST
OG0005782				sp|P36173|GEX2_YEAST
OG0005783				sp|P53171|GEP7_YEAST
OG0005784				sp|P32874|HFA1_YEAST
OG0005785				sp|Q12396|EMP46_YEAST
OG0005786				sp|P38312|ERV15_YEAST
OG0005787				sp|P40456|ESL1_YEAST
OG0005788				sp|P39540|ELO1_YEAST
OG0005789				sp|Q08119|ESC8_YEAST
OG0005790				sp|P17214|EST1_YEAST
OG0005791				sp|P22140|EPT1_YEAST
OG0005792				sp|P54005|DIA1_YEAST
OG0005793				sp|A0A023PZB3|FMP49_YEAST
OG0005794				sp|P37261|FRM2_YEAST
OG0005795				sp|Q08906|FIT2_YEAST
OG0005796				sp|Q08911|FDH1_YEAST
OG0005797				sp|Q03034|FDC1_YEAST
OG0005798				sp|P32474|EUG1_YEAST
OG0005799				sp|Q06143|DIC1_YEAST
OG0005800				sp|P27344|DPB3_YEAST
OG0005801				sp|P48235|ECL1_YEAST
OG0005802				sp|Q05610|DON1_YEAST
OG0005803				sp|P40023|EDC2_YEAST
OG0005804				sp|O13529|ECM12_YEAST
OG0005805				sp|Q03764|EKI1_YEAST
OG0005806				sp|P38073|EDS1_YEAST
OG0005807				sp|P38246|ECM8_YEAST
OG0005808				sp|Q12292|ATG34_YEAST
OG0005809				sp|P38911|FKBP3_YEAST
OG0005810				sp|P43574|GAT1_YEAST
OG0005811				sp|Q02786|LCL1_YEAST
OG0005812				sp|P47912|LCF4_YEAST
OG0005813				sp|P47055|LOH1_YEAST
OG0005814				sp|Q08218|LDS2_YEAST
OG0005815				sp|P29467|MEI4_YEAST
OG0005816				sp|Q04533|METX_YEAST
OG0005817				sp|Q9ZZW7|MBI3_YEAST
OG0005818				sp|P39534|MBB1_YEAST
OG0005819				sp|P03879|MBI4_YEAST
OG0005820				sp|Q03081|MET31_YEAST
OG0005821				sp|P40457|MLP2_YEAST
OG0005822				sp|Q3E827|LSO1_YEAST
OG0005823				sp|P53048|MAL11_YEAST
OG0005824				sp|P40314|NACB2_YEAST
OG0005825				sp|Q8TGN9|NAG1_YEAST
OG0005826				sp|Q08970|MMT2_YEAST
OG0005827				sp|P23493|MBR1_YEAST
OG0005828				sp|P03873|MBI2_YEAST
OG0005829				sp|P47074|MAD3_YEAST
OG0005830				sp|P32047|MLF3_YEAST
OG0005831				sp|P0CX81|MTCU2_YEAST
OG0005832				sp|P07266|MRS1_YEAST
OG0005833				sp|P38590|MSG5_YEAST
OG0005834				sp|P0CX80|MTCU1_YEAST
OG0005835				sp|P0CD99|MPH2_YEAST
OG0005836				sp|P50873|MRK1_YEAST
OG0005837				sp|P32633|MTC7_YEAST
OG0005838				sp|Q08550|MPC54_YEAST
OG0005839				sp|P36157|MSA2_YEAST
OG0005840				sp|Q12317|MSB4_YEAST
OG0005841				sp|P38781|RSC30_YEAST
OG0005842				sp|P40342|SWM2_YEAST
OG0005843				sp|P46974|RSF2_YEAST
OG0005844				sp|P53047|RTA1_YEAST
OG0005845				sp|P25632|RSC6_YEAST
OG0005846				sp|P40063|RT105_YEAST
OG0005847				sp|Q12378|RTR2_YEAST
OG0005848				sp|Q08553|SYC1_YEAST
OG0005849				sp|Q12443|RTN2_YEAST
OG0005850				sp|Q12224|RLM1_YEAST
OG0005851				sp|Q05043|RSF1_YEAST
OG0005852				sp|P56628|RL22B_YEAST
OG0005853				sp|Q06208|RIF2_YEAST
OG0005854				sp|P33323|RE104_YEAST
OG0005855				sp|P49723|RIR4_YEAST
OG0005856				sp|Q12221|PUF2_YEAST
OG0005857				sp|P31374|PSK1_YEAST
OG0005858				sp|Q12310|PRR2_YEAST
OG0005859				sp|P50896|PSP1_YEAST
OG0005860				sp|P40042|RRT13_YEAST
OG0005861				sp|P53046|ROM1_YEAST
OG0005862				sp|P43602|ROG3_YEAST
OG0005863				sp|P32385|RNP1_YEAST
OG0005864				sp|Q12338|RNH2C_YEAST
OG0005865				sp|Q3E811|RRT15_YEAST
OG0005866				sp|P38192|RRT1_YEAST
OG0005867				sp|P23248|RS3A2_YEAST
OG0005868				sp|Q07829|RRT7_YEAST
OG0005869				sp|Q06817|SYG2_YEAST
OG0005870				sp|P40856|SA185_YEAST
OG0005871				sp|P40455|YIP2_YEAST
OG0005872				sp|P47023|YJ41A_YEAST
OG0005873				sp|P36158|YK58_YEAST
OG0005874				sp|P0C2J4|YL21A_YEAST
OG0005875				sp|P0CE99|YL57D_YEAST
OG0005876				sp|P0CF00|YL57E_YEAST
OG0005877				sp|Q12312|YL122_YEAST
OG0005878				sp|Q03263|YM8M_YEAST
OG0005879				sp|Q04897|YM98_YEAST
OG0005880				sp|Q04898|YM99_YEAST
OG0005881				sp|Q04215|YM13A_YEAST
OG0005882				sp|Q03675|YMO7_YEAST
OG0005883				sp|Q3E841|YN034_YEAST
OG0005884				sp|Q08321|YO160_YEAST
OG0005885				sp|O13587|YP096_YEAST
OG0005886				sp|Q3E809|YM054_YEAST
OG0005887				sp|P0CX72|YL12A_YEAST
OG0005888				sp|P53975|YNB9_YEAST
OG0005889				sp|P53956|YNE6_YEAST
OG0005890				sp|Q12391|YN11A_YEAST
OG0005891				sp|P03881|YMRF1_YEAST
OG0005892				sp|P53747|YN8Z_YEAST
OG0005893				sp|P53754|YN97_YEAST
OG0005894				sp|P53910|YNO0_YEAST
OG0005895				sp|Q08504|YO105_YEAST
OG0005896				sp|Q3E751|YP119_YEAST
OG0005897				sp|Q02749|YP068_YEAST
OG0005898				sp|Q02826|YP080_YEAST
OG0005899				sp|P36019|YPT53_YEAST
OG0005900				sp|Q12210|YD009_YEAST
OG0005901				sp|P32616|YEF5_YEAST
OG0005902				sp|Q07746|YD242_YEAST
OG0005903				sp|P39977|YEH8_YEAST
OG0005904				sp|P0C5M8|YE090_YEAST
OG0005905				sp|P0C5N6|YH32A_YEAST
OG0005906				sp|P38780|YHL4_YEAST
OG0005907				sp|P38752|YHA5_YEAST
OG0005908				sp|Q02598|YI014_YEAST
OG0005909				sp|P40519|YIG0_YEAST
OG0005910				sp|P40448|YIQ3_YEAST
OG0005911				sp|Q3E775|YJ151_YEAST
OG0005912				sp|P47157|YJ90_YEAST
OG0005913				sp|Q8TGT2|YK096_YEAST
OG0005914				sp|P0C5P2|YK100_YEAST
OG0005915				sp|P34248|YKK0_YEAST
OG0005916				sp|Q2V2P1|YL146_YEAST
OG0005917				sp|P0CY04|YL157_YEAST
OG0005918				sp|P0CX17|YL464_YEAST
OG0005919				sp|P38087|YMC2_YEAST
OG0005920				sp|Q04364|YMP8_YEAST
OG0005921				sp|Q12130|YL112_YEAST
OG0005922				sp|Q05898|YL296_YEAST
OG0005923				sp|P53740|YN8S_YEAST
OG0005924				sp|Q04978|YMF3_YEAST
OG0005925				sp|Q06252|YL179_YEAST
OG0005926				sp|P53757|YN9A_YEAST
OG0005927				sp|P53758|YN9D_YEAST
OG0005928				sp|Q3E7B9|YO08A_YEAST
OG0005929				sp|Q3E7Y9|YO097_YEAST
OG0005930				sp|P40168|YNT5_YEAST
OG0005931				sp|Q2V2P7|YD461_YEAST
OG0005932				sp|P39972|YEI5_YEAST
OG0005933				sp|P38831|YHS5_YEAST
OG0005934				sp|P0C5P0|YJ197_YEAST
OG0005935				sp|Q3E814|YL006_YEAST
OG0005936				sp|Q3E795|YL361_YEAST
OG0005937				sp|O13544|YL302_YEAST
OG0005938				sp|Q3E742|YL412_YEAST
OG0005939				sp|Q04436|YMZ3_YEAST
OG0005940				sp|P53908|YNO3_YEAST
OG0005941				sp|Q12506|YO314_YEAST
OG0005942				sp|Q3E806|YO316_YEAST
OG0005943				sp|Q8TGS2|YO19A_YEAST
OG0005944				sp|Q12169|YO015_YEAST
OG0005945				sp|Q08172|YO024_YEAST
OG0005946				sp|Q3E805|YO376_YEAST
OG0005947				sp|Q12501|YO22B_YEAST
OG0005948				sp|P0C272|YO13A_YEAST
OG0005949				sp|P38279|YPQ3_YEAST
OG0005950				sp|Q03205|YD042_YEAST
OG0005951				sp|P0C270|YE38A_YEAST
OG0005952				sp|Q04597|YDR14_YEAST
OG0005953				sp|P40057|YER4_YEAST
OG0005954				sp|Q05451|YH50_YEAST
OG0005955				sp|P53307|YG4O_YEAST
OG0005956				sp|P38740|YHC6_YEAST
OG0005957				sp|P53071|YGY5_YEAST
OG0005958				sp|P40538|YIC9_YEAST
OG0005959				sp|Q3E7Z3|YI018_YEAST
OG0005960				sp|Q8TGN5|YI105_YEAST
OG0005961				sp|P40575|YIU0_YEAST
OG0005962				sp|Q3E737|YJ047_YEAST
OG0005963				sp|Q3E7B5|YM230_YEAST
OG0005964				sp|Q03703|YMD7_YEAST
OG0005965				sp|Q8TGJ2|YN075_YEAST
OG0005966				sp|P53876|YNS4_YEAST
OG0005967				sp|P53906|YNO6_YEAST
OG0005968				sp|P40166|YNT8_YEAST
OG0005969				sp|Q8TGJ1|YO16A_YEAST
OG0005970				sp|Q08560|YO186_YEAST
OG0005971				sp|Q3E736|YO192_YEAST
OG0005972				sp|Q3E807|YO011_YEAST
OG0005973				sp|Q12351|YO012_YEAST
OG0005974				sp|Q08110|YO014_YEAST
OG0005975				sp|Q12282|YO214_YEAST
OG0005976				sp|Q12439|YO21A_YEAST
OG0005977				sp|Q08734|YO268_YEAST
OG0005978				sp|Q8TGJ0|YO394_YEAST
OG0005979				sp|Q3E769|YO59A_YEAST
OG0005980				sp|Q12492|YP064_YEAST
OG0005981				sp|P40323|YP073_YEAST
OG0005982				sp|A0A0B7P3V8|YP41B_YEAST
OG0005983				sp|Q06594|YP195_YEAST
OG0005984				sp|Q08993|YP202_YEAST
OG0005985				sp|Q3E818|YD194_YEAST
OG0005986				sp|P40049|YEQ6_YEAST
OG0005987				sp|P43578|YFB5_YEAST
OG0005988				sp|P43622|YFM4_YEAST
OG0005989				sp|P43625|YFM7_YEAST
OG0005990				sp|P53249|YG2G_YEAST
OG0005991				sp|Q3E7Z6|YH015_YEAST
OG0005992				sp|P53089|YGV4_YEAST
OG0005993				sp|P47174|YJ9K_YEAST
OG0005994				sp|P47024|YJ41B_YEAST
OG0005995				sp|Q05777|YL194_YEAST
OG0005996				sp|O13578|YL415_YEAST
OG0005997				sp|O13574|YL255_YEAST
OG0005998				sp|Q04838|YM88_YEAST
OG0005999				sp|P0CX98|YP20A_YEAST
OG0006000				sp|P0CX97|YP283_YEAST
OG0006001				sp|Q8TGQ7|YP159_YEAST
OG0006002				sp|Q08994|YP203_YEAST
OG0006003				sp|P38280|YSW1_YEAST
OG0006004				sp|Q3E787|YC095_YEAST
OG0006005				sp|Q3E819|YC108_YEAST
OG0006006				sp|Q07793|YD13B_YEAST
OG0006007				sp|Q12111|YD029_YEAST
OG0006008				sp|Q3E6R4|YD24B_YEAST
OG0006009				sp|P39974|YEI3_YEAST
OG0006010				sp|P0C5M9|YF009_YEAST
OG0006011				sp|P38733|YHD7_YEAST
OG0006012				sp|P0CX93|YH21D_YEAST
OG0006013				sp|Q3E739|YI021_YEAST
OG0006014				sp|Q06139|YL346_YEAST
OG0006015				sp|Q3E767|YN67B_YEAST
OG0006016				sp|Q3E7Z2|YN042_YEAST
OG0006017				sp|Q12484|YO343_YEAST
OG0006018				sp|Q12113|YO21B_YEAST
OG0006019				sp|Q12293|YO22A_YEAST
OG0006020				sp|Q08270|YO131_YEAST
OG0006021				sp|Q3E7Z9|YO038_YEAST
OG0006022				sp|Q3E7Y8|YO155_YEAST
OG0006023				sp|Q08300|YO159_YEAST
OG0006024				sp|Q3E7Y7|YO293_YEAST
OG0006025				sp|P0CX73|YP11A_YEAST
OG0006026				sp|P0CX58|YP12A_YEAST
OG0006027				sp|Q08990|YP278_YEAST
OG0006028				sp|Q06813|YP078_YEAST
OG0006029				sp|Q8TGR9|YP152_YEAST
OG0006030				sp|Q03482|YD210_YEAST
OG0006031				sp|Q3E763|YD246_YEAST
OG0006032				sp|P0C5M0|YD320_YEAST
OG0006033				sp|Q3E817|YF041_YEAST
OG0006034				sp|Q12222|YGK3_YEAST
OG0006035				sp|P53132|YGL8_YEAST
OG0006036				sp|Q3E815|YH175_YEAST
OG0006037				sp|Q8TGK1|YH21B_YEAST
OG0006038				sp|P38730|YHE1_YEAST
OG0006039				sp|P47162|YJ98_YEAST
OG0006040				sp|P0C2J3|YL21B_YEAST
OG0006041				sp|P0CE97|YL59W_YEAST
OG0006042				sp|Q7LIF2|YL365_YEAST
OG0006043				sp|Q12138|YL125_YEAST
OG0006044				sp|P36111|YKZ5_YEAST
OG0006045				sp|I2HB70|YM16A_YEAST
OG0006046				sp|P53976|YNB8_YEAST
OG0006047				sp|Q12470|YN12A_YEAST
OG0006048				sp|Q08187|YO029_YEAST
OG0006049				sp|Q8TGS1|YO032_YEAST
OG0006050				sp|Q12274|YOR97_YEAST
OG0006051				sp|Q12243|YOR29_YEAST
OG0006052				sp|Q08964|YP216_YEAST
OG0006053				sp|Q6Q5F3|YP053_YEAST
OG0006054				sp|Q12346|YPR71_YEAST
OG0006055				sp|Q3E7B3|YPR08_YEAST
OG0006056				sp|Q6B0W2|YPR14_YEAST
OG0006057				sp|P25036|YSP3_YEAST
OG0006058				sp|Q08245|ZEO1_YEAST
OG0006059				sp|P0C1Z1|YD24C_YEAST
OG0006060				sp|P39983|YEG7_YEAST
OG0006061				sp|Q03964|YD17A_YEAST
OG0006062				sp|P39978|YEH7_YEAST
OG0006063				sp|P40058|YER5_YEAST
OG0006064				sp|P0CX61|YF21A_YEAST
OG0006065				sp|P53291|YG3U_YEAST
OG0006066				sp|Q6Q5P6|YH41A_YEAST
OG0006067				sp|Q3E746|YH086_YEAST
OG0006068				sp|P0C2I4|YH11A_YEAST
OG0006069				sp|P38868|YHY0_YEAST
OG0006070				sp|P47063|YJC7_YEAST
OG0006071				sp|P47062|YJC8_YEAST
OG0006072				sp|P47126|YJ49_YEAST
OG0006073				sp|Q8TGN3|YJ77A_YEAST
OG0006074				sp|Q8TGT3|YJ77B_YEAST
OG0006075				sp|P47022|YJL8_YEAST
OG0006076				sp|Q3E765|YK183_YEAST
OG0006077				sp|P34245|YKJ7_YEAST
OG0006078				sp|Q07986|YL036_YEAST
OG0006079				sp|Q3E732|YL264_YEAST
OG0006080				sp|Q8TGS7|YM182_YEAST
OG0006081				sp|Q8TGT0|YM100_YEAST
OG0006082				sp|Q3E782|YM247_YEAST
OG0006083				sp|P40218|YM24_YEAST
OG0006084				sp|Q04214|YM13B_YEAST
OG0006085				sp|P0C5Q3|YM13C_YEAST
OG0006086				sp|Q8TGS9|YM001_YEAST
OG0006087				sp|P0CY03|YL15A_YEAST
OG0006088				sp|P0CF20|YO163_YEAST
OG0006089				sp|Q3E804|YO381_YEAST
OG0006090				sp|Q08909|YO385_YEAST
OG0006091				sp|Q3E832|YO72B_YEAST
OG0006092				sp|Q08486|YOR72_YEAST
OG0006093				sp|Q08900|YOR76_YEAST
OG0006094				sp|Q12079|YP027_YEAST
OG0006095				sp|P25630|YCU0_YEAST
OG0006096				sp|A0A023PZF2|YE009_YEAST
OG0006097				sp|Q12472|YD21B_YEAST
OG0006098				sp|P0CX16|YE076_YEAST
OG0006099				sp|P0CX95|YE07A_YEAST
OG0006100				sp|P40082|YEW5_YEAST
OG0006101				sp|P40503|YII6_YEAST
OG0006102				sp|P40497|YIJ2_YEAST
OG0006103				sp|P40572|YIT6_YEAST
OG0006104				sp|P36127|YK12_YEAST
OG0006105				sp|Q3E7A7|YK018_YEAST
OG0006106				sp|P33324|YKJ1_YEAST
OG0006107				sp|Q12253|YL046_YEAST
OG0006108				sp|P0CF18|YM085_YEAST
OG0006109				sp|Q02203|YKY5_YEAST
OG0006110				sp|Q8TGS5|YM272_YEAST
OG0006111				sp|Q8TGS4|YM315_YEAST
OG0006112				sp|Q8TGT1|YL406_YEAST
OG0006113				sp|P53964|YND3_YEAST
OG0006114				sp|Q3E843|YM58C_YEAST
OG0006115				sp|Q3E7A6|YM007_YEAST
OG0006116				sp|Q12112|YN11B_YEAST
OG0006117				sp|P0CE98|YL161_YEAST
OG0006118				sp|P0C5P6|YL163_YEAST
OG0006119				sp|Q3E7Z1|YN146_YEAST
OG0006120				sp|Q99345|YO085_YEAST
OG0006121				sp|P0CF19|YO162_YEAST
OG0006122				sp|P0C5R4|YO83A_YEAST
OG0006123				sp|Q3E7A5|YO16W_YEAST
OG0006124				sp|P40159|YNU8_YEAST
OG0006125				sp|Q3E735|YO034_YEAST
OG0006126				sp|Q08976|YP261_YEAST
OG0006127				sp|Q2V2P0|YP145_YEAST
OG0006128				sp|P53057|YPS5_YEAST
OG0006129				sp|P0CX70|YD15A_YEAST
OG0006130				sp|P0C5L7|YD18A_YEAST
OG0006131				sp|Q12407|YD199_YEAST
OG0006132				sp|P43539|YFG5_YEAST
OG0006133				sp|P25347|YCP2_YEAST
OG0006134				sp|Q8TGT7|YG204_YEAST
OG0006135				sp|P0CX64|YG22B_YEAST
OG0006136				sp|P53329|YG5Q_YEAST
OG0006137				sp|Q3E758|YH048_YEAST
OG0006138				sp|Q8TGT4|YH213_YEAST
OG0006139				sp|P53074|YGY0_YEAST
OG0006140				sp|Q07074|YH007_YEAST
OG0006141				sp|P40446|YIQ5_YEAST
OG0006142				sp|P40500|YII9_YEAST
OG0006143				sp|P0CT86|YJ107_YEAST
OG0006144				sp|P42947|YJK7_YEAST
OG0006145				sp|P36153|YK53_YEAST
OG0006146				sp|Q07990|YL042_YEAST
OG0006147				sp|P0C5Q1|YL64A_YEAST
OG0006148				sp|P0CY00|YL66A_YEAST
OG0006149				sp|Q8TGJ7|YL66B_YEAST
OG0006150				sp|O13565|YL358_YEAST
OG0006151				sp|Q04893|YM96_YEAST
OG0006152				sp|O13556|YL462_YEAST
OG0006153				sp|Q3E760|YM030_YEAST
OG0006154				sp|P0CY02|YL15H_YEAST
OG0006155				sp|Q8TGS0|YO161_YEAST
OG0006156				sp|Q08259|YOL18_YEAST
OG0006157				sp|Q02781|YP062_YEAST
OG0006158				sp|P40583|YPS6_YEAST
OG0006159				sp|Q04276|YMX2_YEAST
OG0006160				sp|P53963|YND4_YEAST
OG0006161				sp|Q3E7Z0|YN227_YEAST
OG0006162				sp|P53752|YN95_YEAST
OG0006163				sp|P0C271|YN97B_YEAST
OG0006164				sp|Q08844|YO365_YEAST
OG0006165				sp|Q08974|YP257_YEAST
OG0006166				sp|Q3E7B4|YP038_YEAST
OG0006167				sp|Q08930|YP191_YEAST
OG0006168				sp|P50111|ZDS1_YEAST
OG0006169				sp|P53061|ZIP2_YEAST
OG0006170				sp|P0C5S1|YP60A_YEAST
OG0006171				sp|Q3E796|YD182_YEAST
OG0006172				sp|P0CX71|YE11A_YEAST
OG0006173				sp|A0A023PYF4|YE145_YEAST
OG0006174				sp|P43537|YFG7_YEAST
OG0006175				sp|P40326|YG5N_YEAST
OG0006176				sp|Q3E750|YG41B_YEAST
OG0006177				sp|P47078|YJA9_YEAST
OG0006178				sp|Q3E801|YJ136_YEAST
OG0006179				sp|Q12528|YL111_YEAST
OG0006180				sp|Q3E771|YL285_YEAST
OG0006181				sp|P0CD97|YR039_YEAST
OG0006182				sp|P38357|YB8F_YEAST
OG0006183				sp|Q12491|YB21B_YEAST
OG0006184				sp|Q12266|YB11A_YEAST
OG0006185				sp|Q12490|YB11B_YEAST
OG0006186				sp|P0C5L4|YB121_YEAST
OG0006187				sp|I2HB52|YB56A_YEAST
OG0006188				sp|Q3E7Z8|YC204_YEAST
OG0006189				sp|Q96VH3|YC021_YEAST
OG0006190				sp|P87287|YD366_YEAST
OG0006191				sp|Q12103|YD109_YEAST
OG0006192				sp|P0C5L6|YD022_YEAST
OG0006193				sp|P25350|YCP6_YEAST
OG0006194				sp|P53336|YG5X_YEAST
OG0006195				sp|P33199|YGB5_YEAST
OG0006196				sp|P25657|YCY9_YEAST
OG0006197				sp|Q12185|YD018_YEAST
OG0006198				sp|Q99303|YD23A_YEAST
OG0006199				sp|Q3E774|YD159_YEAST
OG0006200				sp|P39971|YEI6_YEAST
OG0006201				sp|Q3E789|YD169_YEAST
OG0006202				sp|P0CX63|YF21B_YEAST
OG0006203				sp|P43540|YFG4_YEAST
OG0006204				sp|P0CX99|YFG8_YEAST
OG0006205				sp|P43608|YFK5_YEAST
OG0006206				sp|P0CX62|YG22A_YEAST
OG0006207				sp|P0CX96|YG296_YEAST
OG0006208				sp|P53186|YGD4_YEAST
OG0006209				sp|P53287|YG3N_YEAST
OG0006210				sp|P48238|YG3O_YEAST
OG0006211				sp|P38690|YHJ3_YEAST
OG0006212				sp|P0C269|YB00C_YEAST
OG0006213				sp|Q3E781|YB221_YEAST
OG0006214				sp|Q3E762|YB230_YEAST
OG0006215				sp|Q8TGU5|YB296_YEAST
OG0006216				sp|Q8TGK4|YB298_YEAST
OG0006217				sp|P38311|YB59_YEAST
OG0006218				sp|P38317|YB69_YEAST
OG0006219				sp|Q03480|YD209_YEAST
OG0006220				sp|Q12240|YD215_YEAST
OG0006221				sp|Q8TGU4|YE175_YEAST
OG0006222				sp|Q3E7A2|YE078_YEAST
OG0006223				sp|Q07738|YD241_YEAST
OG0006224				sp|A0A023PZE8|YD57W_YEAST
OG0006225				sp|P38893|YH10_YEAST
OG0006226				sp|P0C5N4|YH73B_YEAST
OG0006227				sp|P53056|YGZE_YEAST
OG0006228				sp|P38216|YBM6_YEAST
OG0006229				sp|P38253|YBU0_YEAST
OG0006230				sp|Q07804|YEH1_YEAST
OG0006231				sp|P43580|YFB2_YEAST
OG0006232				sp|P53151|YGI8_YEAST
OG0006233				sp|P0C5N7|YH73A_YEAST
OG0006234				sp|Q3E7Z5|YI002_YEAST
OG0006235				sp|P38864|YHX3_YEAST
OG0006236				sp|Q45U18|YI134_YEAST
OG0006237				sp|Q8TGU7|YB126_YEAST
OG0006238				sp|Q2V2Q2|YC048_YEAST
OG0006239				sp|P25650|YCX5_YEAST
OG0006240				sp|Q6Q5X2|YD34B_YEAST
OG0006241				sp|O74302|YD13A_YEAST
OG0006242				sp|P39999|YEB4_YEAST
OG0006243				sp|Q05612|YD278_YEAST
OG0006244				sp|P43552|YFF1_YEAST
OG0006245				sp|P40076|YEV1_YEAST
OG0006246				sp|Q3E786|YG240_YEAST
OG0006247				sp|P53293|YG3W_YEAST
OG0006248				sp|P0C2J7|YH41B_YEAST
OG0006249				sp|P38083|YBR3_YEAST
OG0006250				sp|P25572|YCE2_YEAST
OG0006251				sp|P34215|YBZ4_YEAST
OG0006252				sp|P87012|YC01A_YEAST
OG0006253				sp|Q03483|YD22A_YEAST
OG0006254				sp|Q03494|YD22B_YEAST
OG0006255				sp|Q07791|YD23B_YEAST
OG0006256				sp|P40097|YE11_YEAST
OG0006257				sp|P43576|YFB9_YEAST
OG0006258				sp|Q3E740|YG258_YEAST
OG0006259				sp|P53242|YG29_YEAST
OG0006260				sp|P0CX91|YH21A_YEAST
OG0006261				sp|P38834|YHT0_YEAST
OG0006262				sp|P40551|YIB2_YEAST
OG0006263				sp|Q07967|YL030_YEAST
OG0006264				sp|Q3E766|YM175_YEAST
OG0006265				sp|Q05899|YL297_YEAST
OG0006266				sp|Q03879|YM09_YEAST
OG0006267				sp|Q8TGS6|YM242_YEAST
OG0006268				sp|Q03207|YMM2_YEAST
OG0006269				sp|Q06235|YL162_YEAST
OG0006270				sp|Q12392|YD21A_YEAST
OG0006271				sp|P40103|YE18_YEAST
OG0006272				sp|P40104|YE19_YEAST
OG0006273				sp|P39991|YEC5_YEAST
OG0006274				sp|P87283|YD274_YEAST
OG0006275				sp|P53054|YGZG_YEAST
OG0006276				sp|P38722|YHE9_YEAST
OG0006277				sp|P38776|YHK8_YEAST
OG0006278				sp|Q2V2P3|YK023_YEAST
OG0006279				sp|P36092|YKE44_YEAST
OG0006280				sp|P35736|YKF0_YEAST
OG0006281				sp|P47009|YJO4_YEAST
OG0006282				sp|P34249|YKK2_YEAST
OG0006283				sp|Q3E813|YL154_YEAST
OG0006284				sp|P0CE96|YL156_YEAST
OG0006285				sp|A0A023PZG4|YL236_YEAST
OG0006286				sp|P0CY01|YL67A_YEAST
OG0006287				sp|P40211|YM21_YEAST
OG0006288				sp|Q06199|YL456_YEAST
OG0006289				sp|Q03864|YD102_YEAST
OG0006290				sp|P0C0V2|YE18A_YEAST
OG0006291				sp|P0CX94|YE190_YEAST
OG0006292				sp|P40001|YEA8_YEAST
OG0006293				sp|Q8TGT6|YH022_YEAST
OG0006294				sp|Q3E7Z4|YI046_YEAST
OG0006295				sp|P40524|YIF4_YEAST
OG0006296				sp|P47080|YJA7_YEAST
OG0006297				sp|P0CE69|YK104_YEAST
OG0006298				sp|Q3E7A0|YK106_YEAST
OG0006299				sp|Q12026|YL053_YEAST
OG0006300				sp|A2P2R3|YM084_YEAST
OG0006301				sp|Q8TGS8|YM105_YEAST
OG0006302				sp|P38185|YBH1_YEAST
OG0006303				sp|P53097|YGU3_YEAST
OG0006304				sp|O13536|YH139_YEAST
OG0006305				sp|Q8TGK0|YH1E_YEAST
OG0006306				sp|P53116|YGO9_YEAST
OG0006307				sp|P40520|YIF9_YEAST
OG0006308				sp|P40488|YIK2_YEAST
OG0006309				sp|P47099|YJ12A_YEAST
OG0006310				sp|Q3E837|YJ052_YEAST
OG0006311				sp|Q2V2P2|YK065_YEAST
OG0006312				sp|Q3E826|YK068_YEAST
OG0006313				sp|P36103|YKC3_YEAST
OG0006314				sp|P0C5P3|YK145_YEAST
OG0006315				sp|Q3E810|YL342_YEAST
OG0006316				sp|P0CY05|YL159_YEAST
OG0006317				sp|Q96VH2|YC01B_YEAST
OG0006318				sp|Q05510|YD344_YEAST
OG0006319				sp|Q2V2Q0|YD007_YEAST
OG0006320				sp|P40101|YE16_YEAST
OG0006321				sp|Q12426|YDR10_YEAST
OG0006322				sp|P39989|YEC8_YEAST
OG0006323				sp|P0C5N0|YF010_YEAST
OG0006324				sp|Q3E838|YF012_YEAST
OG0006325				sp|Q8TGU2|YF032_YEAST
OG0006326				sp|P38302|NTC20_YEAST
OG0006327				sp|P31378|NTH1_YEAST
OG0006328				sp|Q05637|PHM6_YEAST
OG0006329				sp|P40025|PHM8_YEAST
OG0006330				sp|P25584|PEX34_YEAST
OG0006331				sp|P53872|PGA14_YEAST
OG0006332				sp|Q03210|NGL3_YEAST
OG0006333				sp|P53203|PEX31_YEAST
OG0006334				sp|P0CE68|NFT1_YEAST
OG0006335				sp|Q12333|FRE7_YEAST
OG0006336				sp|P25585|FYV5_YEAST
OG0006337				sp|P25653|FIG2_YEAST
OG0006338				sp|Q08559|FYV12_YEAST
OG0006339				sp|P36001|FOLC_YEAST
OG0006340				sp|P0CH64|DDI3_YEAST
OG0006341				sp|P89113|DDR2_YEAST
OG0006342				sp|P03870|FLP_YEAST
OG0006343				sp|P0CH63|DDI2_YEAST
OG0006344				sp|P18899|DDR48_YEAST
OG0006345				sp|Q3E808|DGR1_YEAST
OG0006346				sp|P53983|ASI3_YEAST
OG0006347				sp|Q04930|CRF1_YEAST
OG0006348				sp|Q12734|CSR2_YEAST
OG0006349				sp|Q08955|CSM4_YEAST
OG0006350				sp|P00425|COX5B_YEAST
OG0006351				sp|P32798|COT1_YEAST
OG0006352				sp|P0CE90|PAU6_YEAST
OG0006353				sp|Q3E770|PAU9_YEAST
OG0006354				sp|Q03674|PLB2_YEAST
OG0006355				sp|P0CE91|PAU18_YEAST
OG0006356				sp|P0CE86|PAU21_YEAST
OG0006357				sp|P0CE87|PAU22_YEAST
OG0006358				sp|P35994|PAU16_YEAST
OG0006359				sp|P0CE85|PAU19_YEAST
OG0006360				sp|P32492|MYO4_YEAST
OG0006361				sp|Q3E7Y6|NBL1_YEAST
OG0006362				sp|Q08580|PEX27_YEAST
OG0006363				sp|P38837|NSG1_YEAST
OG0006364				sp|P40064|NU157_YEAST
OG0006365				sp|P0CE93|PAU11_YEAST
OG0006366				sp|P0CE89|PAU14_YEAST
OG0006367				sp|P38155|PAU24_YEAST
OG0006368				sp|P40585|PAU15_YEAST
OG0006369				sp|Q12370|PAU17_YEAST
OG0006370				sp|P43575|PAU5_YEAST
OG0006371				sp|P0CE92|PAU8_YEAST
OG0006372				sp|P16467|PDC5_YEAST
OG0006373				sp|P26263|PDC6_YEAST
OG0006374				sp|P0CE88|PAU1_YEAST
OG0006375				sp|P25610|PAU3_YEAST
OG0006376				sp|P39545|PAU7_YEAST
OG0006377				sp|P37304|PAM1_YEAST
OG0006378				sp|P53343|PAU12_YEAST
OG0006379				sp|P32612|PAU2_YEAST
OG0006380				sp|P53427|PAU4_YEAST
OG0006381				sp|Q08322|PAU20_YEAST
OG0006382				sp|Q07987|PAU23_YEAST
OG0006383				sp|P33751|PAD1_YEAST
OG0006384				sp|Q02201|OSH6_YEAST
OG0006385				sp|Q06144|ORM2_YEAST
OG0006386				sp|Q03050|PAU10_YEAST
OG0006387				sp|P38725|PAU13_YEAST
OG0006388				sp|Q12451|OSH2_YEAST
OG0006389				sp|P43611|OSW7_YEAST
OG0006390				sp|P40473|POG1_YEAST
OG0006391				sp|P39966|PP2C2_YEAST
OG0006392				sp|P52867|PMT5_YEAST
OG0006393				sp|P47190|PMT3_YEAST
OG0006394				sp|Q06216|PIG1_YEAST
OG0006395				sp|Q03790|NUP53_YEAST
OG0006396				sp|Q08108|PLB3_YEAST
OG0006397				sp|P14747|PP2B2_YEAST
OG0006398				sp|P33329|PPZ2_YEAST
OG0006399				sp|Q08931|PRM3_YEAST
OG0006400				sp|P47033|PRY3_YEAST
OG0006401				sp|Q12459|PRM7_YEAST
OG0006402				sp|P39970|ACA1_YEAST
OG0006403				sp|P38113|ADH5_YEAST
OG0006404				sp|Q08361|AAD15_YEAST
OG0006405				sp|P47146|ABM1_YEAST
OG0006406				sp|P38832|ANS1_YEAST
OG0006407				sp|P36117|ALY1_YEAST
OG0006408				sp|P32858|AIM26_YEAST
OG0006409				sp|Q07732|ADY3_YEAST
OG0006410				sp|P03875|AI1M_YEAST
OG0006411				sp|P03876|AI2M_YEAST
OG0006412				sp|P32323|AGA1_YEAST
OG0006413				sp|Q04516|AIM33_YEAST
OG0006414				sp|P29589|AHT1_YEAST
OG0006415				sp|Q04413|API2_YEAST
OG0006416				sp|P52923|AIF1_YEAST
OG0006417				sp|P38885|AIM46_YEAST
OG0006418				sp|P40451|AIM20_YEAST
OG0006419				sp|Q12013|AKR2_YEAST
OG0006420				sp|P38971|ALP1_YEAST
OG0006421				sp|Q9ZZX0|AI5B_YEAST
OG0006422				sp|P47182|AAD10_YEAST
OG0006423				sp|P25612|AAD3_YEAST
OG0006424				sp|P0CX79|ASP24_YEAST
OG0006425				sp|Q99325|ATG40_YEAST
OG0006426				sp|Q12048|ATG41_YEAST
OG0006427				sp|P46983|ATG36_YEAST
OG0006428				sp|Q06159|ATG39_YEAST
OG0006429				sp|P35193|ATG19_YEAST
OG0006430				sp|P07249|ARGR1_YEAST
OG0006431				sp|P0CZ17|ASP21_YEAST
OG0006432				sp|P0CX77|ASP22_YEAST
OG0006433				sp|P0CX78|ASP23_YEAST
OG0006434				sp|P38855|PEX18_YEAST
OG0006435				sp|P53167|PUS2_YEAST
OG0006436				sp|Q12069|PUS9_YEAST
OG0006437				sp|Q07500|NDH2_YEAST
