"protein","Gene","orthogroup"
"D6VTK4","YFL026W","S+PNA-Single"
"D6W196","YNL083W","S+PNA-Single"
"O13525","YDR204W","S+PNA-Single"
"O13585","YPR089W","S+PNA-Single"
"O14464","YPL183W-A","S+PNA-Single"
"O14467","YOR298C-A","S+PNA-Single"
"O60200","YKL053C-A","S+PNA-Single"
"O74700","YEL020W-A","S+PNA-Single"
"O75012","YDL045W-A","S+PNA-Single"
"O94742","YDR363W-A","S+PNA-Single"
"P00127","YFR033C","S+PNA-Single"
"P00128","YDR529C","S+PNA-Single"
"P00163","Q0105","S+PNA-Single"
"P00175","YML054C","S+PNA-Single"
"P00401","Q0045","S+PNA-Single"
"P00410","Q0250","S+PNA-Single"
"P00420","Q0275","S+PNA-Single"
"P00427","YHR051W","S+PNA-Single"
"P00431","YKR066C","S+PNA-Single"
"P00445","YJR104C","S+PNA-Single"
"P00447","YHR008C","S+PNA-Single"
"P00498","YER055C","S+PNA-Single"
"P00546","YBR160W","S+PNA-Single"
"P00549","YAL038W","S+PNA-Single"
"P00560","YCR012W","S+PNA-Single"
"P00572","YJR057W","S+PNA-Single"
"P00724","YIL162W","S+PNA-Single"
"P00812","YPL111W","S+PNA-Single"
"P00815","YCL030C","S+PNA-Single"
"P00817","YBR011C","S+PNA-Single"
"P00830","YJR121W","S+PNA-Single"
"P00854","Q0085","S+PNA-Single"
"P00856","Q0080","S+PNA-Single"
"P00899","YER090W","S+PNA-Single"
"P00927","YER086W","S+PNA-Single"
"P00931","YGL026C","S+PNA-Single"
"P00937","YKL211C","S+PNA-Single"
"P00942","YDR050C","S+PNA-Single"
"P00958","YGR264C","S+PNA-Single"
"P02309","YBR009C, YNL030W","S+PNA-Single"
"P02406","YGL103W","S+PNA-Single"
"P02557","YFL037W","S+PNA-Single"
"P02992","YOR187W","S+PNA-Single"
"P02994","YPR080W, YBR118W","S+PNA-Single"
"P03069","YEL009C","S+PNA-Single"
"P03881","Q0255","S+PNA-Single"
"P03962","YEL021W","S+PNA-Single"
"P03965","YJR109C","S+PNA-Single"
"P04037","YGL187C","S+PNA-Single"
"P04046","YMR300C","S+PNA-Single"
"P04050","YDL140C","S+PNA-Single"
"P04051","YOR116C","S+PNA-Single"
"P04076","YHR018C","S+PNA-Single"
"P04147","YER165W","S+PNA-Single"
"P04161","YDR408C","S+PNA-Single"
"P04173","YCL018W","S+PNA-Single"
"P04386","YPL248C","S+PNA-Single"
"P04387","YML051W","S+PNA-Single"
"P04397","YBR019C","S+PNA-Single"
"P04456","YOL127W","S+PNA-Single"
"P04650","YJL189W","S+PNA-Single"
"P04786","YOL006C","S+PNA-Single"
"P04801","YIL078W","S+PNA-Single"
"P04802","YLL018C","S+PNA-Single"
"P04803","YDR268W","S+PNA-Single"
"P04819","YDL164C","S+PNA-Single"
"P04821","YLR310C","S+PNA-Single"
"P05066","YOR386W","S+PNA-Single"
"P05085","YML099C","S+PNA-Single"
"P05150","YJL088W","S+PNA-Single"
"P05317","YLR340W","S+PNA-Single"
"P05318","YDL081C","S+PNA-Single"
"P05373","YGL040C","S+PNA-Single"
"P05374","YGR157W","S+PNA-Single"
"P05375","YJR073C","S+PNA-Single"
"P05453","YDR172W","S+PNA-Single"
"P05626","YPL078C","S+PNA-Single"
"P05694","YER091C","S+PNA-Single"
"P05747","YFR032C-A","S+PNA-Single"
"P05750","YNL178W","S+PNA-Single"
"P05756","YDR064W","S+PNA-Single"
"P05759","YLR167W","S+PNA-Single"
"P06100","YDL165W","S+PNA-Single"
"P06101","YDR168W","S+PNA-Single"
"P06102","YIL038C","S+PNA-Single"
"P06103","YOR361C","S+PNA-Single"
"P06104","YGL058W","S+PNA-Single"
"P06105","YJL080C","S+PNA-Single"
"P06106","YLR303W","S+PNA-Single"
"P06168","YLR355C","S+PNA-Single"
"P06174","YOR278W","S+PNA-Single"
"P06182","YAL039C","S+PNA-Single"
"P06197","YPR113W","S+PNA-Single"
"P06242","YDL108W","S+PNA-Single"
"P06243","YDL017W","S+PNA-Single"
"P06633","YOR202W","S+PNA-Single"
"P06704","YOR257W","S+PNA-Single"
"P06738","YPR160W","S+PNA-Single"
"P06773","YHR144C","S+PNA-Single"
"P06774","YGL237C","S+PNA-Single"
"P06776","YOR360C","S+PNA-Single"
"P06777","YPL022W","S+PNA-Single"
"P06778","YML032C","S+PNA-Single"
"P06779","YJR052W","S+PNA-Single"
"P06782","YDR477W","S+PNA-Single"
"P06783","YKL178C","S+PNA-Single"
"P06784","YDL159W","S+PNA-Single"
"P06785","YOR074C","S+PNA-Single"
"P06786","YNL088W","S+PNA-Single"
"P06787","YBR109C","S+PNA-Single"
"P06838","YML095C","S+PNA-Single"
"P06839","YER171W","S+PNA-Single"
"P06844","YDR392W","S+PNA-Single"
"P07143","YOR065W","S+PNA-Single"
"P07149","YKL182W","S+PNA-Single"
"P07170","YDR226W","S+PNA-Single"
"P07172","YIL116W","S+PNA-Single"
"P07236","YKL194C","S+PNA-Single"
"P07244","YGL234W","S+PNA-Single"
"P07250","YDR173C","S+PNA-Single"
"P07251","YBL099W","S+PNA-Single"
"P07255","YDL067C","S+PNA-Single"
"P07257","YPR191W","S+PNA-Single"
"P07258","YOR303W","S+PNA-Single"
"P07259","YJL130C","S+PNA-Single"
"P07260","YOL139C","S+PNA-Single"
"P07263","YPR033C","S+PNA-Single"
"P07264","YGL009C","S+PNA-Single"
"P07267","YPL154C","S+PNA-Single"
"P07269","YDL106C","S+PNA-Single"
"P07271","YML061C","S+PNA-Single"
"P07272","YLR014C","S+PNA-Single"
"P07273","YGL043W","S+PNA-Single"
"P07274","YOR122C","S+PNA-Single"
"P07275","YHR037W","S+PNA-Single"
"P07276","YGR258C","S+PNA-Single"
"P07277","YMR208W","S+PNA-Single"
"P07278","YIL033C","S+PNA-Single"
"P07283","YFL045C","S+PNA-Single"
"P07284","YDR023W","S+PNA-Single"
"P07285","YDR354W","S+PNA-Single"
"P07286","YBR243C","S+PNA-Single"
"P07342","YMR108W","S+PNA-Single"
"P07347","YHR013C","S+PNA-Single"
"P07702","YBR115C","S+PNA-Single"
"P07703","YPR110C","S+PNA-Single"
"P07806","YGR094W","S+PNA-Single"
"P07807","YOR236W","S+PNA-Single"
"P07866","YAL024C","S+PNA-Single"
"P07884","YOR274W","S+PNA-Single"
"P07991","YLR438W","S+PNA-Single"
"P08018","YJL128C","S+PNA-Single"
"P08019","YIL099W","S+PNA-Single"
"P08067","YEL024W","S+PNA-Single"
"P08417","YPL262W","S+PNA-Single"
"P08425","YPR047W","S+PNA-Single"
"P08431","YBR018C","S+PNA-Single"
"P08432","YKL184W","S+PNA-Single"
"P08456","YER026C","S+PNA-Single"
"P08458","YDR523C","S+PNA-Single"
"P08465","YNL277W","S+PNA-Single"
"P08466","YJL208C","S+PNA-Single"
"P08518","YOR151C","S+PNA-Single"
"P08524","YJL167W","S+PNA-Single"
"P08525","YJL166W","S+PNA-Single"
"P08536","YJR010W","S+PNA-Single"
"P08566","YDR127W","S+PNA-Single"
"P08638","YLR451W","S+PNA-Single"
"P08678","YJL005W","S+PNA-Single"
"P08964","YHR023W","S+PNA-Single"
"P09032","YOR260W","S+PNA-Single"
"P09064","YPL237W","S+PNA-Single"
"P09119","YJL194W","S+PNA-Single"
"P09201","YLR377C","S+PNA-Single"
"P09368","YLR142W","S+PNA-Single"
"P09436","YBL076C","S+PNA-Single"
"P09457","YDR298C","S+PNA-Single"
"P09547","YPL016W","S+PNA-Single"
"P09620","YGL203C","S+PNA-Single"
"P09624","YFL018C","S+PNA-Single"
"P09798","YKL022C","S+PNA-Single"
"P09880","YJL087C","S+PNA-Single"
"P09938","YJL026W","S+PNA-Single"
"P09950","YDR232W","S+PNA-Single"
"P0C074","YNL138W-A","S+PNA-Single"
"P0C5R9","YPR170W-B","S+PNA-Single"
"P0CE41","YLR256W","S+PNA-Single"
"P0CF17","YML002W","S+PNA-Single"
"P0CG63","YLL039C","S+PNA-Single"
"P10127","YGL256W","S+PNA-Single"
"P10356","YER152C","S+PNA-Single"
"P10363","YIR008C","S+PNA-Single"
"P10507","YLR163C","S+PNA-Single"
"P10614","YHR007C","S+PNA-Single"
"P10663","YPR166C","S+PNA-Single"
"P10862","YCR066W","S+PNA-Single"
"P10869","YER052C","S+PNA-Single"
"P10961","YGL073W","S+PNA-Single"
"P10962","YAL025C","S+PNA-Single"
"P10963","YKR097W","S+PNA-Single"
"P10964","YOR341W","S+PNA-Single"
"P11075","YDR170C","S+PNA-Single"
"P11325","YLR382C","S+PNA-Single"
"P11353","YDR044W","S+PNA-Single"
"P11412","YNL241C","S+PNA-Single"
"P11433","YAL041W","S+PNA-Single"
"P11491","YDR481C","S+PNA-Single"
"P11709","YCL029C","S+PNA-Single"
"P11745","YMR235C","S+PNA-Single"
"P11747","YML098W","S+PNA-Single"
"P11792","YHR205W","S+PNA-Single"
"P11914","YHR024C","S+PNA-Single"
"P11972","YLR452C","S+PNA-Single"
"P11986","YJL153C","S+PNA-Single"
"P12385","YBR143C","S+PNA-Single"
"P12611","YOR043W","S+PNA-Single"
"P12612","YDR212W","S+PNA-Single"
"P12687","YNL005C","S+PNA-Single"
"P12689","YOR346W","S+PNA-Single"
"P12695","YNL071W","S+PNA-Single"
"P12709","YBR196C","S+PNA-Single"
"P12753","YNL250W","S+PNA-Single"
"P12754","YGR083C","S+PNA-Single"
"P12866","YKL209C","S+PNA-Single"
"P12868","YMR231W","S+PNA-Single"
"P12887","YML021C","S+PNA-Single"
"P12904","YGL115W","S+PNA-Single"
"P12945","YDL040C","S+PNA-Single"
"P12954","YJL092W","S+PNA-Single"
"P13099","YLR234W","S+PNA-Single"
"P13134","YNL238W","S+PNA-Single"
"P13188","YOR168W","S+PNA-Single"
"P13259","YGR202C","S+PNA-Single"
"P13382","YNL102W","S+PNA-Single"
"P13393","YER148W","S+PNA-Single"
"P13433","YFL036W","S+PNA-Single"
"P13434","YBL021C","S+PNA-Single"
"P13517","YIL034C","S+PNA-Single"
"P13574","YHR084W","S+PNA-Single"
"P13586","YGL167C","S+PNA-Single"
"P13663","YDR158W","S+PNA-Single"
"P13711","YGL205W","S+PNA-Single"
"P13902","YOL108C","S+PNA-Single"
"P14020","YPR183W","S+PNA-Single"
"P14063","YKL138C","S+PNA-Single"
"P14120","YGL030W","S+PNA-Single"
"P14126","YOR063W","S+PNA-Single"
"P14242","YNL082W","S+PNA-Single"
"P14284","YPL167C","S+PNA-Single"
"P14540","YKL060C","S+PNA-Single"
"P14680","YJL141C","S+PNA-Single"
"P14682","YDR054C","S+PNA-Single"
"P14736","YER162C","S+PNA-Single"
"P14737","YDR217C","S+PNA-Single"
"P14741","YKR026C","S+PNA-Single"
"P14742","YKL104C","S+PNA-Single"
"P14743","YLR195C","S+PNA-Single"
"P14904","YKL103C","S+PNA-Single"
"P14906","YOR254C","S+PNA-Single"
"P14907","YJL041W","S+PNA-Single"
"P14908","YMR228W","S+PNA-Single"
"P14922","YBR112C","S+PNA-Single"
"P15019","YLR354C","S+PNA-Single"
"P15179","YPL104W","S+PNA-Single"
"P15180","YDR037W","S+PNA-Single"
"P15274","YML035C","S+PNA-Single"
"P15303","YPR181C","S+PNA-Single"
"P15365","YJR152W","S+PNA-Single"
"P15367","YIR022W","S+PNA-Single"
"P15380","YOR348C","S+PNA-Single"
"P15424","YDR194C","S+PNA-Single"
"P15436","YDL102W","S+PNA-Single"
"P15442","YDR283C","S+PNA-Single"
"P15454","YDR454C","S+PNA-Single"
"P15496","YPL117C","S+PNA-Single"
"P15565","YDR120C","S+PNA-Single"
"P15624","YLR060W","S+PNA-Single"
"P15625","YFL022C","S+PNA-Single"
"P15646","YDL014W","S+PNA-Single"
"P15700","YKL024C","S+PNA-Single"
"P15703","YGR282C","S+PNA-Single"
"P15705","YOR027W","S+PNA-Single"
"P15801","YOR330C","S+PNA-Single"
"P15807","YBR213W","S+PNA-Single"
"P15873","YBR088C","S+PNA-Single"
"P15891","YCR088W","S+PNA-Single"
"P15938","YKR086W","S+PNA-Single"
"P16120","YCR053W","S+PNA-Single"
"P16140","YBR127C","S+PNA-Single"
"P16151","YDR414C","S+PNA-Single"
"P16370","YIL021W","S+PNA-Single"
"P16387","YER178W","S+PNA-Single"
"P16451","YGR193C","S+PNA-Single"
"P16474","YJL034W","S+PNA-Single"
"P16522","YHR166C","S+PNA-Single"
"P16603","YHR042W","S+PNA-Single"
"P16622","YOR176W","S+PNA-Single"
"P16639","YGL017W","S+PNA-Single"
"P16649","YCR084C","S+PNA-Single"
"P16658","YLR105C","S+PNA-Single"
"P16661","YBR110W","S+PNA-Single"
"P16664","YDR137W","S+PNA-Single"
"P17065","YNL272C","S+PNA-Single"
"P17106","YJR060W","S+PNA-Single"
"P17119","YPR141C","S+PNA-Single"
"P17157","YPL031C","S+PNA-Single"
"P17255","YDL185W","S+PNA-Single"
"P17261","YCR075C","S+PNA-Single"
"P17423","YHR025W","S+PNA-Single"
"P17442","YGR233C","S+PNA-Single"
"P17505","YKL085W","S+PNA-Single"
"P17555","YNL138W","S+PNA-Single"
"P17649","YGR019W","S+PNA-Single"
"P17883","YPR189W","S+PNA-Single"
"P17891","YGR167W","S+PNA-Single"
"P17967","YCL043C","S+PNA-Single"
"P18408","YPR167C","S+PNA-Single"
"P18409","YAL010C","S+PNA-Single"
"P18410","YAL009W","S+PNA-Single"
"P18412","YBR083W","S+PNA-Single"
"P18414","YBL040C","S+PNA-Single"
"P18480","YBR289W","S+PNA-Single"
"P18496","YLR393W","S+PNA-Single"
"P18544","YOL140W","S+PNA-Single"
"P18562","YHR128W","S+PNA-Single"
"P18759","YBR080C","S+PNA-Single"
"P18851","YOR212W","S+PNA-Single"
"P18852","YJR086W","S+PNA-Single"
"P18898","YGL155W","S+PNA-Single"
"P18900","YBR003W","S+PNA-Single"
"P18962","YHR028C","S+PNA-Single"
"P19073","YLR229C","S+PNA-Single"
"P19097","YPL231W","S+PNA-Single"
"P19262","YDR148C","S+PNA-Single"
"P19263","YLR071C","S+PNA-Single"
"P19414","YLR304C","S+PNA-Single"
"P19454","YOR061W","S+PNA-Single"
"P19516","YPL132W","S+PNA-Single"
"P19541","YPL133C","S+PNA-Single"
"P19658","YJL085W","S+PNA-Single"
"P19659","YOL051W","S+PNA-Single"
"P19735","YBR055C","S+PNA-Single"
"P19736","YDL030W","S+PNA-Single"
"P19807","YGL077C","S+PNA-Single"
"P19812","YGR184C","S+PNA-Single"
"P19881","YDL236W","S+PNA-Single"
"P19882","YLR259C","S+PNA-Single"
"P19955","YFR049W","S+PNA-Single"
"P19956","YMR225C","S+PNA-Single"
"P20048","YMR013C","S+PNA-Single"
"P20049","YBR166C","S+PNA-Single"
"P20050","YIL072W","S+PNA-Single"
"P20051","YLR420W","S+PNA-Single"
"P20052","YOL001W","S+PNA-Single"
"P20053","YPR178W","S+PNA-Single"
"P20084","YMR286W","S+PNA-Single"
"P20095","YNR011C","S+PNA-Single"
"P20133","YPR176C","S+PNA-Single"
"P20134","YOR140W","S+PNA-Single"
"P20424","YPR088C","S+PNA-Single"
"P20433","YJL140W","S+PNA-Single"
"P20434","YBR154C","S+PNA-Single"
"P20435","YPR187W","S+PNA-Single"
"P20436","YOR224C","S+PNA-Single"
"P20447","YGL078C","S+PNA-Single"
"P20448","YJL033W","S+PNA-Single"
"P20449","YOR046C","S+PNA-Single"
"P20457","YKL045W","S+PNA-Single"
"P20459","YJR007W","S+PNA-Single"
"P20484","YKL021C","S+PNA-Single"
"P20486","YBR135W","S+PNA-Single"
"P20604","YDL047W","S+PNA-Single"
"P20606","YPL218W","S+PNA-Single"
"P20795","YLR396C","S+PNA-Single"
"P20967","YIL125W","S+PNA-Single"
"P21147","YGL055W","S+PNA-Single"
"P21182","YOL052C","S+PNA-Single"
"P21242","YOR362C","S+PNA-Single"
"P21243","YGL011C","S+PNA-Single"
"P21264","YOR128C","S+PNA-Single"
"P21269","YER168C","S+PNA-Single"
"P21304","YLR196W","S+PNA-Single"
"P21339","YOR188W","S+PNA-Single"
"P21372","YBR237W","S+PNA-Single"
"P21374","YJR050W","S+PNA-Single"
"P21560","YPL215W","S+PNA-Single"
"P21576","YKR001C","S+PNA-Single"
"P21592","YPL172C","S+PNA-Single"
"P21595","YDR402C","S+PNA-Single"
"P21623","YDR403W","S+PNA-Single"
"P21657","YIR023W","S+PNA-Single"
"P21734","YDR177W","S+PNA-Single"
"P21771","YDR337W","S+PNA-Single"
"P21801","YLL041C","S+PNA-Single"
"P21825","YPL094C","S+PNA-Single"
"P21827","YGL097W","S+PNA-Single"
"P21951","YNL262W","S+PNA-Single"
"P21957","YHL020C","S+PNA-Single"
"P22007","YDL090C","S+PNA-Single"
"P22023","YOR336W","S+PNA-Single"
"P22035","YKR099W","S+PNA-Single"
"P22134","YER142C","S+PNA-Single"
"P22135","YJL180C","S+PNA-Single"
"P22137","YGL206C","S+PNA-Single"
"P22138","YPR010C","S+PNA-Single"
"P22139","YOR210W","S+PNA-Single"
"P22141","YER012W","S+PNA-Single"
"P22146","YMR307W","S+PNA-Single"
"P22147","YGL173C","S+PNA-Single"
"P22203","YOR332W","S+PNA-Single"
"P22209","YAR018C","S+PNA-Single"
"P22213","YDR189W","S+PNA-Single"
"P22214","YLR268W","S+PNA-Single"
"P22215","YOR307C","S+PNA-Single"
"P22219","YBR097W","S+PNA-Single"
"P22224","YGL233W","S+PNA-Single"
"P22276","YOR207C","S+PNA-Single"
"P22289","YGR183C","S+PNA-Single"
"P22336","YAR007C","S+PNA-Single"
"P22353","YJL063C","S+PNA-Single"
"P22354","YKR085C","S+PNA-Single"
"P22434","YGL248W","S+PNA-Single"
"P22438","YGR171C","S+PNA-Single"
"P22515","YKL210W","S+PNA-Single"
"P22516","YPL008W","S+PNA-Single"
"P22543","YLR240W","S+PNA-Single"
"P22579","YOL004W","S+PNA-Single"
"P22580","YDR242W","S+PNA-Single"
"P22696","YJR017C","S+PNA-Single"
"P22768","YOL058W","S+PNA-Single"
"P22804","YIL004C","S+PNA-Single"
"P22855","YGL156W","S+PNA-Single"
"P22936","YKL114C","S+PNA-Single"
"P22943","YFL014W","S+PNA-Single"
"P23060","YCR019W","S+PNA-Single"
"P23179","YHL022C","S+PNA-Single"
"P23180","YHL021C","S+PNA-Single"
"P23202","YNL229C","S+PNA-Single"
"P23255","YCR042C","S+PNA-Single"
"P23287","YLR433C","S+PNA-Single"
"P23293","YPR161C","S+PNA-Single"
"P23369","YGR076C","S+PNA-Single"
"P23394","YDR243C","S+PNA-Single"
"P23503","YNL240C","S+PNA-Single"
"P23542","YLR027C","S+PNA-Single"
"P23561","YLR362W","S+PNA-Single"
"P23615","YGR116W","S+PNA-Single"
"P23638","YGR135W","S+PNA-Single"
"P23639","YML092C","S+PNA-Single"
"P23641","YJR077C","S+PNA-Single"
"P23643","YDR495C","S+PNA-Single"
"P23644","YMR203W","S+PNA-Single"
"P23724","YBL041W","S+PNA-Single"
"P23748","YMR036C","S+PNA-Single"
"P23796","YMR283C","S+PNA-Single"
"P23797","YMR281W","S+PNA-Single"
"P23968","YHR026W","S+PNA-Single"
"P24004","YKL197C","S+PNA-Single"
"P24276","YDR293C","S+PNA-Single"
"P24279","YEL032W","S+PNA-Single"
"P24280","YMR079W","S+PNA-Single"
"P24309","YKL149C","S+PNA-Single"
"P24384","YER013W","S+PNA-Single"
"P24482","YPR175W","S+PNA-Single"
"P24521","YMR220W","S+PNA-Single"
"P24583","YBL105C","S+PNA-Single"
"P24719","YOR351C","S+PNA-Single"
"P24783","YNL112W","S+PNA-Single"
"P24814","YJR090C","S+PNA-Single"
"P24867","YNL289W","S+PNA-Single"
"P25037","YDL122W","S+PNA-Single"
"P25038","YOL023W","S+PNA-Single"
"P25039","YLR069C","S+PNA-Single"
"P25040","YOL022C","S+PNA-Single"
"P25042","YPR065W","S+PNA-Single"
"P25043","YOR157C","S+PNA-Single"
"P25044","YDL230W","S+PNA-Single"
"P25045","YMR296C","S+PNA-Single"
"P25046","YBL093C","S+PNA-Single"
"P25087","YML008C","S+PNA-Single"
"P25270","YOR201C","S+PNA-Single"
"P25293","YKR048C","S+PNA-Single"
"P25294","YNL007C","S+PNA-Single"
"P25296","YKL190W","S+PNA-Single"
"P25297","YML123C","S+PNA-Single"
"P25298","YMR061W","S+PNA-Single"
"P25299","YGL044C","S+PNA-Single"
"P25301","YDR004W","S+PNA-Single"
"P25303","YMR214W","S+PNA-Single"
"P25332","YCR036W","S+PNA-Single"
"P25333","YCR008W","S+PNA-Single"
"P25335","YIR029W","S+PNA-Single"
"P25336","YCR092C","S+PNA-Single"
"P25337","YCR063W","S+PNA-Single"
"P25338","YGL010W","S+PNA-Single"
"P25340","YGL012W","S+PNA-Single"
"P25342","YCR002C","S+PNA-Single"
"P25343","YCR009C","S+PNA-Single"
"P25344","YCL032W","S+PNA-Single"
"P25345","YCR024C","S+PNA-Single"
"P25346","YCR098C","S+PNA-Single"
"P25351","YCR023C","S+PNA-Single"
"P25356","YCR032W","S+PNA-Single"
"P25357","YCR033W","S+PNA-Single"
"P25358","YCR034W","S+PNA-Single"
"P25364","YCR065W","S+PNA-Single"
"P25368","YCL031C","S+PNA-Single"
"P25369","YCL034W","S+PNA-Single"
"P25371","YCR011C","S+PNA-Single"
"P25374","YCL017C","S+PNA-Single"
"P25378","YCR027C","S+PNA-Single"
"P25379","YCL064C","S+PNA-Single"
"P25382","YCR072C","S+PNA-Single"
"P25385","YLR078C","S+PNA-Single"
"P25386","YDL058W","S+PNA-Single"
"P25441","YDL150W","S+PNA-Single"
"P25443","YGL123W","S+PNA-Single"
"P25451","YER094C","S+PNA-Single"
"P25491","YNL064C","S+PNA-Single"
"P25502","YKL015W","S+PNA-Single"
"P25554","YCL010C","S+PNA-Single"
"P25559","YCL016C","S+PNA-Single"
"P25560","YCL001W","S+PNA-Single"
"P25566","YCL033C","S+PNA-Single"
"P25568","YCL038C","S+PNA-Single"
"P25569","YCL039W","S+PNA-Single"
"P25574","YCL045C","S+PNA-Single"
"P25576","YCL047C","S+PNA-Single"
"P25578","YCL004W","S+PNA-Single"
"P25580","YCL052C","S+PNA-Single"
"P25582","YCL054W","S+PNA-Single"
"P25586","YCL059C","S+PNA-Single"
"P25588","YCL061C","S+PNA-Single"
"P25604","YCL008C","S+PNA-Single"
"P25605","YCL009C","S+PNA-Single"
"P25615","YCR014C","S+PNA-Single"
"P25617","YCR016W","S+PNA-Single"
"P25618","YCR017C","S+PNA-Single"
"P25621","YCR028C","S+PNA-Single"
"P25623","YCR030C","S+PNA-Single"
"P25625","YCR044C","S+PNA-Single"
"P25626","YCR046C","S+PNA-Single"
"P25627","YCR047C","S+PNA-Single"
"P25631","YCR051W","S+PNA-Single"
"P25635","YCR057C","S+PNA-Single"
"P25637","YCR059C","S+PNA-Single"
"P25638","YCR060W","S+PNA-Single"
"P25639","YCR061W","S+PNA-Single"
"P25641","YCR068W","S+PNA-Single"
"P25642","YCR071C","S+PNA-Single"
"P25644","YCR077C","S+PNA-Single"
"P25646","YCR079W","S+PNA-Single"
"P25648","YCR081W","S+PNA-Single"
"P25654","YCR090C","S+PNA-Single"
"P25655","YCR093W","S+PNA-Single"
"P25694","YDL126C","S+PNA-Single"
"P25808","YFL002C","S+PNA-Single"
"P25846","YHR120W","S+PNA-Single"
"P25847","YOL090W","S+PNA-Single"
"P26188","YDL200C","S+PNA-Single"
"P26321","YPL131W","S+PNA-Single"
"P26343","YKR034W","S+PNA-Single"
"P26364","YER170W","S+PNA-Single"
"P26370","YDL170W","S+PNA-Single"
"P26448","YMR055C","S+PNA-Single"
"P26637","YPL160W","S+PNA-Single"
"P26754","YNL312W","S+PNA-Single"
"P26783","YJR123W","S+PNA-Single"
"P26793","YKL113C","S+PNA-Single"
"P27344","YBR278W","S+PNA-Single"
"P27476","YGR159C","S+PNA-Single"
"P27514","YNR013C","S+PNA-Single"
"P27515","YNR012W","S+PNA-Single"
"P27614","YJL172W","S+PNA-Single"
"P27616","YAR015W","S+PNA-Single"
"P27637","YAR014C","S+PNA-Single"
"P27680","YOL096C","S+PNA-Single"
"P27692","YML010W","S+PNA-Single"
"P27697","YGL119W","S+PNA-Single"
"P27796","YIL160C","S+PNA-Single"
"P27801","YLR148W","S+PNA-Single"
"P27825","YAL058W","S+PNA-Single"
"P27882","YGR029W","S+PNA-Single"
"P27929","YNL137C","S+PNA-Single"
"P27999","YGL070C","S+PNA-Single"
"P28000","YNL113W","S+PNA-Single"
"P28004","YAL032C","S+PNA-Single"
"P28005","YAL033W","S+PNA-Single"
"P28007","YHR089C","S+PNA-Single"
"P28241","YOR136W","S+PNA-Single"
"P28263","YEL012W","S+PNA-Single"
"P28272","YKL216W","S+PNA-Single"
"P28273","YKL215C","S+PNA-Single"
"P28320","YKL095W","S+PNA-Single"
"P28321","YKL094W","S+PNA-Single"
"P28495","YKL007W","S+PNA-Single"
"P28519","YMR201C","S+PNA-Single"
"P28584","YKR050W","S+PNA-Single"
"P28625","YMR152W","S+PNA-Single"
"P28627","YMR150C","S+PNA-Single"
"P28707","YKL117W","S+PNA-Single"
"P28708","YKL116C","S+PNA-Single"
"P28737","YGR028W","S+PNA-Single"
"P28742","YBL063W","S+PNA-Single"
"P28743","YPL155C","S+PNA-Single"
"P28777","YGL148W","S+PNA-Single"
"P28778","YKL003C","S+PNA-Single"
"P28789","YDL205C","S+PNA-Single"
"P28795","YDR329C","S+PNA-Single"
"P28817","YDR036C","S+PNA-Single"
"P28834","YNL037C","S+PNA-Single"
"P29029","YLR286C","S+PNA-Single"
"P29055","YPR086W","S+PNA-Single"
"P29056","YGR246C","S+PNA-Single"
"P29295","YPL204W","S+PNA-Single"
"P29340","YGR133W","S+PNA-Single"
"P29366","YBR200W","S+PNA-Single"
"P29465","YBR023C","S+PNA-Single"
"P29468","YKR002W","S+PNA-Single"
"P29469","YBL023C","S+PNA-Single"
"P29478","YML105C","S+PNA-Single"
"P29496","YLR274W","S+PNA-Single"
"P29703","YKL019W","S+PNA-Single"
"P29704","YHR190W","S+PNA-Single"
"P29952","YER003C","S+PNA-Single"
"P30619","YDR164C","S+PNA-Single"
"P30620","YMR137C","S+PNA-Single"
"P30656","YPR103W","S+PNA-Single"
"P30657","YFR050C","S+PNA-Single"
"P30665","YPR019W","S+PNA-Single"
"P30771","YMR080C","S+PNA-Single"
"P30775","YGL143C","S+PNA-Single"
"P30777","YGL142C","S+PNA-Single"
"P30822","YGR218W","S+PNA-Single"
"P30902","YKL016C","S+PNA-Single"
"P31115","YFL001W","S+PNA-Single"
"P31116","YJR139C","S+PNA-Single"
"P31244","YBR114W","S+PNA-Single"
"P31334","YGR220C","S+PNA-Single"
"P31373","YAL012W","S+PNA-Single"
"P31380","YAL019W","S+PNA-Single"
"P31381","YAL022C","S+PNA-Single"
"P31383","YAL016W","S+PNA-Single"
"P31384","YAL021C","S+PNA-Single"
"P31385","YAL013W","S+PNA-Single"
"P31386","YAL020C","S+PNA-Single"
"P31412","YKL080W","S+PNA-Single"
"P31539","YLL026W","S+PNA-Single"
"P31688","YDR074W","S+PNA-Single"
"P31787","YGR037C","S+PNA-Single"
"P32048","YNL073W","S+PNA-Single"
"P32074","YNL287W","S+PNA-Single"
"P32178","YPR060C","S+PNA-Single"
"P32179","YOL064C","S+PNA-Single"
"P32190","YHL032C","S+PNA-Single"
"P32191","YIL155C","S+PNA-Single"
"P32263","YER023W","S+PNA-Single"
"P32264","YDR300C","S+PNA-Single"
"P32266","YOR211C","S+PNA-Single"
"P32288","YPR035W","S+PNA-Single"
"P32316","YBL015W","S+PNA-Single"
"P32317","YEL052W","S+PNA-Single"
"P32318","YGR144W","S+PNA-Single"
"P32324","YOR133W, YDR385W","S+PNA-Single"
"P32325","YDR052C","S+PNA-Single"
"P32332","YKL120W","S+PNA-Single"
"P32333","YPL082C","S+PNA-Single"
"P32334","YGR014W","S+PNA-Single"
"P32335","YLR203C","S+PNA-Single"
"P32336","YOR373W","S+PNA-Single"
"P32337","YMR308C","S+PNA-Single"
"P32338","YGR044C","S+PNA-Single"
"P32339","YLR205C","S+PNA-Single"
"P32341","YKL119C","S+PNA-Single"
"P32345","YDR075W","S+PNA-Single"
"P32347","YDR047W","S+PNA-Single"
"P32349","YPR190C","S+PNA-Single"
"P32350","YLL019C","S+PNA-Single"
"P32351","YIL154C","S+PNA-Single"
"P32352","YMR202W","S+PNA-Single"
"P32353","YLR056W","S+PNA-Single"
"P32354","YIL150C","S+PNA-Single"
"P32361","YHR079C","S+PNA-Single"
"P32363","YPL175W","S+PNA-Single"
"P32366","YLR447C","S+PNA-Single"
"P32367","YBR123C","S+PNA-Single"
"P32368","YKL212W","S+PNA-Single"
"P32375","YIR027C","S+PNA-Single"
"P32377","YNR043W","S+PNA-Single"
"P32378","YNR041C","S+PNA-Single"
"P32379","YGR253C","S+PNA-Single"
"P32381","YDL029W","S+PNA-Single"
"P32383","YPL268W","S+PNA-Single"
"P32387","YDR405W","S+PNA-Single"
"P32388","YKL167C","S+PNA-Single"
"P32432","YLR403W","S+PNA-Single"
"P32445","YCR028C-A","S+PNA-Single"
"P32447","YJL115W","S+PNA-Single"
"P32451","YGR286C","S+PNA-Single"
"P32452","YNL316C","S+PNA-Single"
"P32453","YNL315C","S+PNA-Single"
"P32457","YLR314C","S+PNA-Single"
"P32458","YJR076C","S+PNA-Single"
"P32459","YIR032C","S+PNA-Single"
"P32460","YIR030C","S+PNA-Single"
"P32461","YKL191W","S+PNA-Single"
"P32462","YNL280C","S+PNA-Single"
"P32463","YKL192C","S+PNA-Single"
"P32464","YKL189W","S+PNA-Single"
"P32468","YHR107C","S+PNA-Single"
"P32469","YLR172C","S+PNA-Single"
"P32471","YAL003W","S+PNA-Single"
"P32472","YDR519W","S+PNA-Single"
"P32473","YBR221C","S+PNA-Single"
"P32476","YGR175C","S+PNA-Single"
"P32477","YJL101C","S+PNA-Single"
"P32481","YER025W","S+PNA-Single"
"P32485","YLR113W","S+PNA-Single"
"P32494","YDR176W","S+PNA-Single"
"P32495","YDL208W","S+PNA-Single"
"P32496","YFR052W","S+PNA-Single"
"P32497","YMR309C","S+PNA-Single"
"P32501","YDR211W","S+PNA-Single"
"P32502","YLR291C","S+PNA-Single"
"P32521","YIR006C","S+PNA-Single"
"P32523","YLL036C","S+PNA-Single"
"P32524","YJL203W","S+PNA-Single"
"P32527","YGR285C","S+PNA-Single"
"P32528","YBR208C","S+PNA-Single"
"P32529","YJR063W","S+PNA-Single"
"P32558","YGL207W","S+PNA-Single"
"P32559","YMR023C","S+PNA-Single"
"P32561","YNL330C","S+PNA-Single"
"P32562","YMR001C","S+PNA-Single"
"P32563","YOR270C","S+PNA-Single"
"P32565","YIL075C","S+PNA-Single"
"P32566","YGR229C","S+PNA-Single"
"P32567","YMR165C","S+PNA-Single"
"P32569","YER022W","S+PNA-Single"
"P32573","YNL202W","S+PNA-Single"
"P32579","YGL169W","S+PNA-Single"
"P32580","YPL029W","S+PNA-Single"
"P32581","YJL106W","S+PNA-Single"
"P32582","YGR155W","S+PNA-Single"
"P32583","YKR092C","S+PNA-Single"
"P32584","YDR410C","S+PNA-Single"
"P32588","YNL016W","S+PNA-Single"
"P32597","YIL126W","S+PNA-Single"
"P32598","YER133W","S+PNA-Single"
"P32599","YDR129C","S+PNA-Single"
"P32602","YBL050W","S+PNA-Single"
"P32606","YOR017W","S+PNA-Single"
"P32608","YGL252C","S+PNA-Single"
"P32609","YDR323C","S+PNA-Single"
"P32610","YEL051W","S+PNA-Single"
"P32611","YEL050C","S+PNA-Single"
"P32617","YEL044W","S+PNA-Single"
"P32621","YEL042W","S+PNA-Single"
"P32623","YEL040W","S+PNA-Single"
"P32626","YEL038W","S+PNA-Single"
"P32628","YEL037C","S+PNA-Single"
"P32629","YEL036C","S+PNA-Single"
"P32639","YER172C","S+PNA-Single"
"P32641","YER173W","S+PNA-Single"
"P32656","YER163C","S+PNA-Single"
"P32657","YER164W","S+PNA-Single"
"P32770","YDL167C","S+PNA-Single"
"P32771","YDL168W","S+PNA-Single"
"P32773","YOR194C","S+PNA-Single"
"P32774","YKL058W","S+PNA-Single"
"P32775","YEL011W","S+PNA-Single"
"P32776","YDR311W","S+PNA-Single"
"P32783","YBR236C","S+PNA-Single"
"P32785","YBL013W","S+PNA-Single"
"P32786","YBL014C","S+PNA-Single"
"P32787","YJR144W","S+PNA-Single"
"P32790","YBL007C","S+PNA-Single"
"P32794","YLR397C","S+PNA-Single"
"P32795","YPR024W","S+PNA-Single"
"P32796","YML042W","S+PNA-Single"
"P32799","YGL191W","S+PNA-Single"
"P32800","YJL210W","S+PNA-Single"
"P32803","YGL200C","S+PNA-Single"
"P32807","YMR284W","S+PNA-Single"
"P32829","YMR224C","S+PNA-Single"
"P32832","YMR091C","S+PNA-Single"
"P32833","YBR060C","S+PNA-Single"
"P32837","YDL210W","S+PNA-Single"
"P32838","YNR032W","S+PNA-Single"
"P32839","YDR375C","S+PNA-Single"
"P32843","YMR302C","S+PNA-Single"
"P32844","YIL068C","S+PNA-Single"
"P32849","YLR032W","S+PNA-Single"
"P32855","YPR055W","S+PNA-Single"
"P32860","YKL040C","S+PNA-Single"
"P32861","YKL035W","S+PNA-Single"
"P32863","YGL163C","S+PNA-Single"
"P32864","YOR370C","S+PNA-Single"
"P32873","YPL115C","S+PNA-Single"
"P32875","YOR196C","S+PNA-Single"
"P32891","YDL174C","S+PNA-Single"
"P32892","YLL008W","S+PNA-Single"
"P32895","YKL181W","S+PNA-Single"
"P32896","YDR081C","S+PNA-Single"
"P32897","YNR017W","S+PNA-Single"
"P32898","YDR430C","S+PNA-Single"
"P32899","YHR148W","S+PNA-Single"
"P32901","YKR093W","S+PNA-Single"
"P32902","YHL004W","S+PNA-Single"
"P32904","YHR147C","S+PNA-Single"
"P32906","YJR131W","S+PNA-Single"
"P32908","YFL008W","S+PNA-Single"
"P32910","YNR003C","S+PNA-Single"
"P32911","YNL244C","S+PNA-Single"
"P32912","YGL212W","S+PNA-Single"
"P32913","YOR132W","S+PNA-Single"
"P32914","YGR063C","S+PNA-Single"
"P32915","YLR378C","S+PNA-Single"
"P32916","YDR292C","S+PNA-Single"
"P32939","YML001W","S+PNA-Single"
"P32944","YJL187C","S+PNA-Single"
"P33201","YKL009W","S+PNA-Single"
"P33202","YKL010C","S+PNA-Single"
"P33203","YKL012W","S+PNA-Single"
"P33204","YKL013C","S+PNA-Single"
"P33296","YER100W","S+PNA-Single"
"P33297","YOR117W","S+PNA-Single"
"P33298","YDR394W","S+PNA-Single"
"P33299","YKL145W","S+PNA-Single"
"P33303","YJR095W","S+PNA-Single"
"P33307","YGL238W","S+PNA-Single"
"P33309","YNL001W","S+PNA-Single"
"P33310","YLR188W","S+PNA-Single"
"P33312","YBR153W","S+PNA-Single"
"P33313","YBR155W","S+PNA-Single"
"P33314","YKL092C","S+PNA-Single"
"P33317","YBR252W","S+PNA-Single"
"P33322","YLR175W","S+PNA-Single"
"P33327","YDL215C","S+PNA-Single"
"P33328","YOR327C","S+PNA-Single"
"P33330","YOR184W","S+PNA-Single"
"P33331","YER009W","S+PNA-Single"
"P33332","YER008C","S+PNA-Single"
"P33333","YDL052C","S+PNA-Single"
"P33334","YHR165C","S+PNA-Single"
"P33338","YNL243W","S+PNA-Single"
"P33339","YGR047C","S+PNA-Single"
"P33399","YDL051W","S+PNA-Single"
"P33400","YHL027W","S+PNA-Single"
"P33411","YGR006W","S+PNA-Single"
"P33412","YGR007W","S+PNA-Single"
"P33413","YHL016C","S+PNA-Single"
"P33416","YDR258C","S+PNA-Single"
"P33418","YKL205W","S+PNA-Single"
"P33734","YBR248C","S+PNA-Single"
"P33750","YLL011W","S+PNA-Single"
"P33751","YDR538W","S+PNA-Single"
"P33753","YKR056W","S+PNA-Single"
"P33754","YBR171W","S+PNA-Single"
"P33755","YBR170C","S+PNA-Single"
"P33759","YBR251W","S+PNA-Single"
"P33760","YNL329C","S+PNA-Single"
"P33767","YEL002C","S+PNA-Single"
"P33892","YGL195W","S+PNA-Single"
"P33893","YBL080C","S+PNA-Single"
"P33895","YOL069W","S+PNA-Single"
"P34077","YFR002W","S+PNA-Single"
"P34087","YDR404C","S+PNA-Single"
"P34110","YJL154C","S+PNA-Single"
"P34111","YAL001C","S+PNA-Single"
"P34160","YMR125W","S+PNA-Single"
"P34163","YKL140W","S+PNA-Single"
"P34216","YBL047C","S+PNA-Single"
"P34217","YBL051C","S+PNA-Single"
"P34220","YBL055C","S+PNA-Single"
"P34222","YBL057C","S+PNA-Single"
"P34223","YBL058W","S+PNA-Single"
"P34225","YBL060W","S+PNA-Single"
"P34227","YBL064C","S+PNA-Single"
"P34237","YKL179C","S+PNA-Single"
"P34240","YKL175W","S+PNA-Single"
"P34241","YKL014C","S+PNA-Single"
"P34243","YKL017C","S+PNA-Single"
"P34246","YKL098W","S+PNA-Single"
"P34247","YKL099C","S+PNA-Single"
"P34248","YKL100C","S+PNA-Single"
"P34251","YKL107W","S+PNA-Single"
"P34252","YKL108W","S+PNA-Single"
"P34253","YKL110C","S+PNA-Single"
"P34756","YFR019W","S+PNA-Single"
"P34909","YER068W","S+PNA-Single"
"P35127","YJR099W","S+PNA-Single"
"P35177","YBR081C","S+PNA-Single"
"P35178","YDR087C","S+PNA-Single"
"P35179","YDR086C","S+PNA-Single"
"P35180","YGR082W","S+PNA-Single"
"P35181","YLR170C","S+PNA-Single"
"P35182","YDL006W","S+PNA-Single"
"P35184","YIR012W","S+PNA-Single"
"P35187","YMR190C","S+PNA-Single"
"P35189","YPL129W","S+PNA-Single"
"P35190","YGL215W","S+PNA-Single"
"P35191","YFL016C","S+PNA-Single"
"P35194","YBL004W","S+PNA-Single"
"P35195","YBL001C","S+PNA-Single"
"P35196","YBR002C","S+PNA-Single"
"P35197","YDL226C","S+PNA-Single"
"P35201","YKL089W","S+PNA-Single"
"P35202","YOR143C","S+PNA-Single"
"P35207","YLR398C","S+PNA-Single"
"P35208","YJL127C","S+PNA-Single"
"P35688","YDL240W","S+PNA-Single"
"P35691","YKL056C","S+PNA-Single"
"P35718","YKL144C","S+PNA-Single"
"P35728","YKL059C","S+PNA-Single"
"P35731","YKL055C","S+PNA-Single"
"P35732","YKL054C","S+PNA-Single"
"P35734","YKL052C","S+PNA-Single"
"P35735","YKL051W","S+PNA-Single"
"P35996","YKL170W","S+PNA-Single"
"P35999","YKL134C","S+PNA-Single"
"P36007","YKL218C","S+PNA-Single"
"P36009","YKL078W","S+PNA-Single"
"P36010","YKL067W","S+PNA-Single"
"P36013","YKL029C","S+PNA-Single"
"P36015","YKL196C","S+PNA-Single"
"P36016","YKL073W","S+PNA-Single"
"P36017","YOR089C","S+PNA-Single"
"P36022","YKR054C","S+PNA-Single"
"P36023","YKR064W","S+PNA-Single"
"P36029","YKL174C","S+PNA-Single"
"P36032","YKL221W","S+PNA-Single"
"P36035","YKL217W","S+PNA-Single"
"P36037","YKL213C","S+PNA-Single"
"P36039","YKL207W","S+PNA-Single"
"P36046","YKL195W","S+PNA-Single"
"P36047","YKL193C","S+PNA-Single"
"P36049","YKL172W","S+PNA-Single"
"P36051","YKL165C","S+PNA-Single"
"P36052","YKL162C","S+PNA-Single"
"P36053","YKL160W","S+PNA-Single"
"P36056","YKL155C","S+PNA-Single"
"P36057","YKL154W","S+PNA-Single"
"P36059","YKL151C","S+PNA-Single"
"P36060","YKL150W","S+PNA-Single"
"P36062","YKL146W","S+PNA-Single"
"P36069","YKL128C","S+PNA-Single"
"P36070","YKL125W","S+PNA-Single"
"P36077","YKL086W","S+PNA-Single"
"P36078","YKL084W","S+PNA-Single"
"P36080","YKL082C","S+PNA-Single"
"P36086","YKL071W","S+PNA-Single"
"P36087","YKL070W","S+PNA-Single"
"P36088","YKL069W","S+PNA-Single"
"P36090","YKL047W","S+PNA-Single"
"P36093","YKL043W","S+PNA-Single"
"P36095","YKL041W","S+PNA-Single"
"P36096","YKL034W","S+PNA-Single"
"P36097","YKL033W","S+PNA-Single"
"P36100","YKL028W","S+PNA-Single"
"P36101","YKL027W","S+PNA-Single"
"P36102","YKL025C","S+PNA-Single"
"P36104","YKL018W","S+PNA-Single"
"P36107","YKL004W","S+PNA-Single"
"P36108","YKL002W","S+PNA-Single"
"P36112","YKR016W","S+PNA-Single"
"P36113","YKR017C","S+PNA-Single"
"P36119","YKR023W","S+PNA-Single"
"P36120","YKR024C","S+PNA-Single"
"P36121","YKR025W","S+PNA-Single"
"P36125","YKR030W","S+PNA-Single"
"P36126","YKR031C","S+PNA-Single"
"P36132","YKR038C","S+PNA-Single"
"P36136","YKR043C","S+PNA-Single"
"P36142","YKR051W","S+PNA-Single"
"P36144","YKR060W","S+PNA-Single"
"P36145","YKR062W","S+PNA-Single"
"P36146","YKR063C","S+PNA-Single"
"P36147","YKR065C","S+PNA-Single"
"P36149","YKR068C","S+PNA-Single"
"P36150","YKR069W","S+PNA-Single"
"P36151","YKR070W","S+PNA-Single"
"P36152","YKR071C","S+PNA-Single"
"P36154","YKR074W","S+PNA-Single"
"P36159","YKR079C","S+PNA-Single"
"P36160","YKR081C","S+PNA-Single"
"P36161","YKR082W","S+PNA-Single"
"P36163","YKR087C","S+PNA-Single"
"P36164","YKR088C","S+PNA-Single"
"P36166","YKR090W","S+PNA-Single"
"P36224","YMR294W","S+PNA-Single"
"P36421","YGR185C","S+PNA-Single"
"P36516","YMR024W","S+PNA-Single"
"P36517","YLR439W","S+PNA-Single"
"P36519","YDR237W","S+PNA-Single"
"P36520","YNL284C","S+PNA-Single"
"P36523","YLR312W-A","S+PNA-Single"
"P36525","YMR193W","S+PNA-Single"
"P36526","YBR282W","S+PNA-Single"
"P36527","YDR462W","S+PNA-Single"
"P36528","YNL252C","S+PNA-Single"
"P36532","YBR268W","S+PNA-Single"
"P36533","YML009C","S+PNA-Single"
"P36775","YBL022C","S+PNA-Single"
"P37020","YJR040W","S+PNA-Single"
"P37254","YNR033W","S+PNA-Single"
"P37263","YCR087C-A","S+PNA-Single"
"P37267","YGR174C","S+PNA-Single"
"P37293","YGR147C","S+PNA-Single"
"P37297","YLR305C","S+PNA-Single"
"P37302","YBR286W","S+PNA-Single"
"P37303","YEL046C","S+PNA-Single"
"P37366","YPR025C","S+PNA-Single"
"P37370","YLR337C","S+PNA-Single"
"P37838","YPL043W","S+PNA-Single"
"P38011","YMR116C","S+PNA-Single"
"P38013","YLR109W","S+PNA-Single"
"P38042","YBL084C","S+PNA-Single"
"P38061","YBL092W","S+PNA-Single"
"P38064","YBL038W","S+PNA-Single"
"P38065","YBL037W","S+PNA-Single"
"P38066","YBL033C","S+PNA-Single"
"P38067","YBR006W","S+PNA-Single"
"P38070","YBR028C","S+PNA-Single"
"P38071","YBR026C","S+PNA-Single"
"P38074","YBR034C","S+PNA-Single"
"P38075","YBR035C","S+PNA-Single"
"P38077","YBR039W","S+PNA-Single"
"P38081","YBR056W","S+PNA-Single"
"P38086","YBR073W","S+PNA-Single"
"P38088","YBR121C","S+PNA-Single"
"P38090","YBR132C","S+PNA-Single"
"P38110","YBL088C","S+PNA-Single"
"P38111","YBR136W","S+PNA-Single"
"P38112","YBR142W","S+PNA-Single"
"P38116","YBR164C","S+PNA-Single"
"P38120","YBR146W","S+PNA-Single"
"P38121","YBL035C","S+PNA-Single"
"P38122","YBR176W","S+PNA-Single"
"P38124","YBR008C","S+PNA-Single"
"P38126","YBR186W","S+PNA-Single"
"P38127","YBR192W","S+PNA-Single"
"P38129","YBR198C","S+PNA-Single"
"P38131","YBR199W","S+PNA-Single"
"P38132","YBR202W","S+PNA-Single"
"P38137","YBR222C","S+PNA-Single"
"P38138","YBR229C","S+PNA-Single"
"P38140","YBR239C","S+PNA-Single"
"P38141","YBR240C","S+PNA-Single"
"P38145","YBR256C","S+PNA-Single"
"P38147","YBR274W","S+PNA-Single"
"P38148","YBR276C","S+PNA-Single"
"P38149","YBR281C","S+PNA-Single"
"P38151","YBR233W","S+PNA-Single"
"P38152","YBR291C","S+PNA-Single"
"P38162","YBL107C","S+PNA-Single"
"P38164","YBL104C","S+PNA-Single"
"P38166","YBL102W","S+PNA-Single"
"P38169","YBL098W","S+PNA-Single"
"P38170","YBL097W","S+PNA-Single"
"P38174","YBL091C","S+PNA-Single"
"P38175","YBL090W","S+PNA-Single"
"P38177","YBL086C","S+PNA-Single"
"P38179","YBL082C","S+PNA-Single"
"P38182","YBL078C","S+PNA-Single"
"P38191","YBL049W","S+PNA-Single"
"P38197","YBL036C","S+PNA-Single"
"P38198","YBL034C","S+PNA-Single"
"P38202","YBL028C","S+PNA-Single"
"P38203","YBL026W","S+PNA-Single"
"P38205","YBL024W","S+PNA-Single"
"P38206","YBL020W","S+PNA-Single"
"P38207","YBL019W","S+PNA-Single"
"P38211","YBR004C","S+PNA-Single"
"P38213","YBR007C","S+PNA-Single"
"P38217","YBR017C","S+PNA-Single"
"P38218","YBR022W","S+PNA-Single"
"P38219","YBR025C","S+PNA-Single"
"P38221","YBR029C","S+PNA-Single"
"P38225","YBR041W","S+PNA-Single"
"P38227","YBR043C","S+PNA-Single"
"P38230","YBR046C","S+PNA-Single"
"P38235","YBR053C","S+PNA-Single"
"P38237","YBR058C","S+PNA-Single"
"P38238","YBR061C","S+PNA-Single"
"P38239","YBR062C","S+PNA-Single"
"P38241","YBR065C","S+PNA-Single"
"P38242","YBR070C","S+PNA-Single"
"P38244","YBR074W","S+PNA-Single"
"P38249","YBR079C","S+PNA-Single"
"P38250","YBR086C","S+PNA-Single"
"P38251","YBR087W","S+PNA-Single"
"P38254","YBR094W","S+PNA-Single"
"P38256","YBR096W","S+PNA-Single"
"P38260","YBR101C","S+PNA-Single"
"P38261","YBR102C","S+PNA-Single"
"P38262","YBR103W","S+PNA-Single"
"P38264","YBR106W","S+PNA-Single"
"P38274","YBR133C","S+PNA-Single"
"P38276","YBR137W","S+PNA-Single"
"P38278","YBR141C","S+PNA-Single"
"P38281","YBR151W","S+PNA-Single"
"P38283","YBR156C","S+PNA-Single"
"P38286","YBR159W","S+PNA-Single"
"P38288","YBR162C","S+PNA-Single"
"P38289","YBR163W","S+PNA-Single"
"P38291","YBR167C","S+PNA-Single"
"P38292","YBR168W","S+PNA-Single"
"P38293","YBR173C","S+PNA-Single"
"P38297","YBR179C","S+PNA-Single"
"P38301","YBR187W","S+PNA-Single"
"P38304","YBR193C","S+PNA-Single"
"P38307","YBR201W","S+PNA-Single"
"P38316","YBR217W","S+PNA-Single"
"P38318","YBR220C","S+PNA-Single"
"P38319","YBR223C","S+PNA-Single"
"P38323","YBR227C","S+PNA-Single"
"P38324","YBR228W","S+PNA-Single"
"P38328","YBR234C","S+PNA-Single"
"P38329","YBR235W","S+PNA-Single"
"P38332","YBR246W","S+PNA-Single"
"P38333","YBR247C","S+PNA-Single"
"P38334","YBR254C","S+PNA-Single"
"P38336","YBR257W","S+PNA-Single"
"P38339","YBR260C","S+PNA-Single"
"P38340","YBR261C","S+PNA-Single"
"P38342","YBR265W","S+PNA-Single"
"P38345","YBR269C","S+PNA-Single"
"P38347","YBR271W","S+PNA-Single"
"P38351","YBR279W","S+PNA-Single"
"P38352","YBR280C","S+PNA-Single"
"P38355","YBR287W","S+PNA-Single"
"P38356","YBR290W","S+PNA-Single"
"P38358","YBR293W","S+PNA-Single"
"P38360","YBR295W","S+PNA-Single"
"P38361","YBR296C","S+PNA-Single"
"P38430","YMR262W","S+PNA-Single"
"P38431","YPR041W","S+PNA-Single"
"P38439","YOR123C","S+PNA-Single"
"P38523","YOR232W","S+PNA-Single"
"P38604","YHR072W","S+PNA-Single"
"P38615","YMR139W","S+PNA-Single"
"P38623","YLR248W","S+PNA-Single"
"P38624","YJL001W","S+PNA-Single"
"P38625","YMR217W","S+PNA-Single"
"P38626","YIL043C","S+PNA-Single"
"P38628","YEL058W","S+PNA-Single"
"P38629","YNL290W","S+PNA-Single"
"P38630","YOR217W","S+PNA-Single"
"P38632","YEL019C","S+PNA-Single"
"P38633","YGL127C","S+PNA-Single"
"P38635","YFR025C","S+PNA-Single"
"P38636","YNL259C","S+PNA-Single"
"P38637","YIR011C","S+PNA-Single"
"P38682","YER122C","S+PNA-Single"
"P38687","YPL243W","S+PNA-Single"
"P38688","YPL210C","S+PNA-Single"
"P38691","YHR082C","S+PNA-Single"
"P38694","YHR039C","S+PNA-Single"
"P38698","YHR201C","S+PNA-Single"
"P38699","YHR178W","S+PNA-Single"
"P38701","YHL015W","S+PNA-Single"
"P38702","YHR002W","S+PNA-Single"
"P38705","YHR011W","S+PNA-Single"
"P38707","YHR019C","S+PNA-Single"
"P38708","YHR020W","S+PNA-Single"
"P38712","YHR065C","S+PNA-Single"
"P38713","YHR073W","S+PNA-Single"
"P38715","YHR104W","S+PNA-Single"
"P38716","YHR112C","S+PNA-Single"
"P38719","YHR169W","S+PNA-Single"
"P38736","YHL031C","S+PNA-Single"
"P38737","YHL030W","S+PNA-Single"
"P38740","YHL026C","S+PNA-Single"
"P38741","YHL024W","S+PNA-Single"
"P38742","YHL023C","S+PNA-Single"
"P38747","YHL013C","S+PNA-Single"
"P38748","YHL010C","S+PNA-Single"
"P38750","YHL008C","S+PNA-Single"
"P38753","YHL002W","S+PNA-Single"
"P38757","YHR004C","S+PNA-Single"
"P38758","YHR009C","S+PNA-Single"
"P38759","YHR012W","S+PNA-Single"
"P38764","YHR027C","S+PNA-Single"
"P38765","YHR029C","S+PNA-Single"
"P38771","YHR038W","S+PNA-Single"
"P38772","YHR040W","S+PNA-Single"
"P38775","YHR045W","S+PNA-Single"
"P38776","YHR048W","S+PNA-Single"
"P38782","YHR058C","S+PNA-Single"
"P38786","YHR062C","S+PNA-Single"
"P38787","YHR063C","S+PNA-Single"
"P38788","YHR064C","S+PNA-Single"
"P38790","YHR067W","S+PNA-Single"
"P38791","YHR068W","S+PNA-Single"
"P38792","YHR069C","S+PNA-Single"
"P38793","YHR070W","S+PNA-Single"
"P38794","YHR071W","S+PNA-Single"
"P38795","YHR074W","S+PNA-Single"
"P38796","YHR075C","S+PNA-Single"
"P38797","YHR076W","S+PNA-Single"
"P38798","YHR077C","S+PNA-Single"
"P38803","YHR085W","S+PNA-Single"
"P38804","YHR087W","S+PNA-Single"
"P38805","YHR088W","S+PNA-Single"
"P38810","YHR098C","S+PNA-Single"
"P38811","YHR099W","S+PNA-Single"
"P38812","YHR100C","S+PNA-Single"
"P38820","YHR111W","S+PNA-Single"
"P38821","YHR113W","S+PNA-Single"
"P38822","YHR114W","S+PNA-Single"
"P38827","YHR119W","S+PNA-Single"
"P38828","YHR121W","S+PNA-Single"
"P38829","YHR122W","S+PNA-Single"
"P38830","YHR124W","S+PNA-Single"
"P38836","YHR132C","S+PNA-Single"
"P38838","YHR134W","S+PNA-Single"
"P38841","YHR138C","S+PNA-Single"
"P38843","YHR142W","S+PNA-Single"
"P38849","YHR151C","S+PNA-Single"
"P38850","YHR154W","S+PNA-Single"
"P38852","YHR156C","S+PNA-Single"
"P38859","YHR164C","S+PNA-Single"
"P38860","YHR168W","S+PNA-Single"
"P38861","YHR170W","S+PNA-Single"
"P38862","YHR171W","S+PNA-Single"
"P38863","YHR172W","S+PNA-Single"
"P38865","YHR175W","S+PNA-Single"
"P38866","YHR176W","S+PNA-Single"
"P38869","YHR181W","S+PNA-Single"
"P38873","YHR186C","S+PNA-Single"
"P38874","YHR187W","S+PNA-Single"
"P38875","YHR188C","S+PNA-Single"
"P38876","YHR189W","S+PNA-Single"
"P38877","YHR191C","S+PNA-Single"
"P38879","YHR193C","S+PNA-Single"
"P38880","YHR194W","S+PNA-Single"
"P38886","YHR200W","S+PNA-Single"
"P38887","YHR202W","S+PNA-Single"
"P38888","YHR204W","S+PNA-Single"
"P38889","YHR206W","S+PNA-Single"
"P38890","YHR207C","S+PNA-Single"
"P38902","YOL005C","S+PNA-Single"
"P38903","YOR014W","S+PNA-Single"
"P38907","YDR254W","S+PNA-Single"
"P38909","YOR037W","S+PNA-Single"
"P38910","YOR020C","S+PNA-Single"
"P38912","YMR260C","S+PNA-Single"
"P38913","YDL045C","S+PNA-Single"
"P38915","YLR055C","S+PNA-Single"
"P38920","YMR167W","S+PNA-Single"
"P38921","YNL003C","S+PNA-Single"
"P38928","YIL140W","S+PNA-Single"
"P38929","YGL006W","S+PNA-Single"
"P38930","YOR039W","S+PNA-Single"
"P38932","YGL095C","S+PNA-Single"
"P38934","YOR198C","S+PNA-Single"
"P38953","YDR076W","S+PNA-Single"
"P38958","YDR079W","S+PNA-Single"
"P38959","YDR080W","S+PNA-Single"
"P38961","YDR083W","S+PNA-Single"
"P38962","YDR084C","S+PNA-Single"
"P38966","YDR089W","S+PNA-Single"
"P38968","YDL195W","S+PNA-Single"
"P38972","YGR061C","S+PNA-Single"
"P38987","YML064C","S+PNA-Single"
"P38988","YDL198C","S+PNA-Single"
"P38989","YFR031C","S+PNA-Single"
"P38991","YPL209C","S+PNA-Single"
"P38992","YDR297W","S+PNA-Single"
"P38994","YDR208W","S+PNA-Single"
"P38995","YDR270W","S+PNA-Single"
"P38996","YPL190C","S+PNA-Single"
"P38998","YIR034C","S+PNA-Single"
"P38999","YNR050C","S+PNA-Single"
"P39006","YNL169C","S+PNA-Single"
"P39007","YGL022W","S+PNA-Single"
"P39008","YNR052C","S+PNA-Single"
"P39012","YLR088W","S+PNA-Single"
"P39013","YNL084C","S+PNA-Single"
"P39014","YIL046W","S+PNA-Single"
"P39015","YLR150W","S+PNA-Single"
"P39073","YPL042C","S+PNA-Single"
"P39076","YIL142W","S+PNA-Single"
"P39077","YJL014W","S+PNA-Single"
"P39078","YDL143W","S+PNA-Single"
"P39079","YDR188W","S+PNA-Single"
"P39081","YDR228C","S+PNA-Single"
"P39104","YNL267W","S+PNA-Single"
"P39107","YPL050C","S+PNA-Single"
"P39108","YDR142C","S+PNA-Single"
"P39109","YDR135C","S+PNA-Single"
"P39111","YGR020C","S+PNA-Single"
"P39112","YMR287C","S+PNA-Single"
"P39113","YMR280C","S+PNA-Single"
"P39515","YJL143W","S+PNA-Single"
"P39517","YDL160C","S+PNA-Single"
"P39518","YER015W","S+PNA-Single"
"P39522","YJR016C","S+PNA-Single"
"P39524","YAL026C","S+PNA-Single"
"P39525","YER061C","S+PNA-Single"
"P39526","YJL207C","S+PNA-Single"
"P39531","YJL204C","S+PNA-Single"
"P39533","YJL200C","S+PNA-Single"
"P39538","YJL197W","S+PNA-Single"
"P39676","YGR234W","S+PNA-Single"
"P39677","YJL102W","S+PNA-Single"
"P39682","YML046W","S+PNA-Single"
"P39683","YOR209C","S+PNA-Single"
"P39685","YMR129W","S+PNA-Single"
"P39692","YFR030W","S+PNA-Single"
"P39702","YAL002W","S+PNA-Single"
"P39706","YAR003W","S+PNA-Single"
"P39707","YAR008W","S+PNA-Single"
"P39709","YAL067C","S+PNA-Single"
"P39721","YAL049C","S+PNA-Single"
"P39722","YAL048C","S+PNA-Single"
"P39724","YAL046C","S+PNA-Single"
"P39726","YAL044C","S+PNA-Single"
"P39727","YAL042W","S+PNA-Single"
"P39729","YAL036C","S+PNA-Single"
"P39730","YAL035W","S+PNA-Single"
"P39731","YAL034W-A","S+PNA-Single"
"P39743","YDR388W","S+PNA-Single"
"P39744","YOR206W","S+PNA-Single"
"P39904","YDR484W","S+PNA-Single"
"P39923","YEL062W","S+PNA-Single"
"P39928","YIL147C","S+PNA-Single"
"P39929","YLR025W","S+PNA-Single"
"P39931","YLR250W","S+PNA-Single"
"P39932","YDR536W","S+PNA-Single"
"P39937","YER007W","S+PNA-Single"
"P39940","YER125W","S+PNA-Single"
"P39952","YER154W","S+PNA-Single"
"P39954","YER043C","S+PNA-Single"
"P39956","YER169W","S+PNA-Single"
"P39958","YER136W","S+PNA-Single"
"P39959","YER130C","S+PNA-Single"
"P39965","YER087W","S+PNA-Single"
"P39968","YEL013W","S+PNA-Single"
"P39981","YEL064C","S+PNA-Single"
"P39985","YEL055C","S+PNA-Single"
"P39986","YEL031W","S+PNA-Single"
"P39990","YEL026W","S+PNA-Single"
"P39992","YEL023C","S+PNA-Single"
"P39994","YEL020C","S+PNA-Single"
"P39998","YEL015W","S+PNA-Single"
"P40004","YEL004W","S+PNA-Single"
"P40005","YEL003W","S+PNA-Single"
"P40007","YER002W","S+PNA-Single"
"P40008","YER004W","S+PNA-Single"
"P40009","YER005W","S+PNA-Single"
"P40010","YER006W","S+PNA-Single"
"P40011","YER010C","S+PNA-Single"
"P40012","YER014W","S+PNA-Single"
"P40013","YER016W","S+PNA-Single"
"P40015","YER019W","S+PNA-Single"
"P40016","YER021W","S+PNA-Single"
"P40018","YER029C","S+PNA-Single"
"P40024","YER036C","S+PNA-Single"
"P40029","YER042W","S+PNA-Single"
"P40030","YER044C","S+PNA-Single"
"P40031","YER046W","S+PNA-Single"
"P40032","YER049W","S+PNA-Single"
"P40033","YER050C","S+PNA-Single"
"P40034","YER051W","S+PNA-Single"
"P40035","YER053C","S+PNA-Single"
"P40046","YER072W","S+PNA-Single"
"P40049","YER076C","S+PNA-Single"
"P40051","YER078C","S+PNA-Single"
"P40053","YER080W","S+PNA-Single"
"P40055","YER082C","S+PNA-Single"
"P40061","YER093C","S+PNA-Single"
"P40066","YER107C","S+PNA-Single"
"P40069","YER110C","S+PNA-Single"
"P40070","YER112W","S+PNA-Single"
"P40073","YER118C","S+PNA-Single"
"P40078","YER126C","S+PNA-Single"
"P40079","YER127W","S+PNA-Single"
"P40081","YER134C","S+PNA-Single"
"P40085","YER140W","S+PNA-Single"
"P40086","YER141W","S+PNA-Single"
"P40087","YER143W","S+PNA-Single"
"P40088","YER145C","S+PNA-Single"
"P40089","YER146W","S+PNA-Single"
"P40093","YER156C","S+PNA-Single"
"P40094","YER157W","S+PNA-Single"
"P40096","YER159C","S+PNA-Single"
"P40099","YER183C","S+PNA-Single"
"P40107","YGL225W","S+PNA-Single"
"P40151","YNL218W","S+PNA-Single"
"P40152","YNL217W","S+PNA-Single"
"P40156","YNL213C","S+PNA-Single"
"P40157","YNL212W","S+PNA-Single"
"P40160","YNL207W","S+PNA-Single"
"P40161","YNL206C","S+PNA-Single"
"P40164","YNL201C","S+PNA-Single"
"P40165","YNL200C","S+PNA-Single"
"P40202","YMR038C","S+PNA-Single"
"P40204","YFL017W-A","S+PNA-Single"
"P40206","YMR132C","S+PNA-Single"
"P40208","YMR135C","S+PNA-Single"
"P40210","YMR140W","S+PNA-Single"
"P40217","YMR146C","S+PNA-Single"
"P40302","YMR314W","S+PNA-Single"
"P40303","YOL038W","S+PNA-Single"
"P40309","YJL094C","S+PNA-Single"
"P40310","YJL093C","S+PNA-Single"
"P40312","YNL111C","S+PNA-Single"
"P40317","YDR006C","S+PNA-Single"
"P40318","YIL030C","S+PNA-Single"
"P40325","YGR268C","S+PNA-Single"
"P40327","YDL007W","S+PNA-Single"
"P40335","YJL053W","S+PNA-Single"
"P40339","YOL094C","S+PNA-Single"
"P40340","YGR270W","S+PNA-Single"
"P40343","YNR006W","S+PNA-Single"
"P40344","YNR007C","S+PNA-Single"
"P40345","YNR008W","S+PNA-Single"
"P40347","YPR073C","S+PNA-Single"
"P40348","YJR068W","S+PNA-Single"
"P40350","YPL227C","S+PNA-Single"
"P40351","YOR067C","S+PNA-Single"
"P40352","YJR035W","S+PNA-Single"
"P40354","YJR062C","S+PNA-Single"
"P40357","YGR009C","S+PNA-Single"
"P40359","YJL072C","S+PNA-Single"
"P40360","YJL071W","S+PNA-Single"
"P40362","YJL069C","S+PNA-Single"
"P40363","YJL068C","S+PNA-Single"
"P40367","YJL062W","S+PNA-Single"
"P40413","YJR064W","S+PNA-Single"
"P40416","YMR301C","S+PNA-Single"
"P40422","YHR143W-A","S+PNA-Single"
"P40433","YIL107C","S+PNA-Single"
"P40445","YIL166C","S+PNA-Single"
"P40447","YIL164C","S+PNA-Single"
"P40452","YIL157C","S+PNA-Single"
"P40454","YIL153W","S+PNA-Single"
"P40459","YIL145C","S+PNA-Single"
"P40460","YIL144W","S+PNA-Single"
"P40464","YIL134W","S+PNA-Single"
"P40468","YIL129C","S+PNA-Single"
"P40469","YIL128W","S+PNA-Single"
"P40471","YIL124W","S+PNA-Single"
"P40481","YIL110W","S+PNA-Single"
"P40483","YIL108W","S+PNA-Single"
"P40484","YIL106W","S+PNA-Single"
"P40486","YIL104C","S+PNA-Single"
"P40487","YIL103W","S+PNA-Single"
"P40489","YIL101C","S+PNA-Single"
"P40491","YIL098C","S+PNA-Single"
"P40492","YIL097W","S+PNA-Single"
"P40493","YIL096C","S+PNA-Single"
"P40495","YIL094C","S+PNA-Single"
"P40496","YIL093C","S+PNA-Single"
"P40498","YIL091C","S+PNA-Single"
"P40499","YIL090W","S+PNA-Single"
"P40505","YIL084C","S+PNA-Single"
"P40506","YIL083C","S+PNA-Single"
"P40509","YIL076W","S+PNA-Single"
"P40513","YIL070C","S+PNA-Single"
"P40514","YIL067C","S+PNA-Single"
"P40515","YIL065C","S+PNA-Single"
"P40516","YIL064W","S+PNA-Single"
"P40517","YIL063C","S+PNA-Single"
"P40518","YIL062C","S+PNA-Single"
"P40526","YIL049W","S+PNA-Single"
"P40527","YIL048W","S+PNA-Single"
"P40528","YIL047C","S+PNA-Single"
"P40529","YIL044C","S+PNA-Single"
"P40530","YIL042C","S+PNA-Single"
"P40531","YIL041W","S+PNA-Single"
"P40533","YIL039W","S+PNA-Single"
"P40537","YIL031W","S+PNA-Single"
"P40541","YIL026C","S+PNA-Single"
"P40544","YIL023C","S+PNA-Single"
"P40545","YIL020C","S+PNA-Single"
"P40547","YIL017C","S+PNA-Single"
"P40553","YIL010W","S+PNA-Single"
"P40554","YIL008W","S+PNA-Single"
"P40555","YIL007C","S+PNA-Single"
"P40558","YIL003W","S+PNA-Single"
"P40560","YIL001W","S+PNA-Single"
"P40561","YIR001C","S+PNA-Single"
"P40562","YIR002C","S+PNA-Single"
"P40564","YIR004W","S+PNA-Single"
"P40565","YIR005W","S+PNA-Single"
"P40566","YIR007W","S+PNA-Single"
"P40567","YIR009W","S+PNA-Single"
"P40571","YIR015W","S+PNA-Single"
"P40582","YIR038C","S+PNA-Single"
"P40586","YIR042C","S+PNA-Single"
"P40825","YOR335C","S+PNA-Single"
"P40850","YNL085W","S+PNA-Single"
"P40857","YJL097W","S+PNA-Single"
"P40858","YJL096W","S+PNA-Single"
"P40892","YJL218W","S+PNA-Single"
"P40896","YJL213W","S+PNA-Single"
"P40897","YJL212C","S+PNA-Single"
"P40917","YOR028C","S+PNA-Single"
"P40957","YGL086W","S+PNA-Single"
"P40958","YJL030W","S+PNA-Single"
"P40959","YMR004W","S+PNA-Single"
"P40960","YDR488C","S+PNA-Single"
"P40961","YGR132C","S+PNA-Single"
"P40962","YOR077W","S+PNA-Single"
"P40963","YMR127C","S+PNA-Single"
"P40965","YFL003C","S+PNA-Single"
"P40968","YDR364C","S+PNA-Single"
"P40969","YMR168C","S+PNA-Single"
"P40970","YDR062W","S+PNA-Single"
"P40985","YJR036C","S+PNA-Single"
"P40986","YDR182W","S+PNA-Single"
"P40988","YMR319C","S+PNA-Single"
"P40991","YNL061W","S+PNA-Single"
"P40992","YJL025W","S+PNA-Single"
"P40994","YOR094W","S+PNA-Single"
"P41318","YNL006W","S+PNA-Single"
"P41338","YPL028W","S+PNA-Single"
"P41543","YJL002C","S+PNA-Single"
"P41544","YJL004C","S+PNA-Single"
"P41546","YFL031W","S+PNA-Single"
"P41696","YOR113W","S+PNA-Single"
"P41697","YLR319C","S+PNA-Single"
"P41733","YLR459W","S+PNA-Single"
"P41734","YOR126C","S+PNA-Single"
"P41735","YOR125C","S+PNA-Single"
"P41800","YLL006W","S+PNA-Single"
"P41805","YLR075W","S+PNA-Single"
"P41806","YGR105W","S+PNA-Single"
"P41807","YPR036W","S+PNA-Single"
"P41810","YDR238C","S+PNA-Single"
"P41811","YGL137W","S+PNA-Single"
"P41812","YNL221C","S+PNA-Single"
"P41814","YNL062C","S+PNA-Single"
"P41818","YMR311C","S+PNA-Single"
"P41819","YPL266W","S+PNA-Single"
"P41821","YNL291C","S+PNA-Single"
"P41832","YNL271C","S+PNA-Single"
"P41834","YOR075W","S+PNA-Single"
"P41835","YPL214C","S+PNA-Single"
"P41895","YGR186W","S+PNA-Single"
"P41896","YGR005C","S+PNA-Single"
"P41903","YJR019C","S+PNA-Single"
"P41910","YDR005C","S+PNA-Single"
"P41920","YDR002W","S+PNA-Single"
"P41921","YPL091W","S+PNA-Single"
"P41930","YPL092W","S+PNA-Single"
"P41940","YDL055C","S+PNA-Single"
"P42826","YGR194C","S+PNA-Single"
"P42836","YNL326C","S+PNA-Single"
"P42837","YNL325C","S+PNA-Single"
"P42839","YNL321W","S+PNA-Single"
"P42840","YNL320W","S+PNA-Single"
"P42841","YNL317W","S+PNA-Single"
"P42842","YNL313C","S+PNA-Single"
"P42844","YNL310C","S+PNA-Single"
"P42846","YNL308C","S+PNA-Single"
"P42847","YNL306W","S+PNA-Single"
"P42935","YGR200C","S+PNA-Single"
"P42937","YGR203W","S+PNA-Single"
"P42938","YGR205W","S+PNA-Single"
"P42940","YGR207C","S+PNA-Single"
"P42941","YGR208W","S+PNA-Single"
"P42942","YGR210C","S+PNA-Single"
"P42943","YJL111W","S+PNA-Single"
"P42945","YJL109C","S+PNA-Single"
"P42946","YJL108C","S+PNA-Single"
"P42949","YJL104W","S+PNA-Single"
"P42951","YJL100W","S+PNA-Single"
"P43122","YDL104C","S+PNA-Single"
"P43123","YDL103C","S+PNA-Single"
"P43124","YDL105W","S+PNA-Single"
"P43132","YLR015W","S+PNA-Single"
"P43321","YLR147C","S+PNA-Single"
"P43535","YFR009W","S+PNA-Single"
"P43548","YFL055W","S+PNA-Single"
"P43549","YFL054C","S+PNA-Single"
"P43550","YFL053W","S+PNA-Single"
"P43556","YFL047W","S+PNA-Single"
"P43557","YFL046W","S+PNA-Single"
"P43558","YFL044C","S+PNA-Single"
"P43562","YFL040W","S+PNA-Single"
"P43563","YFL034C-B","S+PNA-Single"
"P43564","YFL034W","S+PNA-Single"
"P43565","YFL033C","S+PNA-Single"
"P43567","YFL030W","S+PNA-Single"
"P43568","YFL029C","S+PNA-Single"
"P43569","YFL028C","S+PNA-Single"
"P43570","YFL027C","S+PNA-Single"
"P43571","YFL025C","S+PNA-Single"
"P43572","YFL024C","S+PNA-Single"
"P43577","YFL017C","S+PNA-Single"
"P43579","YFL013C","S+PNA-Single"
"P43582","YFL010C","S+PNA-Single"
"P43583","YFL007W","S+PNA-Single"
"P43586","YFR001W","S+PNA-Single"
"P43588","YFR004W","S+PNA-Single"
"P43590","YFR006W","S+PNA-Single"
"P43591","YFR007W","S+PNA-Single"
"P43593","YFR010W","S+PNA-Single"
"P43597","YFR016C","S+PNA-Single"
"P43599","YFR018C","S+PNA-Single"
"P43601","YFR021W","S+PNA-Single"
"P43605","YFR027W","S+PNA-Single"
"P43609","YFR037C","S+PNA-Single"
"P43610","YFR038W","S+PNA-Single"
"P43613","YFR041C","S+PNA-Single"
"P43616","YFR044C","S+PNA-Single"
"P43619","YFR047C","S+PNA-Single"
"P43620","YFR048W","S+PNA-Single"
"P43621","YFR051C","S+PNA-Single"
"P43636","YGL065C","S+PNA-Single"
"P43639","YGL019W","S+PNA-Single"
"P43682","YKL006C-A","S+PNA-Single"
"P45818","YGL171W","S+PNA-Single"
"P45976","YJR093C","S+PNA-Single"
"P45978","YPR129W","S+PNA-Single"
"P46151","YPL023C","S+PNA-Single"
"P46655","YGL245W","S+PNA-Single"
"P46669","YOR340C","S+PNA-Single"
"P46672","YGL105W","S+PNA-Single"
"P46675","YLR045C","S+PNA-Single"
"P46677","YGR274C","S+PNA-Single"
"P46678","YNL039W","S+PNA-Single"
"P46680","YMR092C","S+PNA-Single"
"P46681","YDL178W","S+PNA-Single"
"P46682","YGR261C","S+PNA-Single"
"P46683","YPL239W","S+PNA-Single"
"P46943","YLR289W","S+PNA-Single"
"P46944","YDR108W","S+PNA-Single"
"P46945","YGL176C","S+PNA-Single"
"P46947","YGL174W","S+PNA-Single"
"P46948","YGR195W","S+PNA-Single"
"P46957","YJR006W","S+PNA-Single"
"P46959","YJL125C","S+PNA-Single"
"P46961","YPL076W","S+PNA-Single"
"P46964","YOR103C","S+PNA-Single"
"P46965","YJR010C-A","S+PNA-Single"
"P46969","YJL121C","S+PNA-Single"
"P46970","YJR132W","S+PNA-Single"
"P46971","YJR143C","S+PNA-Single"
"P46972","YMR035W","S+PNA-Single"
"P46973","YJR055W","S+PNA-Single"
"P46985","YJL183W","S+PNA-Single"
"P46988","YJL179W","S+PNA-Single"
"P46995","YJL168C","S+PNA-Single"
"P46996","YJL163C","S+PNA-Single"
"P47008","YJL145W","S+PNA-Single"
"P47016","YJL126W","S+PNA-Single"
"P47017","YJL124C","S+PNA-Single"
"P47018","YJL123C","S+PNA-Single"
"P47026","YJL091C","S+PNA-Single"
"P47027","YJL090C","S+PNA-Single"
"P47037","YJL074C","S+PNA-Single"
"P47039","YJL060W","S+PNA-Single"
"P47040","YJL059W","S+PNA-Single"
"P47042","YJL057C","S+PNA-Single"
"P47044","YJL055W","S+PNA-Single"
"P47045","YJL054W","S+PNA-Single"
"P47047","YJL050W","S+PNA-Single"
"P47048","YJL049W","S+PNA-Single"
"P47051","YJL046W","S+PNA-Single"
"P47054","YJL039C","S+PNA-Single"
"P47057","YJL036W","S+PNA-Single"
"P47058","YJL035C","S+PNA-Single"
"P47061","YJL029C","S+PNA-Single"
"P47064","YJL024C","S+PNA-Single"
"P47068","YJL020C","S+PNA-Single"
"P47075","YJL012C","S+PNA-Single"
"P47076","YJL011C","S+PNA-Single"
"P47077","YJL010C","S+PNA-Single"
"P47079","YJL008C","S+PNA-Single"
"P47081","YJL003W","S+PNA-Single"
"P47082","YJR001W","S+PNA-Single"
"P47083","YJR002W","S+PNA-Single"
"P47085","YJR008W","S+PNA-Single"
"P47088","YJR013W","S+PNA-Single"
"P47089","YJR014W","S+PNA-Single"
"P47093","YJR022W","S+PNA-Single"
"P47095","YJR024C","S+PNA-Single"
"P47096","YJR025C","S+PNA-Single"
"P47104","YJR033C","S+PNA-Single"
"P47108","YJR041C","S+PNA-Single"
"P47111","YJR044C","S+PNA-Single"
"P47113","YJR053W","S+PNA-Single"
"P47117","YJR065C","S+PNA-Single"
"P47119","YJR069C","S+PNA-Single"
"P47120","YJR070C","S+PNA-Single"
"P47122","YJR072C","S+PNA-Single"
"P47123","YJR074W","S+PNA-Single"
"P47124","YJR075W","S+PNA-Single"
"P47125","YJR078W","S+PNA-Single"
"P47130","YJR084W","S+PNA-Single"
"P47131","YJR085C","S+PNA-Single"
"P47133","YJR088C","S+PNA-Single"
"P47134","YJR089W","S+PNA-Single"
"P47136","YJR092W","S+PNA-Single"
"P47137","YJR096W","S+PNA-Single"
"P47138","YJR097W","S+PNA-Single"
"P47139","YJR098C","S+PNA-Single"
"P47140","YJR100C","S+PNA-Single"
"P47141","YJR101W","S+PNA-Single"
"P47142","YJR102C","S+PNA-Single"
"P47143","YJR105W","S+PNA-Single"
"P47145","YJR107W","S+PNA-Single"
"P47147","YJR110W","S+PNA-Single"
"P47148","YJR111C","S+PNA-Single"
"P47149","YJR112W","S+PNA-Single"
"P47150","YJR113C","S+PNA-Single"
"P47153","YJR116W","S+PNA-Single"
"P47154","YJR117W","S+PNA-Single"
"P47156","YJR119C","S+PNA-Single"
"P47158","YJR122W","S+PNA-Single"
"P47159","YJR124C","S+PNA-Single"
"P47160","YJR125C","S+PNA-Single"
"P47163","YJR129C","S+PNA-Single"
"P47165","YJR133W","S+PNA-Single"
"P47166","YJR134C","S+PNA-Single"
"P47169","YJR137C","S+PNA-Single"
"P47170","YJR138W","S+PNA-Single"
"P47171","YJR140C","S+PNA-Single"
"P47172","YJR141W","S+PNA-Single"
"P47173","YJR142W","S+PNA-Single"
"P47177","YJR149W","S+PNA-Single"
"P47180","YJR153W","S+PNA-Single"
"P47181","YJR154W","S+PNA-Single"
"P47818","YLR220W","S+PNA-Single"
"P47821","YNL025C","S+PNA-Single"
"P47822","YDR308C","S+PNA-Single"
"P48015","YDR019C","S+PNA-Single"
"P48016","YPR026W","S+PNA-Single"
"P48234","YGR145W","S+PNA-Single"
"P48236","YGR149W","S+PNA-Single"
"P48237","YGR150C","S+PNA-Single"
"P48240","YGR158C","S+PNA-Single"
"P48353","YMR161W","S+PNA-Single"
"P48360","YDR376W","S+PNA-Single"
"P48362","YGR187C","S+PNA-Single"
"P48363","YGR078C","S+PNA-Single"
"P48365","YDL234C","S+PNA-Single"
"P48412","YGR072W","S+PNA-Single"
"P48415","YPL085W","S+PNA-Single"
"P48439","YOR085W","S+PNA-Single"
"P48445","YDL141W","S+PNA-Single"
"P48510","YMR276W","S+PNA-Single"
"P48525","YOL033W","S+PNA-Single"
"P48526","YPL040C","S+PNA-Single"
"P48527","YPL097W","S+PNA-Single"
"P48558","YNL305C","S+PNA-Single"
"P48563","YNL297C","S+PNA-Single"
"P48565","YNL294C","S+PNA-Single"
"P48567","YNL292W","S+PNA-Single"
"P48569","YDL183C","S+PNA-Single"
"P48582","YPL084W","S+PNA-Single"
"P48589","YOR369C","S+PNA-Single"
"P48606","YOR265W","S+PNA-Single"
"P48743","YLR176C","S+PNA-Single"
"P48836","YHR039C-A","S+PNA-Single"
"P48837","YGR119C","S+PNA-Single"
"P49017","YML110C","S+PNA-Single"
"P49018","YDR331W","S+PNA-Single"
"P49095","YMR189W","S+PNA-Single"
"P49167","YLR325C","S+PNA-Single"
"P49334","YNL131W","S+PNA-Single"
"P49367","YDR234W","S+PNA-Single"
"P49704","YGR091W","S+PNA-Single"
"P49775","YDR305C","S+PNA-Single"
"P49954","YLR351C","S+PNA-Single"
"P49955","YMR288W","S+PNA-Single"
"P49956","YMR078C","S+PNA-Single"
"P49957","YML014W","S+PNA-Single"
"P49960","YMR268C","S+PNA-Single"
"P50076","YGR227W","S+PNA-Single"
"P50077","YGR217W","S+PNA-Single"
"P50079","YGR223C","S+PNA-Single"
"P50084","YGR230W","S+PNA-Single"
"P50085","YGR231C","S+PNA-Single"
"P50086","YGR232W","S+PNA-Single"
"P50087","YGR235C","S+PNA-Single"
"P50101","YMR304W","S+PNA-Single"
"P50102","YMR223W","S+PNA-Single"
"P50107","YML004C","S+PNA-Single"
"P50108","YDR245W","S+PNA-Single"
"P50264","YMR020W","S+PNA-Single"
"P50275","YOR058C","S+PNA-Single"
"P50623","YDL064W","S+PNA-Single"
"P50861","YOL143C","S+PNA-Single"
"P50874","YNL261W","S+PNA-Single"
"P50875","YOL148C","S+PNA-Single"
"P51534","YOR035C","S+PNA-Single"
"P51601","YGR267C","S+PNA-Single"
"P51979","YGL251C","S+PNA-Single"
"P51998","YML025C","S+PNA-Single"
"P52286","YDR328C","S+PNA-Single"
"P52488","YDR390C","S+PNA-Single"
"P52490","YDR092W","S+PNA-Single"
"P52491","YLR306W","S+PNA-Single"
"P52492","YOR339C","S+PNA-Single"
"P52553","YLR200W","S+PNA-Single"
"P52593","YML103C","S+PNA-Single"
"P52891","YDL116W","S+PNA-Single"
"P52910","YLR153C","S+PNA-Single"
"P52917","YPR173C","S+PNA-Single"
"P52918","YDR335W","S+PNA-Single"
"P52920","YGL091C","S+PNA-Single"
"P52923","YNR074C","S+PNA-Single"
"P53008","YGL027C","S+PNA-Single"
"P53009","YGL083W","S+PNA-Single"
"P53010","YGL094C","S+PNA-Single"
"P53011","YGL100W","S+PNA-Single"
"P53037","YGR170W","S+PNA-Single"
"P53038","YGR099W","S+PNA-Single"
"P53039","YGR172C","S+PNA-Single"
"P53040","YGL112C","S+PNA-Single"
"P53043","YGR123C","S+PNA-Single"
"P53044","YGR048W","S+PNA-Single"
"P53045","YGR060W","S+PNA-Single"
"P53049","YGR281W","S+PNA-Single"
"P53060","YGL250W","S+PNA-Single"
"P53062","YGL247W","S+PNA-Single"
"P53063","YGL246C","S+PNA-Single"
"P53064","YGL244W","S+PNA-Single"
"P53065","YGL243W","S+PNA-Single"
"P53066","YGL242C","S+PNA-Single"
"P53067","YGL241W","S+PNA-Single"
"P53068","YGL240W","S+PNA-Single"
"P53070","YGL236C","S+PNA-Single"
"P53072","YGL232W","S+PNA-Single"
"P53073","YGL231C","S+PNA-Single"
"P53076","YGL227W","S+PNA-Single"
"P53078","YGL224C","S+PNA-Single"
"P53081","YGL221C","S+PNA-Single"
"P53082","YGL220W","S+PNA-Single"
"P53086","YGL216W","S+PNA-Single"
"P53088","YGL211W","S+PNA-Single"
"P53090","YGL202W","S+PNA-Single"
"P53091","YGL201C","S+PNA-Single"
"P53093","YGL198W","S+PNA-Single"
"P53095","YGL196W","S+PNA-Single"
"P53096","YGL194C","S+PNA-Single"
"P53099","YGL186C","S+PNA-Single"
"P53101","YGL184C","S+PNA-Single"
"P53102","YGL183C","S+PNA-Single"
"P53104","YGL180W","S+PNA-Single"
"P53107","YGL164C","S+PNA-Single"
"P53108","YGL161C","S+PNA-Single"
"P53110","YGL159W","S+PNA-Single"
"P53112","YGL153W","S+PNA-Single"
"P53115","YGL150C","S+PNA-Single"
"P53119","YGL141W","S+PNA-Single"
"P53120","YGL140C","S+PNA-Single"
"P53123","YGL136C","S+PNA-Single"
"P53127","YGL131C","S+PNA-Single"
"P53128","YGL125W","S+PNA-Single"
"P53129","YGL124C","S+PNA-Single"
"P53131","YGL120C","S+PNA-Single"
"P53134","YGL114W","S+PNA-Single"
"P53136","YGL111W","S+PNA-Single"
"P53137","YGL110C","S+PNA-Single"
"P53145","YGL099W","S+PNA-Single"
"P53148","YGL093W","S+PNA-Single"
"P53152","YGL087C","S+PNA-Single"
"P53153","YGL085W","S+PNA-Single"
"P53157","YGL080W","S+PNA-Single"
"P53158","YGL079W","S+PNA-Single"
"P53163","YGL068W","S+PNA-Single"
"P53164","YGL067W","S+PNA-Single"
"P53165","YGL066W","S+PNA-Single"
"P53166","YGL064C","S+PNA-Single"
"P53170","YGL059W","S+PNA-Single"
"P53177","YGL050W","S+PNA-Single"
"P53178","YGL047W","S+PNA-Single"
"P53179","YGL045W","S+PNA-Single"
"P53184","YGL037C","S+PNA-Single"
"P53187","YGL033W","S+PNA-Single"
"P53191","YGL023C","S+PNA-Single"
"P53192","YGL020C","S+PNA-Single"
"P53193","YGL018C","S+PNA-Single"
"P53197","YGL003C","S+PNA-Single"
"P53199","YGL001C","S+PNA-Single"
"P53200","YGR001C","S+PNA-Single"
"P53201","YGR002C","S+PNA-Single"
"P53206","YGR012W","S+PNA-Single"
"P53212","YGR021W","S+PNA-Single"
"P53215","YGR024C","S+PNA-Single"
"P53219","YGR031W","S+PNA-Single"
"P53220","YGR033C","S+PNA-Single"
"P53223","YGR036C","S+PNA-Single"
"P53227","YGR042W","S+PNA-Single"
"P53230","YGR046W","S+PNA-Single"
"P53234","YGR053C","S+PNA-Single"
"P53235","YGR054W","S+PNA-Single"
"P53238","YGR058W","S+PNA-Single"
"P53243","YGR067C","S+PNA-Single"
"P53250","YGR080W","S+PNA-Single"
"P53254","YGR090W","S+PNA-Single"
"P53255","YGR093W","S+PNA-Single"
"P53256","YGR095C","S+PNA-Single"
"P53257","YGR096W","S+PNA-Single"
"P53258","YGR100W","S+PNA-Single"
"P53259","YGR101W","S+PNA-Single"
"P53261","YGR103W","S+PNA-Single"
"P53264","YGR110W","S+PNA-Single"
"P53265","YGR111W","S+PNA-Single"
"P53266","YGR112W","S+PNA-Single"
"P53267","YGR113W","S+PNA-Single"
"P53273","YGR125W","S+PNA-Single"
"P53275","YGR127W","S+PNA-Single"
"P53277","YGR129W","S+PNA-Single"
"P53290","YGR163W","S+PNA-Single"
"P53292","YGR165W","S+PNA-Single"
"P53295","YGR173W","S+PNA-Single"
"P53297","YGR178C","S+PNA-Single"
"P53299","YGR181W","S+PNA-Single"
"P53301","YGR189C","S+PNA-Single"
"P53303","YGR211W","S+PNA-Single"
"P53305","YGR215W","S+PNA-Single"
"P53306","YGR216C","S+PNA-Single"
"P53312","YGR244C","S+PNA-Single"
"P53313","YGR245C","S+PNA-Single"
"P53318","YGR255C","S+PNA-Single"
"P53320","YGR257C","S+PNA-Single"
"P53322","YGR260W","S+PNA-Single"
"P53323","YGR262C","S+PNA-Single"
"P53324","YGR263C","S+PNA-Single"
"P53326","YGR266W","S+PNA-Single"
"P53327","YGR271W","S+PNA-Single"
"P53331","YGR276C","S+PNA-Single"
"P53332","YGR277C","S+PNA-Single"
"P53333","YGR278W","S+PNA-Single"
"P53335","YGR280C","S+PNA-Single"
"P53337","YGR284C","S+PNA-Single"
"P53378","YLR212C","S+PNA-Single"
"P53388","YPL265W","S+PNA-Single"
"P53389","YNR055C","S+PNA-Single"
"P53394","YPR003C","S+PNA-Single"
"P53397","YML060W","S+PNA-Single"
"P53507","YNL070W","S+PNA-Single"
"P53538","YNL222W","S+PNA-Single"
"P53540","YNL126W","S+PNA-Single"
"P53549","YOR259C","S+PNA-Single"
"P53550","YNL118C","S+PNA-Single"
"P53551","YPL127C","S+PNA-Single"
"P53552","YNL139C","S+PNA-Single"
"P53584","YNL237W","S+PNA-Single"
"P53598","YOR142W","S+PNA-Single"
"P53600","YPL010W","S+PNA-Single"
"P53615","YNL036W","S+PNA-Single"
"P53617","YNL251C","S+PNA-Single"
"P53622","YDL145C","S+PNA-Single"
"P53633","YNL044W","S+PNA-Single"
"P53686","YPL015C","S+PNA-Single"
"P53691","YLR216C","S+PNA-Single"
"P53720","YNR015W","S+PNA-Single"
"P53721","YNR018W","S+PNA-Single"
"P53722","YNR020C","S+PNA-Single"
"P53723","YNR021W","S+PNA-Single"
"P53729","YNR029C","S+PNA-Single"
"P53730","YNR030W","S+PNA-Single"
"P53731","YNR035C","S+PNA-Single"
"P53732","YNR036C","S+PNA-Single"
"P53733","YNR037C","S+PNA-Single"
"P53734","YNR038W","S+PNA-Single"
"P53735","YNR039C","S+PNA-Single"
"P53738","YNR046W","S+PNA-Single"
"P53741","YNR051C","S+PNA-Single"
"P53742","YNR053C","S+PNA-Single"
"P53743","YNR054C","S+PNA-Single"
"P53750","YNR064C","S+PNA-Single"
"P53759","YML080W","S+PNA-Single"
"P53769","YLR323C","S+PNA-Single"
"P53829","YNL288W","S+PNA-Single"
"P53830","YNL286W","S+PNA-Single"
"P53835","YNL279W","S+PNA-Single"
"P53838","YNL275W","S+PNA-Single"
"P53839","YNL274C","S+PNA-Single"
"P53840","YNL273W","S+PNA-Single"
"P53843","YNL265C","S+PNA-Single"
"P53845","YNL263C","S+PNA-Single"
"P53848","YNL256W","S+PNA-Single"
"P53852","YNL247W","S+PNA-Single"
"P53853","YNL246W","S+PNA-Single"
"P53854","YNL245C","S+PNA-Single"
"P53855","YNL242W","S+PNA-Single"
"P53858","YNL233W","S+PNA-Single"
"P53859","YNL232W","S+PNA-Single"
"P53861","YNL230C","S+PNA-Single"
"P53863","YNL227C","S+PNA-Single"
"P53866","YNL224C","S+PNA-Single"
"P53867","YNL223W","S+PNA-Single"
"P53868","YNL219C","S+PNA-Single"
"P53870","YNL193W","S+PNA-Single"
"P53871","YNL191W","S+PNA-Single"
"P53873","YNL187W","S+PNA-Single"
"P53875","YNL185C","S+PNA-Single"
"P53877","YNL182C","S+PNA-Single"
"P53878","YNL181W","S+PNA-Single"
"P53881","YNL177C","S+PNA-Single"
"P53883","YNL175C","S+PNA-Single"
"P53886","YNL172W","S+PNA-Single"
"P53889","YNL168C","S+PNA-Single"
"P53893","YNL163C","S+PNA-Single"
"P53894","YNL161W","S+PNA-Single"
"P53899","YNL155W","S+PNA-Single"
"P53900","YNL153C","S+PNA-Single"
"P53901","YNL152W","S+PNA-Single"
"P53903","YNL149C","S+PNA-Single"
"P53904","YNL148C","S+PNA-Single"
"P53905","YNL147W","S+PNA-Single"
"P53909","YNL141W","S+PNA-Single"
"P53911","YNL136W","S+PNA-Single"
"P53914","YNL132W","S+PNA-Single"
"P53915","YNL129W","S+PNA-Single"
"P53916","YNL128W","S+PNA-Single"
"P53917","YNL127W","S+PNA-Single"
"P53919","YNL124W","S+PNA-Single"
"P53920","YNL123W","S+PNA-Single"
"P53923","YNL119W","S+PNA-Single"
"P53925","YNL115C","S+PNA-Single"
"P53927","YNL110C","S+PNA-Single"
"P53930","YNL107W","S+PNA-Single"
"P53933","YNL094W","S+PNA-Single"
"P53934","YNL092W","S+PNA-Single"
"P53935","YNL091W","S+PNA-Single"
"P53937","YNL081C","S+PNA-Single"
"P53938","YNL080C","S+PNA-Single"
"P53941","YNL075W","S+PNA-Single"
"P53942","YNL072W","S+PNA-Single"
"P53944","YNL063W","S+PNA-Single"
"P53946","YNL059C","S+PNA-Single"
"P53950","YNL054W","S+PNA-Single"
"P53951","YNL051W","S+PNA-Single"
"P53954","YNL048W","S+PNA-Single"
"P53959","YNL041C","S+PNA-Single"
"P53960","YNL040W","S+PNA-Single"
"P53962","YNL035C","S+PNA-Single"
"P53965","YNL032W","S+PNA-Single"
"P53968","YNL027W","S+PNA-Single"
"P53969","YNL026W","S+PNA-Single"
"P53970","YNL024C","S+PNA-Single"
"P53971","YNL023C","S+PNA-Single"
"P53972","YNL022C","S+PNA-Single"
"P53973","YNL021W","S+PNA-Single"
"P53980","YNL011C","S+PNA-Single"
"P53981","YNL010W","S+PNA-Single"
"P54000","YMR039C","S+PNA-Single"
"P54199","YDL028C","S+PNA-Single"
"P54781","YMR015C","S+PNA-Single"
"P54783","YML086C","S+PNA-Single"
"P54787","YML097C","S+PNA-Single"
"P54791","YPR162C","S+PNA-Single"
"P54837","YML012W","S+PNA-Single"
"P54838","YML070W","S+PNA-Single"
"P54839","YML126C","S+PNA-Single"
"P54857","YDR058C","S+PNA-Single"
"P54858","YDR068W","S+PNA-Single"
"P54860","YDL190C","S+PNA-Single"
"P54861","YLL001W","S+PNA-Single"
"P54885","YOR323C","S+PNA-Single"
"P54964","YLR059C","S+PNA-Single"
"P57743","YLR438C-A","S+PNA-Single"
"P57744","YJR135W-A","S+PNA-Single"
"P60010","YFL039C","S+PNA-Single"
"P61829","Q0130","S+PNA-Single"
"P61830","YBR010W, YNL031C","S+PNA-Single"
"P69771","YKR035W-A","S+PNA-Single"
"P69850","YBR233W-A","S+PNA-Single"
"P69851","YDR320C-A","S+PNA-Single"
"P80210","YNL220W","S+PNA-Single"
"P80235","YAR035W","S+PNA-Single"
"P80428","YJL081C","S+PNA-Single"
"P80667","YLR191W","S+PNA-Single"
"P81449","YDR322C-A","S+PNA-Single"
"P81450","YML081C-A","S+PNA-Single"
"P87108","YHR005C-A","S+PNA-Single"
"P89102","YDR166C","S+PNA-Single"
"P89105","YOL145C","S+PNA-Single"
"P89886","YER007C-A","S+PNA-Single"
"Q00245","YIL118W","S+PNA-Single"
"Q00362","YGL190C","S+PNA-Single"
"Q00381","YJR058C","S+PNA-Single"
"Q00402","YDR150W","S+PNA-Single"
"Q00416","YLR430W","S+PNA-Single"
"Q00453","YMR182C","S+PNA-Single"
"Q00539","YHR086W","S+PNA-Single"
"Q00578","YIL143C","S+PNA-Single"
"Q00582","YML121W","S+PNA-Single"
"Q00618","YJL031C","S+PNA-Single"
"Q00684","YFR028C","S+PNA-Single"
"Q00764","YBR126C","S+PNA-Single"
"Q00772","YHR030C","S+PNA-Single"
"Q00776","YPL259C","S+PNA-Single"
"Q00816","YDR028C","S+PNA-Single"
"Q00873","YKL087C","S+PNA-Single"
"Q00916","YIL061C","S+PNA-Single"
"Q00955","YNR016C","S+PNA-Single"
"Q01080","YNL248C","S+PNA-Single"
"Q01159","YGL130W","S+PNA-Single"
"Q01163","YGL129C","S+PNA-Single"
"Q01217","YER069W","S+PNA-Single"
"Q01329","YAL043C","S+PNA-Single"
"Q01389","YJL095W","S+PNA-Single"
"Q01448","YBR215W","S+PNA-Single"
"Q01454","YPR135W","S+PNA-Single"
"Q01476","YOR124C","S+PNA-Single"
"Q01477","YER151C","S+PNA-Single"
"Q01519","YLR038C","S+PNA-Single"
"Q01532","YNL239W","S+PNA-Single"
"Q01560","YDR432W","S+PNA-Single"
"Q01590","YLR026C","S+PNA-Single"
"Q01662","YLR244C","S+PNA-Single"
"Q01846","YML104C","S+PNA-Single"
"Q01852","YIL022W","S+PNA-Single"
"Q01855","YOL040C","S+PNA-Single"
"Q01939","YGL048C","S+PNA-Single"
"Q01976","YBR111C","S+PNA-Single"
"Q02046","YKR080W","S+PNA-Single"
"Q02159","YMR022W","S+PNA-Single"
"Q02196","YKL001C","S+PNA-Single"
"Q02197","YEL053C","S+PNA-Single"
"Q02199","YGL172W","S+PNA-Single"
"Q02206","YKR008W","S+PNA-Single"
"Q02207","YKR009C","S+PNA-Single"
"Q02256","YIR026C","S+PNA-Single"
"Q02260","YGR074W","S+PNA-Single"
"Q02336","YDR448W","S+PNA-Single"
"Q02354","YDR449C","S+PNA-Single"
"Q02457","YPL128C","S+PNA-Single"
"Q02516","YOR358W","S+PNA-Single"
"Q02521","YOR148C","S+PNA-Single"
"Q02554","YMR240C","S+PNA-Single"
"Q02555","YMR239C","S+PNA-Single"
"Q02608","YPL013C","S+PNA-Single"
"Q02647","YDR424C","S+PNA-Single"
"Q02648","YPL030W","S+PNA-Single"
"Q02685","YPL024W","S+PNA-Single"
"Q02724","YPL020C","S+PNA-Single"
"Q02754","YPL067C","S+PNA-Single"
"Q02767","YPL065W","S+PNA-Single"
"Q02771","YER058W","S+PNA-Single"
"Q02772","YJR034W","S+PNA-Single"
"Q02774","YDL212W","S+PNA-Single"
"Q02775","YDR088C","S+PNA-Single"
"Q02776","YPL063W","S+PNA-Single"
"Q02783","YPL060W","S+PNA-Single"
"Q02784","YPL059W","S+PNA-Single"
"Q02792","YOR048C","S+PNA-Single"
"Q02795","YMR149W","S+PNA-Single"
"Q02799","YPL054W","S+PNA-Single"
"Q02804","YPL051W","S+PNA-Single"
"Q02821","YNL189W","S+PNA-Single"
"Q02825","YPL083C","S+PNA-Single"
"Q02863","YPL072W","S+PNA-Single"
"Q02873","YPL107W","S+PNA-Single"
"Q02883","YPL103C","S+PNA-Single"
"Q02884","YPL101W","S+PNA-Single"
"Q02889","YPL098C","S+PNA-Single"
"Q02890","YPL096W","S+PNA-Single"
"Q02892","YPL093W","S+PNA-Single"
"Q02895","YPL088W","S+PNA-Single"
"Q02908","YPL086C","S+PNA-Single"
"Q02931","YPL126W","S+PNA-Single"
"Q02932","YPL125W","S+PNA-Single"
"Q02933","YPL123C","S+PNA-Single"
"Q02939","YPL122C","S+PNA-Single"
"Q02948","YPL120W","S+PNA-Single"
"Q02950","YPL118W","S+PNA-Single"
"Q02959","YPL116W","S+PNA-Single"
"Q02979","YPL110C","S+PNA-Single"
"Q02981","YPL109C","S+PNA-Single"
"Q03012","YPL138C","S+PNA-Single"
"Q03018","YGR098C","S+PNA-Single"
"Q03034","YDR539W","S+PNA-Single"
"Q03048","YLL050C","S+PNA-Single"
"Q03071","YPL046C","S+PNA-Single"
"Q03079","YPL041C","S+PNA-Single"
"Q03102","YML131W","S+PNA-Single"
"Q03103","YML130C","S+PNA-Single"
"Q03104","YML128C","S+PNA-Single"
"Q03124","YML127W","S+PNA-Single"
"Q03151","YMR097C","S+PNA-Single"
"Q03161","YMR099C","S+PNA-Single"
"Q03162","YMR100W","S+PNA-Single"
"Q03193","YDR090C","S+PNA-Single"
"Q03195","YDR091C","S+PNA-Single"
"Q03201","YDR041W","S+PNA-Single"
"Q03212","YMR171C","S+PNA-Single"
"Q03219","YMR178W","S+PNA-Single"
"Q03246","YMR188C","S+PNA-Single"
"Q03254","YMR277W","S+PNA-Single"
"Q03262","YMR278W","S+PNA-Single"
"Q03266","YMR289W","S+PNA-Single"
"Q03280","YDR457W","S+PNA-Single"
"Q03289","YDR459C","S+PNA-Single"
"Q03290","YDR460W","S+PNA-Single"
"Q03305","YDR465C","S+PNA-Single"
"Q03308","YPL045W","S+PNA-Single"
"Q03322","YDR468C","S+PNA-Single"
"Q03323","YDR469W","S+PNA-Single"
"Q03327","YDR470C","S+PNA-Single"
"Q03330","YGR252W","S+PNA-Single"
"Q03337","YDR472W","S+PNA-Single"
"Q03338","YDR473C","S+PNA-Single"
"Q03370","YDR479C","S+PNA-Single"
"Q03375","YDR482C","S+PNA-Single"
"Q03390","YDR486C","S+PNA-Single"
"Q03406","YDR489W","S+PNA-Single"
"Q03407","YDR490C","S+PNA-Single"
"Q03429","YDR493W","S+PNA-Single"
"Q03441","YDL001W","S+PNA-Single"
"Q03455","YDR205W","S+PNA-Single"
"Q03465","YDL020C","S+PNA-Single"
"Q03496","YMR259C","S+PNA-Single"
"Q03497","YHL007C","S+PNA-Single"
"Q03503","YPR051W","S+PNA-Single"
"Q03508","YMR265C","S+PNA-Single"
"Q03525","YMR269W","S+PNA-Single"
"Q03529","YMR272C","S+PNA-Single"
"Q03530","YMR274C","S+PNA-Single"
"Q03532","YMR290C","S+PNA-Single"
"Q03554","YMR292W","S+PNA-Single"
"Q03557","YMR293C","S+PNA-Single"
"Q03629","YML079W","S+PNA-Single"
"Q03630","YML077W","S+PNA-Single"
"Q03631","YML076C","S+PNA-Single"
"Q03649","YMR210W","S+PNA-Single"
"Q03652","YMR211W","S+PNA-Single"
"Q03653","YMR212C","S+PNA-Single"
"Q03654","YMR213W","S+PNA-Single"
"Q03655","YMR215W","S+PNA-Single"
"Q03656","YMR216C","S+PNA-Single"
"Q03660","YMR218C","S+PNA-Single"
"Q03667","YMR002W","S+PNA-Single"
"Q03677","YMR009W","S+PNA-Single"
"Q03687","YMR010W","S+PNA-Single"
"Q03690","YMR012W","S+PNA-Single"
"Q03691","YMR200W","S+PNA-Single"
"Q03697","YML038C","S+PNA-Single"
"Q03705","YML036W","S+PNA-Single"
"Q03713","YML030W","S+PNA-Single"
"Q03722","YML020W","S+PNA-Single"
"Q03750","YML114C","S+PNA-Single"
"Q03761","YDR145W","S+PNA-Single"
"Q03768","YDR152W","S+PNA-Single"
"Q03771","YDR161W","S+PNA-Single"
"Q03774","YDR165W","S+PNA-Single"
"Q03778","YDR236C","S+PNA-Single"
"Q03784","YDR246W","S+PNA-Single"
"Q03786","YDR248C","S+PNA-Single"
"Q03795","YMR155W","S+PNA-Single"
"Q03796","YMR156C","S+PNA-Single"
"Q03799","YMR158W","S+PNA-Single"
"Q03818","YMR159C","S+PNA-Single"
"Q03829","YMR166C","S+PNA-Single"
"Q03834","YDR097C","S+PNA-Single"
"Q03860","YDR100W","S+PNA-Single"
"Q03862","YDR101C","S+PNA-Single"
"Q03868","YDR104C","S+PNA-Single"
"Q03880","YMR123W","S+PNA-Single"
"Q03897","YDR128W","S+PNA-Single"
"Q03919","YDR139C","S+PNA-Single"
"Q03920","YDR140W","S+PNA-Single"
"Q03921","YDR141C","S+PNA-Single"
"Q03940","YDR190C","S+PNA-Single"
"Q03941","YDR196C","S+PNA-Single"
"Q03942","YDR198C","S+PNA-Single"
"Q03957","YKL139W","S+PNA-Single"
"Q03976","YDR175C","S+PNA-Single"
"Q04002","YDR180W","S+PNA-Single"
"Q04004","YDR183W","S+PNA-Single"
"Q04013","YMR241W","S+PNA-Single"
"Q04018","YMR244W","S+PNA-Single"
"Q04031","YDR412W","S+PNA-Single"
"Q04033","YDR415C","S+PNA-Single"
"Q04048","YDR416W","S+PNA-Single"
"Q04049","YDR419W","S+PNA-Single"
"Q04052","YDR421W","S+PNA-Single"
"Q04062","YDR427W","S+PNA-Single"
"Q04066","YDR428C","S+PNA-Single"
"Q04067","YDR429C","S+PNA-Single"
"Q04080","YDR434W","S+PNA-Single"
"Q04081","YDR435C","S+PNA-Single"
"Q04082","YDR437W","S+PNA-Single"
"Q04089","YDR440W","S+PNA-Single"
"Q04119","YDR452W","S+PNA-Single"
"Q04121","YDR456W","S+PNA-Single"
"Q04149","YDR386W","S+PNA-Single"
"Q04172","YDR393W","S+PNA-Single"
"Q04174","YOR149C","S+PNA-Single"
"Q04177","YDR398W","S+PNA-Single"
"Q04179","YDR400W","S+PNA-Single"
"Q04183","YDR407C","S+PNA-Single"
"Q04199","YML102W","S+PNA-Single"
"Q04201","YML101C","S+PNA-Single"
"Q04212","YMR041C","S+PNA-Single"
"Q04217","YMR128W","S+PNA-Single"
"Q04223","YMR130W","S+PNA-Single"
"Q04225","YMR131C","S+PNA-Single"
"Q04226","YML015C","S+PNA-Single"
"Q04235","YML005W","S+PNA-Single"
"Q04264","YMR076C","S+PNA-Single"
"Q04272","YMR077C","S+PNA-Single"
"Q04299","YMR087W","S+PNA-Single"
"Q04301","YMR088C","S+PNA-Single"
"Q04304","YMR090W","S+PNA-Single"
"Q04305","YMR093W","S+PNA-Single"
"Q04307","YDR045C","S+PNA-Single"
"Q04311","YDR049W","S+PNA-Single"
"Q04336","YMR196W","S+PNA-Single"
"Q04338","YMR197C","S+PNA-Single"
"Q04344","YDL125C","S+PNA-Single"
"Q04347","YMR014W","S+PNA-Single"
"Q04370","YMR026C","S+PNA-Single"
"Q04371","YMR027W","S+PNA-Single"
"Q04372","YMR028W","S+PNA-Single"
"Q04373","YDR496C","S+PNA-Single"
"Q04401","YDR511W","S+PNA-Single"
"Q04406","YDR512C","S+PNA-Single"
"Q04410","YDR517W","S+PNA-Single"
"Q04411","YDR520C","S+PNA-Single"
"Q04412","YDR524C","S+PNA-Single"
"Q04418","YDR527W","S+PNA-Single"
"Q04430","YDR531W","S+PNA-Single"
"Q04437","YMR106C","S+PNA-Single"
"Q04458","YMR110C","S+PNA-Single"
"Q04471","YMR114C","S+PNA-Single"
"Q04477","YMR117C","S+PNA-Single"
"Q04489","YML096W","S+PNA-Single"
"Q04491","YLR208W","S+PNA-Single"
"Q04493","YML094W","S+PNA-Single"
"Q04500","YML093W","S+PNA-Single"
"Q04511","YML088W","S+PNA-Single"
"Q04549","YDR106W","S+PNA-Single"
"Q04585","YDR109C","S+PNA-Single"
"Q04598","YDR115W","S+PNA-Single"
"Q04599","YDR116C","S+PNA-Single"
"Q04600","YDR117C","S+PNA-Single"
"Q04603","YDR121W","S+PNA-Single"
"Q04608","YDR124W","S+PNA-Single"
"Q04636","YML069W","S+PNA-Single"
"Q04638","YML068W","S+PNA-Single"
"Q04651","YML067C","S+PNA-Single"
"Q04659","YMR048W","S+PNA-Single"
"Q04660","YMR049C","S+PNA-Single"
"Q04673","YLR005W","S+PNA-Single"
"Q04675","YMR059W","S+PNA-Single"
"Q04693","YML049C","S+PNA-Single"
"Q04712","YML043C","S+PNA-Single"
"Q04728","YMR062C","S+PNA-Single"
"Q04740","YMR234W","S+PNA-Single"
"Q04746","YMR065W","S+PNA-Single"
"Q04749","YMR068W","S+PNA-Single"
"Q04751","YMR069W","S+PNA-Single"
"Q04767","YMR071C","S+PNA-Single"
"Q04772","YMR073C","S+PNA-Single"
"Q04773","YMR074C","S+PNA-Single"
"Q04779","YMR075W","S+PNA-Single"
"Q04781","YMR247C","S+PNA-Single"
"Q04792","YMR250W","S+PNA-Single"
"Q04868","YMR312W","S+PNA-Single"
"Q04869","YMR315W","S+PNA-Single"
"Q04924","YDR221W","S+PNA-Single"
"Q04934","YDR229W","S+PNA-Single"
"Q04958","YML059C","S+PNA-Single"
"Q04991","YMR221C","S+PNA-Single"
"Q05016","YMR226C","S+PNA-Single"
"Q05021","YMR227C","S+PNA-Single"
"Q05022","YMR229C","S+PNA-Single"
"Q05027","YMR236W","S+PNA-Single"
"Q05040","YMR029C","S+PNA-Single"
"Q05123","YMR033W","S+PNA-Single"
"Q05131","YMR034C","S+PNA-Single"
"Q05468","YDR333C","S+PNA-Single"
"Q05471","YDR334W","S+PNA-Single"
"Q05473","YDR336W","S+PNA-Single"
"Q05498","YDR339C","S+PNA-Single"
"Q05506","YDR341C","S+PNA-Single"
"Q05515","YDR346C","S+PNA-Single"
"Q05521","YDR284C","S+PNA-Single"
"Q05530","YDR286C","S+PNA-Single"
"Q05543","YDR289C","S+PNA-Single"
"Q05549","YDR291W","S+PNA-Single"
"Q05567","YDR294C","S+PNA-Single"
"Q05568","YDR265W","S+PNA-Single"
"Q05580","YDR266C","S+PNA-Single"
"Q05583","YDR267C","S+PNA-Single"
"Q05636","YDR280W","S+PNA-Single"
"Q05648","YDR282C","S+PNA-Single"
"Q05672","YDL189W","S+PNA-Single"
"Q05776","YLR193C","S+PNA-Single"
"Q05779","YLR201C","S+PNA-Single"
"Q05787","YLR207W","S+PNA-Single"
"Q05788","YLR209C","S+PNA-Single"
"Q05791","YLR215C","S+PNA-Single"
"Q05809","YLR218C","S+PNA-Single"
"Q05854","YLR278C","S+PNA-Single"
"Q05863","YLR281C","S+PNA-Single"
"Q05874","YLR285W","S+PNA-Single"
"Q05892","YLR290C","S+PNA-Single"
"Q05900","YLR298C","S+PNA-Single"
"Q05902","YLR299W","S+PNA-Single"
"Q05911","YLR359W","S+PNA-Single"
"Q05924","YLR361C","S+PNA-Single"
"Q05933","YLR370C","S+PNA-Single"
"Q05979","YLR231C","S+PNA-Single"
"Q06005","YLR239C","S+PNA-Single"
"Q06010","YLR389C","S+PNA-Single"
"Q06053","YLR401C","S+PNA-Single"
"Q06063","YLR405W","S+PNA-Single"
"Q06078","YLR409C","S+PNA-Single"
"Q06089","YPR098C","S+PNA-Single"
"Q06090","YPR100W","S+PNA-Single"
"Q06096","YPR105C","S+PNA-Single"
"Q06102","YPR107C","S+PNA-Single"
"Q06103","YPR108W","S+PNA-Single"
"Q06106","YPR112C","S+PNA-Single"
"Q06132","YLR336C","S+PNA-Single"
"Q06142","YLR347C","S+PNA-Single"
"Q06143","YLR348C","S+PNA-Single"
"Q06152","YLR271W","S+PNA-Single"
"Q06156","YLR272C","S+PNA-Single"
"Q06160","YLR313C","S+PNA-Single"
"Q06163","YLR318W","S+PNA-Single"
"Q06168","YLR321C","S+PNA-Single"
"Q06170","YLR326W","S+PNA-Single"
"Q06213","YPR168W","S+PNA-Single"
"Q06214","YPR169W","S+PNA-Single"
"Q06217","YLR275W","S+PNA-Single"
"Q06218","YLR276C","S+PNA-Single"
"Q06224","YLR277C","S+PNA-Single"
"Q06245","YLR166C","S+PNA-Single"
"Q06247","YLR173W","S+PNA-Single"
"Q06263","YLR181C","S+PNA-Single"
"Q06287","YLR186W","S+PNA-Single"
"Q06321","YLR189C","S+PNA-Single"
"Q06337","YDR359C","S+PNA-Single"
"Q06338","YDR361C","S+PNA-Single"
"Q06339","YDR362C","S+PNA-Single"
"Q06344","YDR365C","S+PNA-Single"
"Q06346","YDR367W","S+PNA-Single"
"Q06350","YDR371W","S+PNA-Single"
"Q06385","YDR372C","S+PNA-Single"
"Q06389","YDR373W","S+PNA-Single"
"Q06405","YDR377W","S+PNA-Single"
"Q06409","YLR422W","S+PNA-Single"
"Q06410","YLR423C","S+PNA-Single"
"Q06411","YLR424W","S+PNA-Single"
"Q06412","YLR425W","S+PNA-Single"
"Q06436","YLR427W","S+PNA-Single"
"Q06440","YLR429W","S+PNA-Single"
"Q06479","YLR352W","S+PNA-Single"
"Q06489","YPR118W","S+PNA-Single"
"Q06493","YPR125W","S+PNA-Single"
"Q06494","YPR127W","S+PNA-Single"
"Q06497","YPR128C","S+PNA-Single"
"Q06504","YPR131C","S+PNA-Single"
"Q06505","YPR133C","S+PNA-Single"
"Q06506","YPR137W","S+PNA-Single"
"Q06508","YPR139C","S+PNA-Single"
"Q06510","YPR140W","S+PNA-Single"
"Q06511","YPR143W","S+PNA-Single"
"Q06512","YPR144C","S+PNA-Single"
"Q06522","YPR147C","S+PNA-Single"
"Q06537","YPR153W","S+PNA-Single"
"Q06538","YLR241W","S+PNA-Single"
"Q06541","YLR242C","S+PNA-Single"
"Q06543","YLR243W","S+PNA-Single"
"Q06549","YLR245C","S+PNA-Single"
"Q06551","YLR246W","S+PNA-Single"
"Q06554","YLR247C","S+PNA-Single"
"Q06567","YLR253W","S+PNA-Single"
"Q06593","YPR194C","S+PNA-Single"
"Q06597","YPR200C","S+PNA-Single"
"Q06598","YPR201W","S+PNA-Single"
"Q06624","YPR180W","S+PNA-Single"
"Q06625","YPR184W","S+PNA-Single"
"Q06628","YPR185W","S+PNA-Single"
"Q06631","YDR299W","S+PNA-Single"
"Q06632","YDR301W","S+PNA-Single"
"Q06636","YDR302W","S+PNA-Single"
"Q06640","YDR306C","S+PNA-Single"
"Q06651","YDR313C","S+PNA-Single"
"Q06668","YDR316W","S+PNA-Single"
"Q06672","YLR435W","S+PNA-Single"
"Q06677","YDR320C","S+PNA-Single"
"Q06678","YDR322W","S+PNA-Single"
"Q06679","YDR324C","S+PNA-Single"
"Q06680","YDR325W","S+PNA-Single"
"Q06682","YDR330W","S+PNA-Single"
"Q06683","YDR332W","S+PNA-Single"
"Q06685","YLR410W","S+PNA-Single"
"Q06686","YLR411W","S+PNA-Single"
"Q06696","YLR417W","S+PNA-Single"
"Q06697","YLR418C","S+PNA-Single"
"Q06698","YLR419W","S+PNA-Single"
"Q06704","YLR309C","S+PNA-Single"
"Q06705","YLR380W","S+PNA-Single"
"Q06706","YLR384C","S+PNA-Single"
"Q06708","YLR386W","S+PNA-Single"
"Q06819","YPR082C","S+PNA-Single"
"Q06822","YPR085C","S+PNA-Single"
"Q06833","YPR091C","S+PNA-Single"
"Q06835","YPR094W","S+PNA-Single"
"Q06836","YPR095C","S+PNA-Single"
"Q06839","YPR097W","S+PNA-Single"
"Q06892","YPL188W","S+PNA-Single"
"Q06991","YLR414C","S+PNA-Single"
"Q07084","YLR006C","S+PNA-Single"
"Q07350","YDL043C","S+PNA-Single"
"Q07376","YDL054C","S+PNA-Single"
"Q07381","YDL060W","S+PNA-Single"
"Q07395","YDL063C","S+PNA-Single"
"Q07418","YDL065C","S+PNA-Single"
"Q07451","YDL072C","S+PNA-Single"
"Q07457","YDL074C","S+PNA-Single"
"Q07458","YDL076C","S+PNA-Single"
"Q07468","YDL077C","S+PNA-Single"
"Q07478","YDL084W","S+PNA-Single"
"Q07505","YDL086W","S+PNA-Single"
"Q07508","YDL087C","S+PNA-Single"
"Q07533","YDL117W","S+PNA-Single"
"Q07534","YDL119C","S+PNA-Single"
"Q07540","YDL120W","S+PNA-Single"
"Q07551","YDL124W","S+PNA-Single"
"Q07560","YDL142C","S+PNA-Single"
"Q07589","YDL144C","S+PNA-Single"
"Q07623","YDL213C","S+PNA-Single"
"Q07648","YDL219W","S+PNA-Single"
"Q07688","YDL235C","S+PNA-Single"
"Q07716","YDL237W","S+PNA-Single"
"Q07729","YDL238C","S+PNA-Single"
"Q07794","YLL002W","S+PNA-Single"
"Q07821","YLL027W","S+PNA-Single"
"Q07824","YLL028W","S+PNA-Single"
"Q07825","YLL029W","S+PNA-Single"
"Q07830","YLL031C","S+PNA-Single"
"Q07834","YLL032C","S+PNA-Single"
"Q07844","YLL034C","S+PNA-Single"
"Q07845","YLL035W","S+PNA-Single"
"Q07878","YLL040C","S+PNA-Single"
"Q07895","YLR001C","S+PNA-Single"
"Q07896","YLR002C","S+PNA-Single"
"Q07904","YLR004C","S+PNA-Single"
"Q07913","YLR007W","S+PNA-Single"
"Q07914","YLR008C","S+PNA-Single"
"Q07915","YLR009W","S+PNA-Single"
"Q07923","YLR011W","S+PNA-Single"
"Q07930","YLR016C","S+PNA-Single"
"Q07938","YLR017W","S+PNA-Single"
"Q07953","YLR022C","S+PNA-Single"
"Q07959","YLR023C","S+PNA-Single"
"Q07980","YLR035C","S+PNA-Single"
"Q08003","YLR073C","S+PNA-Single"
"Q08004","YLR074C","S+PNA-Single"
"Q08023","YLR077W","S+PNA-Single"
"Q08032","YLR103C","S+PNA-Single"
"Q08045","YLR104W","S+PNA-Single"
"Q08058","YOL008W","S+PNA-Single"
"Q08096","YOL010W","S+PNA-Single"
"Q08109","YOL013C","S+PNA-Single"
"Q08144","YOL018C","S+PNA-Single"
"Q08162","YOL021C","S+PNA-Single"
"Q08176","YOL026C","S+PNA-Single"
"Q08193","YOL030W","S+PNA-Single"
"Q08199","YOL031C","S+PNA-Single"
"Q08202","YOL032W","S+PNA-Single"
"Q08204","YOL034W","S+PNA-Single"
"Q08208","YOL041C","S+PNA-Single"
"Q08220","YOL049W","S+PNA-Single"
"Q08225","YOL057W","S+PNA-Single"
"Q08230","YOL071W","S+PNA-Single"
"Q08232","YOL073C","S+PNA-Single"
"Q08234","YOL075C","S+PNA-Single"
"Q08235","YOL077C","S+PNA-Single"
"Q08236","YOL078W","S+PNA-Single"
"Q08237","YOL080C","S+PNA-Single"
"Q08273","YOL133W","S+PNA-Single"
"Q08278","YOL135C","S+PNA-Single"
"Q08280","YOL137W","S+PNA-Single"
"Q08281","YOL138C","S+PNA-Single"
"Q08282","YOL141W","S+PNA-Single"
"Q08285","YOL142W","S+PNA-Single"
"Q08347","YOL164W","S+PNA-Single"
"Q08387","YOR005C","S+PNA-Single"
"Q08417","YOR049C","S+PNA-Single"
"Q08422","YOR052C","S+PNA-Single"
"Q08444","YOR056C","S+PNA-Single"
"Q08446","YOR057W","S+PNA-Single"
"Q08448","YOR059C","S+PNA-Single"
"Q08484","YOR070C","S+PNA-Single"
"Q08496","YOR080W","S+PNA-Single"
"Q08548","YOR175C","S+PNA-Single"
"Q08562","YOR191W","S+PNA-Single"
"Q08601","YOR197W","S+PNA-Single"
"Q08634","YOR238W","S+PNA-Single"
"Q08641","YOR239W","S+PNA-Single"
"Q08645","YOR241W","S+PNA-Single"
"Q08647","YOR243C","S+PNA-Single"
"Q08649","YOR244W","S+PNA-Single"
"Q08650","YOR245C","S+PNA-Single"
"Q08651","YOR246C","S+PNA-Single"
"Q08685","YOR250C","S+PNA-Single"
"Q08686","YOR251C","S+PNA-Single"
"Q08687","YOR252W","S+PNA-Single"
"Q08689","YOR253W","S+PNA-Single"
"Q08702","YOR258W","S+PNA-Single"
"Q08723","YOR261C","S+PNA-Single"
"Q08726","YOR262W","S+PNA-Single"
"Q08743","YOR292C","S+PNA-Single"
"Q08746","YOR294W","S+PNA-Single"
"Q08748","YOR296W","S+PNA-Single"
"Q08760","YOR301W","S+PNA-Single"
"Q08773","YOR304W","S+PNA-Single"
"Q08774","YOR305W","S+PNA-Single"
"Q08817","YOR353C","S+PNA-Single"
"Q08822","YOR356W","S+PNA-Single"
"Q08826","YOR357C","S+PNA-Single"
"Q08831","YOR359W","S+PNA-Single"
"Q08873","YOR367W","S+PNA-Single"
"Q08902","YOR378W","S+PNA-Single"
"Q08904","YOR380W","S+PNA-Single"
"Q08911","YOR388C","S+PNA-Single"
"Q08920","YPL178W","S+PNA-Single"
"Q08923","YPL181W","S+PNA-Single"
"Q08924","YPL183C","S+PNA-Single"
"Q08925","YPL184C","S+PNA-Single"
"Q08951","YPL195W","S+PNA-Single"
"Q08952","YPL196W","S+PNA-Single"
"Q08954","YPL199C","S+PNA-Single"
"Q08959","YPL206C","S+PNA-Single"
"Q08960","YPL207W","S+PNA-Single"
"Q08962","YPL211W","S+PNA-Single"
"Q08963","YPL213W","S+PNA-Single"
"Q08965","YPL217C","S+PNA-Single"
"Q08968","YPL222W","S+PNA-Single"
"Q08971","YPL225W","S+PNA-Single"
"Q08972","YPL226W","S+PNA-Single"
"Q08977","YPL260W","S+PNA-Single"
"Q08979","YPL263C","S+PNA-Single"
"Q10740","YNL045W","S+PNA-Single"
"Q12000","YOR091W","S+PNA-Single"
"Q12001","YOR002W","S+PNA-Single"
"Q12003","YPL236C","S+PNA-Single"
"Q12004","YPR056W","S+PNA-Single"
"Q12006","YOL003C","S+PNA-Single"
"Q12009","YDL201W","S+PNA-Single"
"Q12012","YOR289W","S+PNA-Single"
"Q12015","YOR223W","S+PNA-Single"
"Q12016","YOL129W","S+PNA-Single"
"Q12017","YOR281C","S+PNA-Single"
"Q12019","YLR106C","S+PNA-Single"
"Q12021","YDR030C","S+PNA-Single"
"Q12024","YOR272W","S+PNA-Single"
"Q12028","YPR029C","S+PNA-Single"
"Q12029","YOR271C","S+PNA-Single"
"Q12030","YDR167W","S+PNA-Single"
"Q12032","YOR215C","S+PNA-Single"
"Q12033","YOR275C","S+PNA-Single"
"Q12035","YLR051C","S+PNA-Single"
"Q12042","YPL162C","S+PNA-Single"
"Q12046","YDL209C","S+PNA-Single"
"Q12049","YPR045C","S+PNA-Single"
"Q12050","YOR144C","S+PNA-Single"
"Q12051","YPL069C","S+PNA-Single"
"Q12052","YPL157W","S+PNA-Single"
"Q12055","YDL166C","S+PNA-Single"
"Q12059","YPL003W","S+PNA-Single"
"Q12060","YPL254W","S+PNA-Single"
"Q12063","YDL193W","S+PNA-Single"
"Q12067","YOR079C","S+PNA-Single"
"Q12071","YDR027C","S+PNA-Single"
"Q12074","YPR069C","S+PNA-Single"
"Q12080","YPL146C","S+PNA-Single"
"Q12083","YPL164C","S+PNA-Single"
"Q12090","YLR107W","S+PNA-Single"
"Q12091","YPL170W","S+PNA-Single"
"Q12092","YPL166W","S+PNA-Single"
"Q12093","YDL033C","S+PNA-Single"
"Q12094","YOR006C","S+PNA-Single"
"Q12096","YOR320C","S+PNA-Single"
"Q12102","YLR115W","S+PNA-Single"
"Q12104","YOR166C","S+PNA-Single"
"Q12108","YOR118W","S+PNA-Single"
"Q12109","YOL097C","S+PNA-Single"
"Q12114","YLR330W","S+PNA-Single"
"Q12116","YDR105C","S+PNA-Single"
"Q12118","YOR007C","S+PNA-Single"
"Q12125","YOR164C","S+PNA-Single"
"Q12133","YLR066W","S+PNA-Single"
"Q12136","YDL153C","S+PNA-Single"
"Q12139","YPR022C","S+PNA-Single"
"Q12142","YDL149W","S+PNA-Single"
"Q12146","YOL146W","S+PNA-Single"
"Q12149","YOR001W","S+PNA-Single"
"Q12150","YLR087C","S+PNA-Single"
"Q12152","YPL150W","S+PNA-Single"
"Q12154","YDL100C","S+PNA-Single"
"Q12156","YDR063W","S+PNA-Single"
"Q12157","YDL008W","S+PNA-Single"
"Q12158","YDL003W","S+PNA-Single"
"Q12159","YDR381W","S+PNA-Single"
"Q12160","YPR063C","S+PNA-Single"
"Q12161","YOL054W","S+PNA-Single"
"Q12163","YDR162C","S+PNA-Single"
"Q12164","YLL023C","S+PNA-Single"
"Q12165","YDL004W","S+PNA-Single"
"Q12175","YDL154W","S+PNA-Single"
"Q12176","YDR060W","S+PNA-Single"
"Q12177","YLL056C","S+PNA-Single"
"Q12178","YPR062W","S+PNA-Single"
"Q12181","YPR048W","S+PNA-Single"
"Q12184","YPL252C","S+PNA-Single"
"Q12186","YLR116W","S+PNA-Single"
"Q12188","YPR007C","S+PNA-Single"
"Q12189","YOR095C","S+PNA-Single"
"Q12196","YOR119C","S+PNA-Single"
"Q12199","YPR040W","S+PNA-Single"
"Q12200","YPL006W","S+PNA-Single"
"Q12204","YOR022C","S+PNA-Single"
"Q12205","YLR057W","S+PNA-Single"
"Q12208","YLR132C","S+PNA-Single"
"Q12211","YPL212C","S+PNA-Single"
"Q12220","YLR129W","S+PNA-Single"
"Q12226","YLL063C","S+PNA-Single"
"Q12229","YDL091C","S+PNA-Single"
"Q12232","YOR154W","S+PNA-Single"
"Q12233","YPR020W","S+PNA-Single"
"Q12234","YOR216C","S+PNA-Single"
"Q12235","YLL055W","S+PNA-Single"
"Q12239","YOL107W","S+PNA-Single"
"Q12248","YDR016C","S+PNA-Single"
"Q12250","YDL147W","S+PNA-Single"
"Q12251","YPR011C","S+PNA-Single"
"Q12256","YOR273C","S+PNA-Single"
"Q12265","YOL061W","S+PNA-Single"
"Q12267","YLR086W","S+PNA-Single"
"Q12270","YPL246C","S+PNA-Single"
"Q12272","YOL102C","S+PNA-Single"
"Q12275","YOR093C","S+PNA-Single"
"Q12277","YDL111C","S+PNA-Single"
"Q12280","YPL242C","S+PNA-Single"
"Q12284","YPR037C","S+PNA-Single"
"Q12287","YLL009C","S+PNA-Single"
"Q12288","YLR126C","S+PNA-Single"
"Q12289","YOR100C","S+PNA-Single"
"Q12291","YLR063W","S+PNA-Single"
"Q12296","YOL060C","S+PNA-Single"
"Q12297","YPL011C","S+PNA-Single"
"Q12298","YDR061W","S+PNA-Single"
"Q12306","YDR510W","S+PNA-Single"
"Q12309","YLR117C","S+PNA-Single"
"Q12311","YPR031W","S+PNA-Single"
"Q12314","YOR021C","S+PNA-Single"
"Q12315","YDL207W","S+PNA-Single"
"Q12322","YOL114C","S+PNA-Single"
"Q12324","YOR087W","S+PNA-Single"
"Q12328","YDL217C","S+PNA-Single"
"Q12330","YOR159C","S+PNA-Single"
"Q12331","YDR262W","S+PNA-Single"
"Q12333","YOL152W","S+PNA-Single"
"Q12334","YDL139C","S+PNA-Single"
"Q12339","YOR004W","S+PNA-Single"
"Q12341","YPL001W","S+PNA-Single"
"Q12342","YDL146W","S+PNA-Single"
"Q12343","YOR174W","S+PNA-Single"
"Q12347","YLR097C","S+PNA-Single"
"Q12349","YLR295C","S+PNA-Single"
"Q12350","YPR061C","S+PNA-Single"
"Q12354","YLR118C","S+PNA-Single"
"Q12358","YLL057C","S+PNA-Single"
"Q12361","YDL035C","S+PNA-Single"
"Q12367","YLR137W","S+PNA-Single"
"Q12368","YDL098C","S+PNA-Single"
"Q12374","YPR155C","S+PNA-Single"
"Q12375","YOR130C","S+PNA-Single"
"Q12377","YDL097C","S+PNA-Single"
"Q12380","YPL149W","S+PNA-Single"
"Q12382","YOR311C","S+PNA-Single"
"Q12383","YOL125W","S+PNA-Single"
"Q12386","YOR141C","S+PNA-Single"
"Q12387","YOL076W","S+PNA-Single"
"Q12389","YDL031W","S+PNA-Single"
"Q12390","YLL060C","S+PNA-Single"
"Q12395","YLR128W","S+PNA-Single"
"Q12398","YOR032C","S+PNA-Single"
"Q12400","YOL093W","S+PNA-Single"
"Q12402","YPR028W","S+PNA-Single"
"Q12404","YOR288C","S+PNA-Single"
"Q12405","YOR084W","S+PNA-Single"
"Q12408","YDL046W","S+PNA-Single"
"Q12412","YOR161C","S+PNA-Single"
"Q12417","YPL151C","S+PNA-Single"
"Q12424","YDL206W","S+PNA-Single"
"Q12425","YPR067W","S+PNA-Single"
"Q12427","YDR169C","S+PNA-Single"
"Q12428","YPR002W","S+PNA-Single"
"Q12429","YLR143W","S+PNA-Single"
"Q12432","YPR023C","S+PNA-Single"
"Q12433","YOR023C","S+PNA-Single"
"Q12434","YDL135C","S+PNA-Single"
"Q12440","YLR127C","S+PNA-Single"
"Q12442","YOL002C","S+PNA-Single"
"Q12446","YOR181W","S+PNA-Single"
"Q12447","YDR071C","S+PNA-Single"
"Q12449","YDR214W","S+PNA-Single"
"Q12452","YLR100W","S+PNA-Single"
"Q12453","YOR112W","S+PNA-Single"
"Q12460","YLR197W","S+PNA-Single"
"Q12461","YPL152W","S+PNA-Single"
"Q12462","YOL147C","S+PNA-Single"
"Q12463","YOL124C","S+PNA-Single"
"Q12464","YPL235W","S+PNA-Single"
"Q12465","YLR084C","S+PNA-Single"
"Q12468","YDL216C","S+PNA-Single"
"Q12480","YPR004C","S+PNA-Single"
"Q12481","YOR287C","S+PNA-Single"
"Q12482","YPR021C","S+PNA-Single"
"Q12483","YPL002C","S+PNA-Single"
"Q12486","YOR131C","S+PNA-Single"
"Q12487","YOR150W","S+PNA-Single"
"Q12488","YDR013W","S+PNA-Single"
"Q12494","YDR017C","S+PNA-Single"
"Q12495","YPR018W","S+PNA-Single"
"Q12496","YOL098C","S+PNA-Single"
"Q12499","YOR310C","S+PNA-Single"
"Q12500","YLR114C","S+PNA-Single"
"Q12502","YOR322C","S+PNA-Single"
"Q12504","YDR257C","S+PNA-Single"
"Q12508","YDR255C","S+PNA-Single"
"Q12509","YLR085C","S+PNA-Single"
"Q12510","YDL156W","S+PNA-Single"
"Q12511","YOR090C","S+PNA-Single"
"Q12512","YOL154W","S+PNA-Single"
"Q12516","YDL133W","S+PNA-Single"
"Q12520","YPL244C","S+PNA-Single"
"Q12522","YPR016C","S+PNA-Single"
"Q12523","YPL247C","S+PNA-Single"
"Q12524","YLR151C","S+PNA-Single"
"Q12527","YPR049C","S+PNA-Single"
"Q12529","YPL165C","S+PNA-Single"
"Q12532","YPL009C","S+PNA-Single"
"Q12674","YMR162C","S+PNA-Single"
"Q12680","YDL171C","S+PNA-Single"
"Q12692","YOL012C","S+PNA-Single"
"Q12697","YOR291W","S+PNA-Single"
"Q12745","YLR440C","S+PNA-Single"
"Q12749","YLR383W","S+PNA-Single"
"Q12751","YMR185W","S+PNA-Single"
"Q12754","YPL012W","S+PNA-Single"
"Q2V2P4","YIL156W-B","S+PNA-Single"
"Q2V2P5","YIL102C-A","S+PNA-Single"
"Q3E705","YGR271C-A","S+PNA-Single"
"Q3E731","YLL018C-A","S+PNA-Single"
"Q3E743","YJR112W-A","S+PNA-Single"
"Q3E764","YLR262C-A","S+PNA-Single"
"Q3E785","YDR379C-A","S+PNA-Single"
"Q3E793","YAL044W-A","S+PNA-Single"
"Q3E798","YLR099W-A","S+PNA-Single"
"Q3E7A9","YMR194C-B","S+PNA-Single"
"Q3E7B2","YJL062W-A","S+PNA-Single"
"Q3E7B6","YCL005W-A","S+PNA-Single"
"Q3E7C1","YDR079C-A","S+PNA-Single"
"Q3E833","YKR095W-A","S+PNA-Single"
"Q3E834","YER074W-A","S+PNA-Single"
"Q3E835","YOL086W-A","S+PNA-Single"
"Q3E840","YBL071W-A","S+PNA-Single"
"Q3E846","YMR244C-A","S+PNA-Single"
"Q6Q546","YNR032C-A","S+PNA-Single"
"Q6Q547","YHR072W-A","S+PNA-Single"
"Q6Q560","YER048W-A","S+PNA-Single"
"Q6WNK7","YBR111W-A","S+PNA-Single"
"Q86ZR7","YKL033W-A","S+PNA-Single"
"Q8J0M4","YCL012C","S+PNA-Single"
"Q8TGJ3","YNL024C-A","S+PNA-Single"
"Q92317","YDR397C","S+PNA-Single"
"Q92328","YOL009C","S+PNA-Single"
"Q92331","YOR069W","S+PNA-Single"
"Q96VH5","YCL057C-A","S+PNA-Single"
"Q99181","YOR319W","S+PNA-Single"
"Q99186","YOL062C","S+PNA-Single"
"Q99189","YOR160W","S+PNA-Single"
"Q99190","YDL015C","S+PNA-Single"
"Q99207","YDL148C","S+PNA-Single"
"Q99210","YOR111W","S+PNA-Single"
"Q99216","YOR145C","S+PNA-Single"
"Q99220","YDR057W","S+PNA-Single"
"Q99247","YOL087C","S+PNA-Single"
"Q99257","YPL169C","S+PNA-Single"
"Q99258","YDR487C","S+PNA-Single"
"Q99260","YLR262C","S+PNA-Single"
"Q99271","YLR138W","S+PNA-Single"
"Q99287","YOR165W","S+PNA-Single"
"Q99288","YDR051C","S+PNA-Single"
"Q99296","YLR149C","S+PNA-Single"
"Q99297","YOR222W","S+PNA-Single"
"Q99312","YOR155C","S+PNA-Single"
"Q99321","YOR163W","S+PNA-Single"
"Q99344","YPR066W","S+PNA-Single"
"Q99383","YOL123W","S+PNA-Single"
"Q99385","YDL128W","S+PNA-Single"
"Q99394","YOR115C","S+PNA-Single"
"Q9URQ3","YLR316C","S+PNA-Single"
"Q9ZZX0","Q0075","S+PNA-Single"
