protein,Gene,orthogroup
P35172,YBR001C,S+TAH
Q12235,YLL055W,S+TAH
Q03786,YDR248C,S+TAH
Q12289,YOR100C,S+TAH
P80235,YAR035W,S+TAH
P49095,YMR189W,S+TAH
P04397,YBR019C,S+TAH
P53199,YGL001C,S+TAH
P0CD91,YPR192W,S+TAH
P53045,YGR060W,S+TAH
P29704,YHR190W,S+TAH
P32352,YMR202W,S+TAH
P40093,YER156C,S+TAH
P32353,YLR056W,S+TAH
P38858,YHR163W,S+TAH
P37366,YPR025C,S+TAH
P40312,YNL111C,S+TAH
P47031,YJL082W,S+TAH
P39954,YER043C,S+TAH
P05150,YJL088W,S+TAH
P24783,YNL112W,S+TAH
P40054,YER081W,S+TAH
P47011,YJL137C,S+TAH
P32331,YPR058W,S+TAH
P48743,YLR176C,S+TAH
P13045,YDR009W,S+TAH
P00044,YJR048W,S+TAH
P32807,YMR284W,S+TAH
P39997,YEL016C,S+TAH
P54839,YML126C,S+TAH
P10614,YHR007C,S+TAH
P41819,YPL266W,S+TAH
P32476,YGR175C,S+TAH
P23301,YEL034W,S+TAH
P54781,YMR015C,S+TAH
P32347,YDR047W,S+TAH
P40450,YIL159W,S+TAH
P25615,YCR014C,S+TAH
P23542,YLR027C,S+TAH
P49089,YPR145W,S+TAH
Q01217,YER069W,S+TAH
P36105,YKL006W,S+TAH
P27616,YAR015W,S+TAH
Q06010,YLR389C,S+TAH
P08524,YJL167W,S+TAH
P49435,YML022W,S+TAH
Q08465,YOR064C,S+TAH
P38074,YBR034C,S+TAH
P36032,YKL221W,S+TAH
P41813,YNL068C,S+TAH
P32462,YNL280C,S+TAH
P53855,YNL242W,S+TAH
Q03219,YMR178W,S+TAH
P53730,YNR030W,S+TAH
P40036,YER054C,S+TAH
P37291,YLR058C,S+TAH
Q02767,YPL065W,S+TAH
P38998,YIR034C,S+TAH
P53046,YGR070W,S+TAH
P40030,YER044C,S+TAH
P32377,YNR043W,S+TAH
P22217,YLR043C,S+TAH
Q04991,YMR221C,S+TAH
P08067,YEL024W,S+TAH
Q12270,YPL246C,S+TAH
Q04195,YDR409W,S+TAH
P35845,YAR042W,S+TAH
P05740,YKL180W,S+TAH
P24004,YKL197C,S+TAH
P36166,YKR090W,S+TAH
P38087,YBR104W,S+TAH
Q07895,YLR001C,S+TAH
P38286,YBR159W,S+TAH
Q03919,YDR139C,S+TAH
P43605,YFR027W,S+TAH
P38999,YNR050C,S+TAH
P32383,YPL268W,S+TAH
Q12692,YOL012C,S+TAH
P05759,YLR167W,S+TAH
Q07807,YLL013C,S+TAH
P54784,YML065W,S+TAH
P39676,YGR234W,S+TAH
P38179,YBL082C,S+TAH
P05748,YLR029C,S+TAH
P15646,YDL014W,S+TAH
P39702,YAL002W,S+TAH
Q12216,YOR156C,S+TAH
P47125,YJR078W,S+TAH
P23968,YHR026W,S+TAH
P33420,YPL174C,S+TAH
P38701,YHL015W,S+TAH
P05318,YDL081C,S+TAH
P23724,YBL041W,S+TAH
Q06350,YDR371W,S+TAH
P14065,YOR120W,S+TAH
P09733,YML085C,S+TAH
P0CX54,YDR418W,S+TAH
P33322,YLR175W,S+TAH
P27476,YGR159C,S+TAH
P39079,YDR188W,S+TAH
Q12428,YPR002W,S+TAH
P07281,YNL302C,S+TAH
P36160,YKR081C,S+TAH
P15938,YKR086W,S+TAH
P0C2H7,YDR471W,S+TAH
P05747,YFR032C-A,S+TAH
P38009,YMR120C,S+TAH
Q3E7X9,YOR167C,S+TAH
P38827,YHR119W,S+TAH
P23639,YML092C,S+TAH
P32839,YDR375C,S+TAH
P40562,YIR002C,S+TAH
P15180,YDR037W,S+TAH
#N/A,YBR118W,S+TAH
P09201,YLR377C,S+TAH
P12612,YDR212W,S+TAH
P53221,YGR034W,S+TAH
P21182,YOL052C,S+TAH
Q06338,YDR361C,S+TAH
P0CX35,YJR145C,S+TAH
P38765,YHR029C,S+TAH
Q03102,YML131W,S+TAH
P32567,YMR165C,S+TAH
Q12145,YPR013C,S+TAH
P38013,YLR109W,S+TAH
Q03796,YMR156C,S+TAH
Q12010,YOL092W,S+TAH
P39939,YER131W,S+TAH
P29478,YML105C,S+TAH
P38996,YPL190C,S+TAH
P25693,YDL127W,S+TAH
Q08647,YOR243C,S+TAH
P17106,YJR060W,S+TAH
Q12420,YOR308C,S+TAH
P0CX29,YGR118W,S+TAH
P05749,YLR061W,S+TAH
P0CX25,YPR043W,S+TAH
Q03656,YMR216C,S+TAH
P29453,YLL045C,S+TAH
P23254,YPR074C,S+TAH
P0CX23,YMR242C,S+TAH
Q99315,YGR109W-B,S+TAH
Q03407,YDR490C,S+TAH
P09950,YDR232W,S+TAH
P02400,YDR382W,S+TAH
P34226,YBL061C,S+TAH
P35187,YMR190C,S+TAH
P38624,YJL001W,S+TAH
P40072,YER116C,S+TAH
P38779,YHR052W,S+TAH
P38628,YEL058W,S+TAH
P02406,YGL103W,S+TAH
P38359,YBR294W,S+TAH
P0CX46,YIL018W,S+TAH
P33202,YKL010C,S+TAH
P40510,YIL074C,S+TAH
P53090,YGL202W,S+TAH
P47061,YJL029C,S+TAH
Q04430,YDR531W,S+TAH
Q12344,YPL249C,S+TAH
Q02753,YBR191W,S+TAH
Q06449,YPR154W,S+TAH
P10664,YBR031W,S+TAH
P19073,YLR229C,S+TAH
P32622,YEL041W,S+TAH
P40460,YIL144W,S+TAH
P0CX38,YBR181C,S+TAH
Q03944,YDR200C,S+TAH
P30656,YPR103W,S+TAH
P39956,YER169W,S+TAH
P23638,YGR135W,S+TAH
P04046,YMR300C,S+TAH
P38912,YMR260C,S+TAH
P25357,YCR033W,S+TAH
P41058,YDL061C,S+TAH
P41057,YLR388W,S+TAH
P40525,YIL052C,S+TAH
P38708,YHR020W,S+TAH
Q12213,YPL198W,S+TAH
Q04418,YDR527W,S+TAH
P07263,YPR033C,S+TAH
P53131,YGL120C,S+TAH
P47821,YNL025C,S+TAH
P32800,YJL210W,S+TAH
P47119,YJR069C,S+TAH
P46990,YJL177W,S+TAH
P10622,YDL130W,S+TAH
P0CX39,YBL072C,S+TAH
P46683,YPL239W,S+TAH
Q12104,YOR166C,S+TAH
P0CX47,YDR025W,S+TAH
P04456,YOL127W,S+TAH
P35180,YGR082W,S+TAH
P50101,YMR304W,S+TAH
P40317,YDR006C,S+TAH
Q04947,YDR233C,S+TAH
P49167,YLR325C,S+TAH
P53905,YNL147W,S+TAH
P52910,YLR153C,S+TAH
P25443,YGL123W,S+TAH
P05317,YLR340W,S+TAH
P35202,YOR143C,S+TAH
P32375,YIR027C,S+TAH
P16120,YCR053W,S+TAH
P10659,YLR180W,S+TAH
P30620,YMR137C,S+TAH
Q12690,YDL082W,S+TAH
P80667,YLR191W,S+TAH
Q04264,YMR076C,S+TAH
P04807,YGL253W,S+TAH
P53834,YNL281W,S+TAH
Q12133,YLR066W,S+TAH
P26784,YIL133C,S+TAH
P07276,YGR258C,S+TAH
P32330,YKL121W,S+TAH
P0CX43,YPL220W,S+TAH
P0CX45,YFR031C-A,S+TAH
Q12021,YDR030C,S+TAH
P41543,YJL002C,S+TAH
#N/A,YBR010W,S+TAH
P22579,YOL004W,S+TAH
P07170,YDR226W,S+TAH
Q03654,YMR213W,S+TAH
Q04471,YMR114C,S+TAH
P05375,YJR073C,S+TAH
P21147,YGL055W,S+TAH
P38711,YHR021C,S+TAH
P38856,YHR161C,S+TAH
P04650,YJL189W,S+TAH
P05738,YGL147C,S+TAH
P32325,YDR052C,S+TAH
P20485,YLR133W,S+TAH
P37370,YLR337C,S+TAH
P18412,YBR083W,S+TAH
P25043,YOR157C,S+TAH
P40010,YER006W,S+TAH
P02293,YDR224C,S+TAH
P53165,YGL066W,S+TAH
P12683,YML075C,S+TAH
P40965,YFL003C,S+TAH
Q08817,YOR353C,S+TAH
P0CX49,YOL120C,S+TAH
P53336,YGR283C,S+TAH
P39677,YJL102W,S+TAH
Q01080,YNL248C,S+TAH
P38555,YER031C,S+TAH
P0CX32,YIL069C,S+TAH
P38687,YPL243W,S+TAH
P38857,YHR162W,S+TAH
P04449,YGL031C,S+TAH
P38748,YHL010C,S+TAH
Q02642,YPL037C,S+TAH
P04786,YOL006C,S+TAH
P0CX30,YPR132W,S+TAH
P47008,YJL145W,S+TAH
Q04307,YDR045C,S+TAH
P53128,YGL125W,S+TAH
P0C0W1,YJL190C,S+TAH
Q02892,YPL093W,S+TAH
P50090,YGR238C,S+TAH
P11914,YHR024C,S+TAH
P53883,YNL175C,S+TAH
P05756,YDR064W,S+TAH
P08458,YDR523C,S+TAH
P32495,YDL208W,S+TAH
P0CX26,YJR094W-A,S+TAH
Q06287,YLR186W,S+TAH
P31787,YGR037C,S+TAH
P53144,YGL101W,S+TAH
P41805,YLR075W,S+TAH
P32453,YNL315C,S+TAH
P02557,YFL037W,S+TAH
P38989,YFR031C,S+TAH
P04821,YLR310C,S+TAH
P54199,YDL028C,S+TAH
P49954,YLR351C,S+TAH
Q05506,YDR341C,S+TAH
P38221,YBR029C,S+TAH
P40857,YJL097W,S+TAH
O14455,YPL249C-A,S+TAH
Q6Q547,YHR072W-A,S+TAH
P14120,YGL030W,S+TAH
P38873,YHR186C,S+TAH
Q92317,YDR397C,S+TAH
P40487,YIL103W,S+TAH
Q08963,YPL213W,S+TAH
P16622,YOR176W,S+TAH
P18961,YMR104C,S+TAH
Q12499,YOR310C,S+TAH
P39111,YGR020C,S+TAH
P32905,YGR214W,S+TAH
P0CX36,YHR203C,S+TAH
P23255,YCR042C,S+TAH
Q01532,YNL239W,S+TAH
P38242,YBR070C,S+TAH
P0CX40,YER102W,S+TAH
P40212,YMR142C,S+TAH
P07703,YPR110C,S+TAH
P26783,YJR123W,S+TAH
P49626,YDR012W,S+TAH
P43610,YFR038W,S+TAH
P53157,YGL080W,S+TAH
P38707,YHR019C,S+TAH
Q12446,YOR181W,S+TAH
P53073,YGL231C,S+TAH
P39078,YDL143W,S+TAH
P31334,YGR220C,S+TAH
Q12161,YOL054W,S+TAH
Q06188,YLR455W,S+TAH
P10663,YPR166C,S+TAH
P33442,YLR441C,S+TAH
P25586,YCL059C,S+TAH
P15454,YDR454C,S+TAH
P0CX42,YER117W,S+TAH
P0CH09,YKR094C,S+TAH
P0CX24,YOR312C,S+TAH
P0C2H8,YDL075W,S+TAH
P32350,YLL019C,S+TAH
Q12457,YDR026C,S+TAH
Q05946,YLR222C,S+TAH
P07244,YGL234W,S+TAH
P53598,YOR142W,S+TAH
P38301,YBR187W,S+TAH
P0C2H6,YHR010W,S+TAH
P07269,YDL106C,S+TAH
P04911,YDR225W,S+TAH
P0CX37,YPL090C,S+TAH
P01119,YOR101W,S+TAH
P53934,YNL092W,S+TAH
P38169,YBL098W,S+TAH
P38137,YBR222C,S+TAH
P04037,YGL187C,S+TAH
P05750,YNL178W,S+TAH
P40061,YER093C,S+TAH
P38823,YHR115C,S+TAH
Q12460,YLR197W,S+TAH
P0CX33,YLR287C-A,S+TAH
P0C2H9,YLR406C,S+TAH
Q12071,YDR027C,S+TAH
P04076,YHR018C,S+TAH
Q08745,YOR293W,S+TAH
Q12522,YPR016C,S+TAH
Q12468,YDL216C,S+TAH
P0CX55,YDR450W,S+TAH
P19881,YDL236W,S+TAH
P38285,YBR158W,S+TAH
P47143,YJR105W,S+TAH
Q06407,YDR379W,S+TAH
P40302,YMR314W,S+TAH
P00175,YML054C,S+TAH
P34760,YML028W,S+TAH
O14467,YOR298C-A,S+TAH
P32833,YBR060C,S+TAH
P54000,YMR039C,S+TAH
P00950,YKL152C,S+TAH
Q05016,YMR226C,S+TAH
P0CD98,YLL053C,S+TAH
P18851,YOR212W,S+TAH
P36146,YKR063C,S+TAH
P89886,YER007C-A,S+TAH
P53894,YNL161W,S+TAH
P25390,YCR073C,S+TAH
P14832,YDR155C,S+TAH
P32479,YBL008W,S+TAH
P32802,YLR083C,S+TAH
P36110,YKR013W,S+TAH
P38287,YBR161W,S+TAH
P49166,YLR185W,S+TAH
P0CX28,YHR141C,S+TAH
P48836,YHR039C-A,S+TAH
P38239,YBR062C,S+TAH
Q12067,YOR079C,S+TAH
P32471,YAL003W,S+TAH
P34161,YML027W,S+TAH
Q02256,YIR026C,S+TAH
P43588,YFR004W,S+TAH
P0CX34,YOR182C,S+TAH
P40567,YIR009W,S+TAH
P21264,YOR128C,S+TAH
P25293,YKR048C,S+TAH
P39076,YIL142W,S+TAH
Q12083,YPL164C,S+TAH
P32263,YER023W,S+TAH
P35200,YLR168C,S+TAH
Q04067,YDR429C,S+TAH
Q12672,YPL079W,S+TAH
P07283,YFL045C,S+TAH
P0CX48,YBR048W,S+TAH
P24000,YGR148C,S+TAH
Q03834,YDR097C,S+TAH
Q6Q546,YNR032C-A,S+TAH
P27466,YFR014C,S+TAH
P32469,YLR172C,S+TAH
P38061,YBL092W,S+TAH
P40069,YER110C,S+TAH
Q12452,YLR100W,S+TAH
Q12504,YDR257C,S+TAH
P43560,YFL042C,S+TAH
P32379,YGR253C,S+TAH
P39104,YNL267W,S+TAH
P18562,YHR128W,S+TAH
P30657,YFR050C,S+TAH
P0CX51,YMR143W,S+TAH
P38994,YDR208W,S+TAH
P41318,YNL006W,S+TAH
P60010,YFL039C,S+TAH
P26754,YNL312W,S+TAH
Q08225,YOL057W,S+TAH
P08964,YHR023W,S+TAH
Q08962,YPL211W,S+TAH
P06838,YML095C,S+TAH
P53112,YGL153W,S+TAH
P38791,YHR068W,S+TAH
P02407,YML024W,S+TAH
Q03390,YDR486C,S+TAH
P38170,YBL097W,S+TAH
Q05788,YLR209C,S+TAH
Q08446,YOR057W,S+TAH
P09436,YBL076C,S+TAH
P38892,YHR209W,S+TAH
P06774,YGL237C,S+TAH
P53861,YNL230C,S+TAH
Q08742,YOR286W,S+TAH
P14126,YOR063W,S+TAH
P38279,YBR147W,S+TAH
P0CX31,YER074W,S+TAH
P38182,YBL078C,S+TAH
P47104,YJR033C,S+TAH
P53600,YPL010W,S+TAH
P38342,YBR265W,S+TAH
Q12296,YOL060C,S+TAH
Q04226,YML015C,S+TAH
P39535,YJL198W,S+TAH
P08018,YJL128C,S+TAH
Q03920,YDR140W,S+TAH
P38011,YMR116C,S+TAH
P23180,YHL021C,S+TAH
Q03048,YLL050C,S+TAH
P32529,YJR063W,S+TAH
P0CH08,YIL148W,S+TAH
P53039,YGR172C,S+TAH
P05737,YGL076C,S+TAH
P48589,YOR369C,S+TAH
Q08929,YPL189W,S+TAH
P39744,YOR206W,S+TAH
P26321,YPL131W,S+TAH
P06197,YPR113W,S+TAH
P46655,YGL245W,S+TAH
O74700,YEL020W-A,S+TAH
Q12324,YOR087W,S+TAH
P09798,YKL022C,S+TAH
P80210,YNL220W,S+TAH
Q03674,YMR006C,S+TAH
P03069,YEL009C,S+TAH
P46972,YMR035W,S+TAH
P09938,YJL026W,S+TAH
P36008,YKL081W,S+TAH
P39986,YEL031W,S+TAH
P39938,YGL189C,S+TAH
P07280,YOL121C,S+TAH
Q03195,YDR091C,S+TAH
P36076,YKL088W,S+TAH
Q12267,YLR086W,S+TAH
P00830,YJR121W,S+TAH
P41338,YPL028W,S+TAH
Q01939,YGL048C,S+TAH
P00359,YGR192C,S+TAH
P47976,YDR151C,S+TAH
P25625,YCR044C,S+TAH
P53750,YNR064C,S+TAH
P0CX83,YBL027W,S+TAH
Q05911,YLR359W,S+TAH
P40005,YEL003W,S+TAH
P05745,YMR194W,S+TAH
P47043,YJL056C,S+TAH
P38042,YBL084C,S+TAH
P53200,YGR001C,S+TAH
P33767,YEL002C,S+TAH
Q02326,YML073C,S+TAH
Q12155,YLR050C,S+TAH
P07277,YMR208W,S+TAH
P53043,YGR123C,S+TAH
P0C0W9,YPR102C,S+TAH
P20435,YPR187W,S+TAH
P53916,YNL128W,S+TAH
P51402,YDR500C,S+TAH
Q12746,YML125C,S+TAH
P34756,YFR019W,S+TAH
Q06489,YPR118W,S+TAH
Q03530,YMR274C,S+TAH
P06367,YCR031C,S+TAH
#N/A,YNL030W,S+TAH
P0CX84,YDL191W,S+TAH
#N/A,YBR009C,S+TAH
P40466,YIL131C,S+TAH
P32863,YGL163C,S+TAH
P53633,YNL044W,S+TAH
Q12109,YOL097C,S+TAH
P36022,YKR054C,S+TAH
P39990,YEL026W,S+TAH
P53313,YGR245C,S+TAH
P43633,YGL021W,S+TAH
P16140,YBR127C,S+TAH
P0CX56,YML026C,S+TAH
P56628,YFL034C-A,S+TAH
Q03254,YMR277W,S+TAH
P40825,YOR335C,S+TAH
P0CX52,YDL083C,S+TAH
P53920,YNL123W,S+TAH
P32381,YDL029W,S+TAH
Q08273,YOL133W,S+TAH
P39706,YAR003W,S+TAH
Q08924,YPL183C,S+TAH
P38328,YBR234C,S+TAH
P33309,YNL001W,S+TAH
P11325,YLR382C,S+TAH
P53250,YGR080W,S+TAH
Q12055,YDL166C,S+TAH
P43599,YFR018C,S+TAH
P0CX53,YEL054C,S+TAH
P07806,YGR094W,S+TAH
Q12186,YLR116W,S+TAH
Q02979,YPL110C,S+TAH
P48015,YDR019C,S+TAH
P52553,YLR200W,S+TAH
Q08923,YPL181W,S+TAH
P34253,YKL110C,S+TAH
P19146,YDL137W,S+TAH
P53281,YGR136W,S+TAH
P38986,YDR321W,S+TAH
Q06834,YPR093C,S+TAH
P47079,YJL008C,S+TAH
P34221,YBL056W,S+TAH
Q8TGJ3,YNL024C-A,S+TAH
Q07478,YDL084W,S+TAH
Q12480,YPR004C,S+TAH
Q12306,YDR510W,S+TAH
P47017,YJL124C,S+TAH
P06103,YOR361C,S+TAH
P47131,YJR085C,S+TAH
P42943,YJL111W,S+TAH
Q06817,YPR081C,S+TAH
Q12311,YPR031W,S+TAH
P32496,YFR052W,S+TAH
P00958,YGR264C,S+TAH
P35178,YDR087C,S+TAH
Q04199,YML102W,S+TAH
P11746,YMR043W,S+TAH
P05739,YLR448W,S+TAH
P07807,YOR236W,S+TAH
P07262,YOR375C,S+TAH
P0CX82,YBR084C-A,S+TAH
P39923,YEL062W,S+TAH
P0CX27,YNL162W,S+TAH
P52489,YOR347C,S+TAH
P28007,YHR089C,S+TAH
Q08208,YOL041C,S+TAH
P49090,YGR124W,S+TAH
P38886,YHR200W,S+TAH
Q03375,YDR482C,S+TAH
P54783,YML086C,S+TAH
P50086,YGR232W,S+TAH
P04801,YIL078W,S+TAH
P32473,YBR221C,S+TAH
Q12354,YLR118C,S+TAH
P07284,YDR023W,S+TAH
Q08058,YOL008W,S+TAH
P53197,YGL003C,S+TAH
Q03290,YDR460W,S+TAH
P40571,YIR015W,S+TAH
P16387,YER178W,S+TAH
P40509,YIL076W,S+TAH
P39521,YPR104C,S+TAH
Q02932,YPL125W,S+TAH
P29469,YBL023C,S+TAH
Q12118,YOR007C,S+TAH
P47170,YJR138W,S+TAH
P53311,YGR243W,S+TAH
P40164,YNL201C,S+TAH
Q04491,YLR208W,S+TAH
P0C0V8,YKR057W,S+TAH
P32939,YML001W,S+TAH
P0CX41,YBL087C,S+TAH
P53927,YNL110C,S+TAH
Q3E757,YGR085C,S+TAH
P15731,YBR082C,S+TAH
P0CD90,YLL052C,S+TAH
P54780,YMR121C,S+TAH
P09064,YPL237W,S+TAH
P38262,YBR103W,S+TAH
P40217,YMR146C,S+TAH
P07274,YOR122C,S+TAH
P21827,YGL097W,S+TAH
Q04632,YML071C,S+TAH
P25356,YCR032W,S+TAH
P22804,YIL004C,S+TAH
Q96VH5,YCL057C-A,S+TAH
P40480,YIL112W,S+TAH
P48016,YPR026W,S+TAH
Q12330,YOR159C,S+TAH
P35691,YKL056C,S+TAH
P14736,YER162C,S+TAH
Q05166,YDL088C,S+TAH
P87108,YHR005C-A,S+TAH
P00560,YCR012W,S+TAH
P25299,YGL044C,S+TAH
P32491,YPL140C,S+TAH
Q12400,YOL093W,S+TAH
P06787,YBR109C,S+TAH
Q08773,YOR304W,S+TAH
Q12320,YOR040W,S+TAH
Q12080,YPL146C,S+TAH
P43616,YFR044C,S+TAH
P20486,YBR135W,S+TAH
P22135,YJL180C,S+TAH
P28737,YGR028W,S+TAH
P26786,YOR096W,S+TAH
P25353,YCR026C,S+TAH
P33204,YKL013C,S+TAH
P50947,YNL097C,S+TAH
Q00362,YGL190C,S+TAH
Q12189,YOR095C,S+TAH
P50094,YML056C,S+TAH
P06101,YDR168W,S+TAH
P29952,YER003C,S+TAH
Q12116,YDR105C,S+TAH
Q08980,YPL264C,S+TAH
P22696,YJR017C,S+TAH
P36057,YKL154W,S+TAH
P21954,YDL066W,S+TAH
P31386,YAL020C,S+TAH
P54858,YDR068W,S+TAH
P47026,YJL091C,S+TAH
O60200,YKL053C-A,S+TAH
P04161,YDR408C,S+TAH
P28817,YDR036C,S+TAH
P47064,YJL024C,S+TAH
P47039,YJL060W,S+TAH
P07347,YHR013C,S+TAH
P34248,YKL100C,S+TAH
P16892,YBL016W,S+TAH
P42940,YGR207C,S+TAH
Q00955,YNR016C,S+TAH
P40581,YIR037W,S+TAH
P40187,YIL045W,S+TAH
P53911,YNL136W,S+TAH
P17076,YHL033C,S+TAH
P48526,YPL040C,S+TAH
P38703,YHL003C,S+TAH
P46367,YOR374W,S+TAH
P28274,YBL039C,S+TAH
Q03554,YMR292W,S+TAH
P53969,YNL026W,S+TAH
P0CX44,YGL135W,S+TAH
P38879,YHR193C,S+TAH
P20459,YJR007W,S+TAH
P20606,YPL218W,S+TAH
P25515,YEL027W,S+TAH
P38077,YBR039W,S+TAH
P36017,YOR089C,S+TAH
P48415,YPL085W,S+TAH
Q3E792,YGR027C,S+TAH
Q04869,YMR315W,S+TAH
Q12093,YDL033C,S+TAH
P13099,YLR234W,S+TAH
P40078,YER126C,S+TAH
P33331,YER009W,S+TAH
P40561,YIR001C,S+TAH
Q05863,YLR281C,S+TAH
P53829,YNL288W,S+TAH
Q04344,YDL125C,S+TAH
P25451,YER094C,S+TAH
P43593,YFR010W,S+TAH
P22138,YPR010C,S+TAH
P36124,YKR029C,S+TAH
Q3E834,YER074W-A,S+TAH
P38859,YHR164C,S+TAH
P07143,YOR065W,S+TAH
P53167,YGL063W,S+TAH
Q00381,YJR058C,S+TAH
P40084,YER139C,S+TAH
P40345,YNR008W,S+TAH
P10961,YGL073W,S+TAH
P51601,YGR267C,S+TAH
P40351,YOR067C,S+TAH
P40479,YIL113W,S+TAH
Q12402,YPR028W,S+TAH
P53549,YOR259C,S+TAH
P38127,YBR192W,S+TAH
Q06102,YPR107C,S+TAH
P38972,YGR061C,S+TAH
Q06697,YLR418C,S+TAH
P43550,YFL053W,S+TAH
#N/A,YPR080W,S+TAH
P53628,YNR023W,S+TAH
P08431,YBR018C,S+TAH
P14127,YDR447C,S+TAH
Q07844,YLL034C,S+TAH
Q01519,YLR038C,S+TAH
Q06682,YDR330W,S+TAH
P02294,YBL002W,S+TAH
P40310,YJL093C,S+TAH
P21243,YGL011C,S+TAH
Q03660,YMR218C,S+TAH
P34237,YKL179C,S+TAH
Q99190,YDL015C,S+TAH
Q12754,YPL012W,S+TAH
P32363,YPL175W,S+TAH
P32191,YIL155C,S+TAH
P32497,YMR309C,S+TAH
P00924,YGR254W,S+TAH
Q12339,YOR004W,S+TAH
Q02821,YNL189W,S+TAH
P22141,YER012W,S+TAH
P07991,YLR438W,S+TAH
P31115,YFL001W,S+TAH
P31383,YAL016W,S+TAH
P29056,YGR246C,S+TAH
P53632,YOL115W,S+TAH
P53738,YNR046W,S+TAH
P38959,YDR080W,S+TAH
Q06522,YPR147C,S+TAH
P51979,YGL251C,S+TAH
Q04636,YML069W,S+TAH
P32610,YEL051W,S+TAH
P32776,YDR311W,S+TAH
P00427,YHR051W,S+TAH
P38626,YIL043C,S+TAH
P36080,YKL082C,S+TAH
Q03497,YHL007C,S+TAH
P32463,YKL192C,S+TAH
P36051,YKL165C,S+TAH
P07884,YOR274W,S+TAH
P33297,YOR117W,S+TAH
Q04373,YDR496C,S+TAH
P40340,YGR270W,S+TAH
P38682,YER122C,S+TAH
P43573,YFL023W,S+TAH
P32643,YER175C,S+TAH
P24784,YPL119C,S+TAH
Q06178,YLR328W,S+TAH
P28789,YDL205C,S+TAH
P32288,YPR035W,S+TAH
P47051,YJL046W,S+TAH
P53309,YGR241C,S+TAH
P25560,YCL001W,S+TAH
P05626,YPL078C,S+TAH
P40492,YIL097W,S+TAH
P25342,YCR002C,S+TAH
Q03557,YMR293C,S+TAH
Q12463,YOL124C,S+TAH
Q12163,YDR162C,S+TAH
P13434,YBL021C,S+TAH
P40478,YIL114C,S+TAH
P38116,YBR164C,S+TAH
P32448,YDL197C,S+TAH
P22803,YGR209C,S+TAH
Q02336,YDR448W,S+TAH
P40884,YJL216C,S+TAH
P32366,YLR447C,S+TAH
P38932,YGL095C,S+TAH
Q08096,YOL010W,S+TAH
P38249,YBR079C,S+TAH
P38732,YHL039W,S+TAH
P38211,YBR004C,S+TAH
P25040,YOL022C,S+TAH
P38151,YBR233W,S+TAH
P29496,YLR274W,S+TAH
P23594,YDL134C,S+TAH
P31412,YKL080W,S+TAH
P32599,YDR129C,S+TAH
P38625,YMR217W,S+TAH
P04912,YBL003C,S+TAH
#N/A,YOR133W,S+TAH
P38226,YBR042C,S+TAH
P32485,YLR113W,S+TAH
P32432,YLR403W,S+TAH
P53152,YGL087C,S+TAH
P22768,YOL058W,S+TAH
P00942,YDR050C,S+TAH
Q04062,YDR427W,S+TAH
Q3E754,YJL136C,S+TAH
P40352,YJR035W,S+TAH
P53397,YML060W,S+TAH
P46957,YJR006W,S+TAH
P23287,YLR433C,S+TAH
P54860,YDL190C,S+TAH
P06243,YDL017W,S+TAH
P09457,YDR298C,S+TAH
P54885,YOR323C,S+TAH
Q06179,YLR454W,S+TAH
Q06156,YLR272C,S+TAH
P38187,YBL067C,S+TAH
P40515,YIL065C,S+TAH
Q12377,YDL097C,S+TAH
Q08204,YOL034W,S+TAH
P25036,YOR003W,S+TAH
P53924,YNL116W,S+TAH
Q02516,YOR358W,S+TAH
P34227,YBL064C,S+TAH
P38869,YHR181W,S+TAH
Q01454,YPR135W,S+TAH
P53146,YGL098W,S+TAH
P36090,YKL047W,S+TAH
P36164,YKR088C,S+TAH
P12866,YKL209C,S+TAH
P25583,YCL055W,S+TAH
P47095,YJR024C,S+TAH
Q03338,YDR473C,S+TAH
P32897,YNR017W,S+TAH
P24814,YJR090C,S+TAH
Q06385,YDR372C,S+TAH
Q03750,YML114C,S+TAH
Q04116,YDR451C,S+TAH
P42840,YNL320W,S+TAH
P53914,YNL132W,S+TAH
P34167,YPR163C,S+TAH
P43637,YGL179C,S+TAH
P08417,YPL262W,S+TAH
P53686,YPL015C,S+TAH
P38705,YHR011W,S+TAH
P38205,YBL024W,S+TAH
P43621,YFR051C,S+TAH
P41056,YOR234C,S+TAH
P40074,YER119C,S+TAH
P31380,YAL019W,S+TAH
P19807,YGL077C,S+TAH
P42945,YJL109C,S+TAH
Q99189,YOR160W,S+TAH
P17883,YPR189W,S+TAH
Q02100,YNL167C,S+TAH
Q02895,YPL088W,S+TAH
Q03774,YDR165W,S+TAH
P28272,YKL216W,S+TAH
Q12024,YOR272W,S+TAH
Q07457,YDL074C,S+TAH
P06700,YDL042C,S+TAH
P29468,YKR002W,S+TAH
P25337,YCR063W,S+TAH
Q12074,YPR069C,S+TAH
Q05787,YLR207W,S+TAH
Q02775,YDR088C,S+TAH
P04147,YER165W,S+TAH
Q12500,YLR114C,S+TAH
P38431,YPR041W,S+TAH
P35179,YDR086C,S+TAH
P38829,YHR122W,S+TAH
P53119,YGL141W,S+TAH
P53212,YGR021W,S+TAH
P04802,YLL018C,S+TAH
P38298,YBR183W,S+TAH
P39937,YER007W,S+TAH
Q04121,YDR456W,S+TAH
P29295,YPL204W,S+TAH
P38962,YDR084C,S+TAH
Q12154,YDL100C,S+TAH
P35127,YJR099W,S+TAH
P34216,YBL047C,S+TAH
P36114,YKR018C,S+TAH
P10363,YIR008C,S+TAH
Q06688,YLR412W,S+TAH
P48439,YOR085W,S+TAH
P38197,YBL036C,S+TAH
P46677,YGR274C,S+TAH
P32332,YKL120W,S+TAH
P05743,YLR344W,S+TAH
P40328,YPL074W,S+TAH
Q12164,YLL023C,S+TAH
Q08650,YOR245C,S+TAH
Q05580,YDR266C,S+TAH
P38853,YHR158C,S+TAH
P57743,YLR438C-A,S+TAH
P28320,YKL095W,S+TAH
P40560,YIL001W,S+TAH
P42949,YJL104W,S+TAH
P50942,YNL106C,S+TAH
Q06551,YLR246W,S+TAH
P07251,YBL099W,S+TAH
P38361,YBR296C,S+TAH
P41920,YDR002W,S+TAH
Q07825,YLL029W,S+TAH
P25300,YCR038C,S+TAH
P23644,YMR203W,S+TAH
P49018,YDR331W,S+TAH
Q08747,YOR295W,S+TAH
P01097,YDL181W,S+TAH
P19263,YLR071C,S+TAH
P47160,YJR125C,S+TAH
P38319,YBR223C,S+TAH
P41807,YPR036W,S+TAH
Q12029,YOR271C,S+TAH
P0C0X0,YLR264W,S+TAH
P13711,YGL205W,S+TAH
P46784,YMR230W,S+TAH
P30902,YKL016C,S+TAH
Q99297,YOR222W,S+TAH
P43535,YFR009W,S+TAH
Q12000,YOR091W,S+TAH
Q06151,YLR270W,S+TAH
P38238,YBR061C,S+TAH
P53227,YGR042W,S+TAH
P41810,YDR238C,S+TAH
P53732,YNR036C,S+TAH
P15367,YIR022W,S+TAH
P32909,YBR172C,S+TAH
Q12447,YDR071C,S+TAH
P53044,YGR048W,S+TAH
P32598,YER133W,S+TAH
P35728,YKL059C,S+TAH
Q03071,YPL046C,S+TAH
P39000,YER096W,S+TAH
P00729,YMR297W,S+TAH
Q02883,YPL103C,S+TAH
Q12017,YOR281C,S+TAH
P25044,YDL230W,S+TAH
P42941,YGR208W,S+TAH
Q02455,YKR095W,S+TAH
P40517,YIL063C,S+TAH
P53538,YNL222W,S+TAH
Q03761,YDR145W,S+TAH
Q04740,YMR234W,S+TAH
Q12487,YOR150W,S+TAH
P32600,YKL203C,S+TAH
P06782,YDR477W,S+TAH
P33203,YKL012W,S+TAH
Q08920,YPL178W,S+TAH
Q08723,YOR261C,S+TAH
P32796,YML042W,S+TAH
Q12094,YOR006C,S+TAH
P32901,YKR093W,S+TAH
P53177,YGL050W,S+TAH
P53164,YGL067W,S+TAH
Q03406,YDR489W,S+TAH
P25332,YCR036W,S+TAH
Q05541,YDR288W,S+TAH
P40160,YNL207W,S+TAH
P38803,YHR085W,S+TAH
P40029,YER042W,S+TAH
Q12001,YOR002W,S+TAH
P39014,YIL046W,S+TAH
P18963,YBR140C,S+TAH
P05373,YGL040C,S+TAH
P38339,YBR260C,S+TAH
Q05021,YMR227C,S+TAH
P25694,YDL126C,S+TAH
P38865,YHR175W,S+TAH
P36528,YNL252C,S+TAH
Q05468,YDR333C,S+TAH
P38824,YHR116W,S+TAH
Q07949,YLR019W,S+TAH
P43567,YFL030W,S+TAH
P17119,YPR141C,S+TAH
Q12229,YDL091C,S+TAH
Q08686,YOR251C,S+TAH
Q01477,YER151C,S+TAH
P06704,YOR257W,S+TAH
P31378,YAL015C,S+TAH
P11632,YPR052C,S+TAH
P11433,YAL041W,S+TAH
Q04693,YML049C,S+TAH
P25604,YCL008C,S+TAH
P53082,YGL220W,S+TAH
P39936,YGL049C,S+TAH
P47117,YJR065C,S+TAH
P53919,YNL124W,S+TAH
P23561,YLR362W,S+TAH
P32327,YBR218C,S+TAH
Q03705,YML036W,S+TAH
P19414,YLR304C,S+TAH
P34909,YER068W,S+TAH
Q04867,YMR310C,S+TAH
P0CG63,YLL039C,S+TAH
P47130,YJR084W,S+TAH
P28005,YAL033W,S+TAH
Q12234,YOR216C,S+TAH
P43321,YLR147C,S+TAH
P53743,YNR054C,S+TAH
Q07830,YLL031C,S+TAH
P10823,YER020W,S+TAH
Q08237,YOL080C,S+TAH
Q08295,YOL157C,S+TAH
Q05521,YDR284C,S+TAH
P32621,YEL042W,S+TAH
P0CY11,YCR097W,S+TAH
Q02873,YPL107W,S+TAH
P53909,YNL141W,S+TAH
P43557,YFL046W,S+TAH
Q01976,YBR111C,S+TAH
P50110,YMR060C,S+TAH
Q3E785,YDR379C-A,S+TAH
P36132,YKR038C,S+TAH
P53954,YNL048W,S+TAH
P32524,YJL203W,S+TAH
P54837,YML012W,S+TAH
P06174,YOR278W,S+TAH
P46678,YNL039W,S+TAH
P12695,YNL071W,S+TAH
P32490,YOR231W,S+TAH
P32317,YEL052W,S+TAH
Q12175,YDL154W,S+TAH
P53086,YGL216W,S+TAH
P38633,YGL127C,S+TAH
Q04598,YDR115W,S+TAH
P32656,YER163C,S+TAH
P47123,YJR074W,S+TAH
P53830,YNL286W,S+TAH
P50623,YDL064W,S+TAH
Q03690,YMR012W,S+TAH
Q00578,YIL143C,S+TAH
Q03921,YDR141C,S+TAH
P41695,YGR188C,S+TAH
Q06337,YDR359C,S+TAH
P53230,YGR046W,S+TAH
P39875,YOR033C,S+TAH
P32774,YKL058W,S+TAH
P32378,YNR041C,S+TAH
P39002,YIL009W,S+TAH
P30605,YDR497C,S+TAH
Q12287,YLL009C,S+TAH
P39966,YER089C,S+TAH
P0CS90,YJR045C,S+TAH
P14747,YML057W,S+TAH
P32584,YDR410C,S+TAH
P40165,YNL200C,S+TAH
P28004,YAL032C,S+TAH
P04051,YOR116C,S+TAH
P33298,YDR394W,S+TAH
P25453,YER179W,S+TAH
O94742,YDR363W-A,S+TAH
P25374,YCL017C,S+TAH
Q05015,YMR222C,S+TAH
Q12412,YOR161C,S+TAH
Q12309,YLR117C,S+TAH
Q03730,YML018C,S+TAH
P38142,YBR241C,S+TAH
P38796,YHR075C,S+TAH
P33201,YKL009W,S+TAH
Q99257,YPL169C,S+TAH
P25375,YCL057W,S+TAH
P07278,YIL033C,S+TAH
Q01662,YLR244C,S+TAH
Q12432,YPR023C,S+TAH
P40486,YIL104C,S+TAH
P39929,YLR025W,S+TAH
P15624,YLR060W,S+TAH
Q05533,YDR287W,S+TAH
P21825,YPL094C,S+TAH
P11353,YDR044W,S+TAH
P32501,YDR211W,S+TAH
P53072,YGL232W,S+TAH
P40314,YDR252W,S+TAH
Q08645,YOR241W,S+TAH
Q03012,YPL138C,S+TAH
P53839,YNL274C,S+TAH
P17695,YDR513W,S+TAH
P38065,YBL037W,S+TAH
P36151,YKR070W,S+TAH
P22336,YAR007C,S+TAH
P53295,YGR173W,S+TAH
P25566,YCL033C,S+TAH
Q04585,YDR109C,S+TAH
Q02804,YPL051W,S+TAH
P24280,YMR079W,S+TAH
P33753,YKR056W,S+TAH
#N/A,YDR385W,S+TAH
P53900,YNL153C,S+TAH
Q05568,YDR265W,S+TAH
Q06152,YLR271W,S+TAH
P53722,YNR020C,S+TAH
P21771,YDR337W,S+TAH
Q08930,YPL191C,S+TAH
P50107,YML004C,S+TAH
P23615,YGR116W,S+TAH
P53877,YNL182C,S+TAH
Q00618,YJL031C,S+TAH
P22035,YKR099W,S+TAH
Q06321,YLR189C,S+TAH
P36035,YKL217W,S+TAH
P06105,YJL080C,S+TAH
P15873,YBR088C,S+TAH
Q02784,YPL059W,S+TAH
P40032,YER049W,S+TAH
P38439,YOR123C,S+TAH
P25635,YCR057C,S+TAH
Q08649,YOR244W,S+TAH
Q3E835,YOL086W-A,S+TAH
P53173,YGL054C,S+TAH
P33759,YBR251W,S+TAH
Q04272,YMR077C,S+TAH
P27796,YIL160C,S+TAH
Q12051,YPL069C,S+TAH
P33300,YPL057C,S+TAH
P12709,YBR196C,S+TAH
P40985,YJR036C,S+TAH
P53323,YGR262C,S+TAH
P38798,YHR077C,S+TAH
Q02933,YPL123C,S+TAH
P23292,YNL154C,S+TAH
P37838,YPL043W,S+TAH
P38041,YBL085W,S+TAH
P15700,YKL024C,S+TAH
Q03496,YMR259C,S+TAH
P11412,YNL241C,S+TAH
Q99220,YDR057W,S+TAH
Q08954,YPL199C,S+TAH
P20107,YMR243C,S+TAH
P12887,YML021C,S+TAH
P21242,YOR362C,S+TAH
P38318,YBR220C,S+TAH
P25642,YCR071C,S+TAH
Q12049,YPR045C,S+TAH
P36108,YKL002W,S+TAH
P39682,YML046W,S+TAH
P53193,YGL018C,S+TAH
Q00684,YFR028C,S+TAH
Q02521,YOR148C,S+TAH
P36421,YGR185C,S+TAH
P40481,YIL110W,S+TAH
P02992,YOR187W,S+TAH
P38805,YHR088W,S+TAH
P48606,YOR265W,S+TAH
P47013,YJL134W,S+TAH
P32387,YDR405W,S+TAH
P38766,YHR031C,S+TAH
P46943,YLR289W,S+TAH
Q07451,YDL072C,S+TAH
P38698,YHR201C,S+TAH
Q05583,YDR267C,S+TAH
Q12451,YDL019C,S+TAH
P40529,YIL044C,S+TAH
P53751,YNR065C,S+TAH
P51401,YNL067W,S+TAH
Q12009,YDL201W,S+TAH
P20433,YJL140W,S+TAH
P53846,YNL260C,S+TAH
P31384,YAL021C,S+TAH
P43123,YDL103C,S+TAH
P27614,YJL172W,S+TAH
P41921,YPL091W,S+TAH
P33895,YOL069W,S+TAH
P47047,YJL050W,S+TAH
Q04493,YML094W,S+TAH
P36000,YKL135C,S+TAH
P40347,YPR073C,S+TAH
P06100,YDL165W,S+TAH
P32906,YJR131W,S+TAH
P21538,YBR049C,S+TAH
P41817,YPL177C,S+TAH
P40037,YER057C,S+TAH
P38251,YBR087W,S+TAH
P40516,YIL064W,S+TAH
P11745,YMR235C,S+TAH
P0C0T4,YLR333C,S+TAH
Q06631,YDR299W,S+TAH
Q12524,YLR151C,S+TAH
P30665,YPR019W,S+TAH
P33299,YKL145W,S+TAH
P31374,YAL017W,S+TAH
P32914,YGR063C,S+TAH
P40066,YER107C,S+TAH
P23833,YBR037C,S+TAH
P32472,YDR519W,S+TAH
P23394,YDR243C,S+TAH
P53769,YLR323C,S+TAH
P53303,YGR211W,S+TAH
Q02896,YPL087W,S+TAH
P32523,YLL036C,S+TAH
P45818,YGL171W,S+TAH
P39965,YER087W,S+TAH
P34087,YDR404C,S+TAH
P40018,YER029C,S+TAH
P47030,YJL083W,S+TAH
P20424,YPR088C,S+TAH
P14020,YPR183W,S+TAH
P20081,YNL135C,S+TAH
P38326,YBR231C,S+TAH
P25379,YCL064C,S+TAH
P28519,YMR201C,S+TAH
P16862,YMR205C,S+TAH
P40350,YPL227C,S+TAH
Q01852,YIL022W,S+TAH
Q12368,YDL098C,S+TAH
P38225,YBR041W,S+TAH
Q04119,YDR452W,S+TAH
P39726,YAL044C,S+TAH
P43124,YDL105W,S+TAH
P12687,YNL005C,S+TAH
P38636,YNL259C,S+TAH
P42846,YNL308C,S+TAH
Q02196,YKL001C,S+TAH
P40343,YNR006W,S+TAH
P28263,YEL012W,S+TAH
Q12434,YDL135C,S+TAH
P41909,YPL147W,S+TAH
Q12464,YPL235W,S+TAH
P53081,YGL221C,S+TAH
P38968,YDL195W,S+TAH
Q12386,YOR141C,S+TAH
P09119,YJL194W,S+TAH
P33399,YDL051W,S+TAH
P32785,YBL013W,S+TAH
P40016,YER021W,S+TAH
Q06685,YLR410W,S+TAH
Q04659,YMR048W,S+TAH
P32891,YDL174C,S+TAH
Q07993,YLR070C,S+TAH
P53196,YGL004C,S+TAH
P12904,YGL115W,S+TAH
P40015,YER019W,S+TAH
P38203,YBL026W,S+TAH
P38132,YBR202W,S+TAH
P53851,YNL253W,S+TAH
P47172,YJR141W,S+TAH
P38712,YHR065C,S+TAH
P25567,YCL037C,S+TAH
P35817,YLR399C,S+TAH
P48234,YGR145W,S+TAH
Q12159,YDR381W,S+TAH
P30606,YOL103W,S+TAH
Q02648,YPL030W,S+TAH
Q12019,YLR106C,S+TAH
P42948,YJL105W,S+TAH
P33307,YGL238W,S+TAH
Q08951,YPL195W,S+TAH
P22209,YAR018C,S+TAH
P38820,YHR111W,S+TAH
P22139,YOR210W,S+TAH
Q06625,YPR184W,S+TAH
Q08968,YPL222W,S+TAH
Q03281,YDR458C,S+TAH
P47120,YJR070C,S+TAH
P42951,YJL100W,S+TAH
P53734,YNR038W,S+TAH
P46681,YDL178W,S+TAH
P40070,YER112W,S+TAH
P47016,YJL126W,S+TAH
P06778,YML032C,S+TAH
P53163,YGL068W,S+TAH
P53312,YGR244C,S+TAH
Q04371,YMR027W,S+TAH
P32447,YJL115W,S+TAH
Q04080,YDR434W,S+TAH
Q12383,YOL125W,S+TAH
Q3E731,YLL018C-A,S+TAH
P40096,YER159C,S+TAH
P48837,YGR119C,S+TAH
P00128,YDR529C,S+TAH
Q04638,YML068W,S+TAH
P22516,YPL008W,S+TAH
Q12317,YOL112W,S+TAH
P02829,YPL240C,S+TAH
P25270,YOR201C,S+TAH
P13586,YGL167C,S+TAH
P15274,YML035C,S+TAH
P40051,YER078C,S+TAH
P40081,YER134C,S+TAH
Q05567,YDR294C,S+TAH
Q12488,YDR013W,S+TAH
P40962,YOR077W,S+TAH
P04806,YFR053C,S+TAH
Q03957,YKL139W,S+TAH
P38736,YHL031C,S+TAH
P26793,YKL113C,S+TAH
Q02207,YKR009C,S+TAH
P25351,YCR023C,S+TAH
Q06815,YPR079W,S+TAH
Q03018,YGR098C,S+TAH
Q06224,YLR277C,S+TAH
P32799,YGL191W,S+TAH
P13393,YER148W,S+TAH
P43564,YFL034W,S+TAH
P40564,YIR004W,S+TAH
P38333,YBR247C,S+TAH
P22855,YGL156W,S+TAH
P39969,YER114C,S+TAH
P32896,YDR081C,S+TAH
P40856,YJL098W,S+TAH
P53378,YLR212C,S+TAH
Q06632,YDR301W,S+TAH
P47082,YJR001W,S+TAH
P13188,YOR168W,S+TAH
Q3E833,YKR095W-A,S+TAH
Q06096,YPR105C,S+TAH
Q06406,YDR378C,S+TAH
P38334,YBR254C,S+TAH
P38737,YHL030W,S+TAH
Q12322,YOL114C,S+TAH
Q06543,YLR243W,S+TAH
P22289,YGR183C,S+TAH
P43636,YGL065C,S+TAH
P38860,YHR168W,S+TAH
Q05779,YLR201C,S+TAH
P05453,YDR172W,S+TAH
P36059,YKL151C,S+TAH
P41811,YGL137W,S+TAH
P39958,YER136W,S+TAH
Q12347,YLR097C,S+TAH
P32617,YEL044W,S+TAH
Q04779,YMR075W,S+TAH
P38110,YBL088C,S+TAH
P48164,YNL096C,S+TAH
P32773,YOR194C,S+TAH
P32836,YOR185C,S+TAH
Q12199,YPR040W,S+TAH
P38778,YHR050W,S+TAH
P40344,YNR007C,S+TAH
Q06103,YPR108W,S+TAH
Q02889,YPL098C,S+TAH
Q06677,YDR320C,S+TAH
P0CX85,YDL136W,S+TAH
P25345,YCR024C,S+TAH
P43612,YFR040W,S+TAH
P39083,YOR127W,S+TAH
P38876,YHR189W,S+TAH
Q12510,YDL156W,S+TAH
Q06538,YLR241W,S+TAH
P30822,YGR218W,S+TAH
P89105,YOL145C,S+TAH
P53720,YNR015W,S+TAH
P53064,YGL244W,S+TAH
Q08822,YOR356W,S+TAH
Q04183,YDR407C,S+TAH
P38991,YPL209C,S+TAH
P40357,YGR009C,S+TAH
P50874,YNL261W,S+TAH
Q12280,YPL242C,S+TAH
Q02890,YPL096W,S+TAH
P39727,YAL042W,S+TAH
Q03652,YMR211W,S+TAH
P22353,YJL063C,S+TAH
P38772,YHR040W,S+TAH
Q3E846,YMR244C-A,S+TAH
P40359,YJL072C,S+TAH
P32521,YIR006C,S+TAH
P17255,YDL185W,S+TAH
Q04081,YDR435C,S+TAH
Q08287,YOL144W,S+TAH
Q03835,YDR098C,S+TAH
P36144,YKR060W,S+TAH
P24583,YBL105C,S+TAH
P07286,YBR243C,S+TAH
P28241,YOR136W,S+TAH
P22082,YOR290C,S+TAH
P53202,YGR003W,S+TAH
P53091,YGL201C,S+TAH
Q12232,YOR154W,S+TAH
Q06144,YLR350W,S+TAH
P41940,YDL055C,S+TAH
P09435,YBL075C,S+TAH
P36152,YKR071C,S+TAH
P38152,YBR291C,S+TAH
P19735,YBR055C,S+TAH
P07245,YGR204W,S+TAH
P28627,YMR150C,S+TAH
P53970,YNL024C,S+TAH
P32074,YNL287W,S+TAH
P53066,YGL242C,S+TAH
P32944,YJL187C,S+TAH
P10964,YOR341W,S+TAH
P38754,YHL001W,S+TAH
P38072,YBR024W,S+TAH
P57744,YJR135W-A,S+TAH
P17261,YCR075C,S+TAH
P38217,YBR017C,S+TAH
P06102,YIL038C,S+TAH
P38324,YBR228W,S+TAH
P20449,YOR046C,S+TAH
Q12028,YPR029C,S+TAH
P40156,YNL213C,S+TAH
P41733,YLR459W,S+TAH
P24482,YPR175W,S+TAH
P53959,YNL041C,S+TAH
P38902,YOL005C,S+TAH
P24279,YEL032W,S+TAH
P33328,YOR327C,S+TAH
P38866,YHR176W,S+TAH
P34730,YDR099W,S+TAH
P35688,YDL240W,S+TAH
P38759,YHR012W,S+TAH
P07267,YPL154C,S+TAH
Q06624,YPR180W,S+TAH
Q12185,YDR018C,S+TAH
P48362,YGR187C,S+TAH
P30775,YGL143C,S+TAH
Q08831,YOR359W,S+TAH
P40035,YER053C,S+TAH
Q08282,YOL141W,S+TAH
P25627,YCR047C,S+TAH
Q12477,YDL179W,S+TAH
P06844,YDR392W,S+TAH
Q05022,YMR229C,S+TAH
P52488,YDR390C,S+TAH
Q04739,YER027C,S+TAH
P53259,YGR101W,S+TAH
P48561,YNL299W,S+TAH
Q03337,YDR472W,S+TAH
P21560,YPL215W,S+TAH
P33892,YGL195W,S+TAH
P38903,YOR014W,S+TAH
P13856,YGR152C,S+TAH
Q01329,YAL043C,S+TAH
Q03778,YDR236C,S+TAH
P53110,YGL159W,S+TAH
Q03028,YPL134C,S+TAH
O13525,YDR204W,S+TAH
P48510,YMR276W,S+TAH
P38075,YBR035C,S+TAH
Q03653,YMR212C,S+TAH
P40012,YER014W,S+TAH
P38176,YBL089W,S+TAH
P53333,YGR278W,S+TAH
Q03687,YMR010W,S+TAH
P18962,YHR028C,S+TAH
Q05498,YDR339C,S+TAH
P36525,YMR193W,S+TAH
P53899,YNL155W,S+TAH
Q06336,YDR358W,S+TAH
P40089,YER146W,S+TAH
P32639,YER172C,S+TAH
P49017,YML110C,S+TAH
P33412,YGR007W,S+TAH
Q02792,YOR048C,S+TAH
P07273,YGL043W,S+TAH
P47089,YJR014W,S+TAH
P41939,YLR174W,S+TAH
Q08702,YOR258W,S+TAH
P53266,YGR112W,S+TAH
P40362,YJL069C,S+TAH
P35181,YLR170C,S+TAH
P53551,YPL127C,S+TAH
P34164,YGL208W,S+TAH
Q05471,YDR334W,S+TAH
Q06563,YLR251W,S+TAH
P32657,YER164W,S+TAH
Q08548,YOR175C,S+TAH
P19882,YLR259C,S+TAH
P27825,YAL058W,S+TAH
P34163,YKL140W,S+TAH
Q04410,YDR517W,S+TAH
Q12150,YLR087C,S+TAH
Q08278,YOL135C,S+TAH
P33122,YOR344C,S+TAH
P39012,YLR088W,S+TAH
P38274,YBR133C,S+TAH
P21374,YJR050W,S+TAH
P35997,YKL156W,S+TAH
P32582,YGR155W,S+TAH
Q03768,YDR152W,S+TAH
P23748,YMR036C,S+TAH
Q03697,YML038C,S+TAH
Q06504,YPR131C,S+TAH
Q02908,YPL086C,S+TAH
P38331,YBR242W,S+TAH
P38836,YHR132C,S+TAH
P40970,YDR062W,S+TAH
P36121,YKR025W,S+TAH
Q12200,YPL006W,S+TAH
P54999,YPR182W,S+TAH
P38323,YBR227C,S+TAH
P25491,YNL064C,S+TAH
P53971,YNL023C,S+TAH
P32908,YFL008W,S+TAH
Q03525,YMR269W,S+TAH
P19736,YDL030W,S+TAH
P53219,YGR031W,S+TAH
P33296,YER100W,S+TAH
P53108,YGL161C,S+TAH
P32477,YJL101C,S+TAH
P53859,YNL232W,S+TAH
P32861,YKL035W,S+TAH
Q08234,YOL075C,S+TAH
Q99344,YPR066W,S+TAH
P46988,YJL179W,S+TAH
P53297,YGR178C,S+TAH
P17505,YKL085W,S+TAH
P47161,YJR126C,S+TAH
Q06505,YPR133C,S+TAH
P52290,YDL024C,S+TAH
P24868,YGR108W,S+TAH
P47122,YJR072C,S+TAH
Q03897,YDR128W,S+TAH
P13517,YIL034C,S+TAH
Q04651,YML067C,S+TAH
P14284,YPL167C,S+TAH
P25373,YCL035C,S+TAH
P53337,YGR284C,S+TAH
P25336,YCR092C,S+TAH
P40008,YER004W,S+TAH
P37020,YJR040W,S+TAH
P53198,YGL002W,S+TAH
P25632,YCR052W,S+TAH
P53215,YGR024C,S+TAH
P40033,YER050C,S+TAH
P32771,YDL168W,S+TAH
P32563,YOR270C,S+TAH
O13516,YPL081W,S+TAH
P53238,YGR058W,S+TAH
P0C5R9,YPR170W-B,S+TAH
Q04311,YDR049W,S+TAH
P21951,YNL262W,S+TAH
P53136,YGL111W,S+TAH
P40555,YIL007C,S+TAH
P32561,YNL330C,S+TAH
P32604,YJL155C,S+TAH
P32626,YEL038W,S+TAH
P47153,YJR116W,S+TAH
P47147,YJR110W,S+TAH
Q05900,YLR298C,S+TAH
P38112,YBR142W,S+TAH
P12754,YGR083C,S+TAH
P46948,YGR195W,S+TAH
P39525,YER061C,S+TAH
P15625,YFL022C,S+TAH
Q04660,YMR049C,S+TAH
P01123,YFL038C,S+TAH
P38523,YOR232W,S+TAH
Q12749,YLR383W,S+TAH
Q06217,YLR275W,S+TAH
P40363,YJL068C,S+TAH
P33421,YKL141W,S+TAH
Q6WNK7,YBR111W-A,S+TAH
P39926,YMR183C,S+TAH
P38629,YNL290W,S+TAH
P06242,YDL108W,S+TAH
P21595,YDR402C,S+TAH
P33411,YGR006W,S+TAH
Q08235,YOL077C,S+TAH
P47163,YJR129C,S+TAH
P32875,YOR196C,S+TAH
P33334,YHR165C,S+TAH
P39968,YEL013W,S+TAH
P32860,YKL040C,S+TAH
P24309,YKL149C,S+TAH
P42836,YNL326C,S+TAH
P47074,YJL013C,S+TAH
Q12450,YOR016C,S+TAH
P22515,YKL210W,S+TAH
P87262,YER056C-A,S+TAH
P32361,YHR079C,S+TAH
P38632,YEL019C,S+TAH
P35176,YDR304C,S+TAH
Q07527,YDL112W,S+TAH
Q04223,YMR130W,S+TAH
P54964,YLR059C,S+TAH
P38862,YHR171W,S+TAH
Q12086,YDR263C,S+TAH
P36046,YKL195W,S+TAH
Q07540,YDL120W,S+TAH
P40968,YDR364C,S+TAH
P38757,YHR004C,S+TAH
P15442,YDR283C,S+TAH
Q06001,YLR238W,S+TAH
P40541,YIL026C,S+TAH
Q06835,YPR094W,S+TAH
Q6Q595,YBL091C-A,S+TAH
P22276,YOR207C,S+TAH
Q06163,YLR318W,S+TAH
P39517,YDL160C,S+TAH
P53335,YGR280C,S+TAH
P53731,YNR035C,S+TAH
P40506,YIL083C,S+TAH
P25637,YCR059C,S+TAH
P20048,YMR013C,S+TAH
P33760,YNL329C,S+TAH
P22580,YDR242W,S+TAH
P40528,YIL047C,S+TAH
P32527,YGR285C,S+TAH
Q12069,YDL036C,S+TAH
P22543,YLR240W,S+TAH
P23501,YKR053C,S+TAH
Q03330,YGR252W,S+TAH
P40204,YFL017W-A,S+TAH
P47156,YJR119C,S+TAH
P53843,YNL265C,S+TAH
P10962,YAL025C,S+TAH
Q04370,YMR026C,S+TAH
P38123,YBR175W,S+TAH
P25042,YPR065W,S+TAH
P42841,YNL317W,S+TAH
P47088,YJR013W,S+TAH
Q00776,YPL259C,S+TAH
P20434,YBR154C,S+TAH
P36047,YKL193C,S+TAH
P32505,YGL122C,S+TAH
P38207,YBL019W,S+TAH
P32628,YEL037C,S+TAH
P53930,YNL107W,S+TAH
P53838,YNL275W,S+TAH
P43577,YFL017C,S+TAH
P32789,YBL009W,S+TAH
Q03940,YDR190C,S+TAH
P35207,YLR398C,S+TAH
P40341,YMR089C,S+TAH
Q03941,YDR196C,S+TAH
P31539,YLL026W,S+TAH
Q06409,YLR422W,S+TAH
P38241,YBR065C,S+TAH
Q04773,YMR074C,S+TAH
P54867,YOR008C,S+TAH
P53318,YGR255C,S+TAH
P18238,YBR085W,S+TAH
P46970,YJR132W,S+TAH
P40482,YIL109C,S+TAH
P36125,YKR030W,S+TAH
Q12315,YDL207W,S+TAH
Q03323,YDR469W,S+TAH
P25343,YCR009C,S+TAH
P39101,YER048C,S+TAH
P53147,YGL096W,S+TAH
P33338,YNL243W,S+TAH
Q08217,YOL045W,S+TAH
P20436,YOR224C,S+TAH
P47822,YDR308C,S+TAH
P20457,YKL045W,S+TAH
Q06213,YPR168W,S+TAH
P53960,YNL040W,S+TAH
Q99316,YOL088C,S+TAH
P38921,YNL003C,S+TAH
P03962,YEL021W,S+TAH
Q08179,YOL027C,S+TAH
P22213,YDR189W,S+TAH
Q12442,YOL002C,S+TAH
P14922,YBR112C,S+TAH
Q05791,YLR215C,S+TAH
Q06252,YLR179C,S+TAH
P47133,YJR088C,S+TAH
P53974,YNL020C,S+TAH
Q03308,YPL045W,S+TAH
P22438,YGR171C,S+TAH
Q04305,YMR093W,S+TAH
P53067,YGL241W,S+TAH
Q06147,YLR260W,S+TAH
P39984,YEL056W,S+TAH
Q05672,YDL189W,S+TAH
P35194,YBL004W,S+TAH
P19524,YOR326W,S+TAH
Q06511,YPR143W,S+TAH
Q05131,YMR034C,S+TAH
P38795,YHR074W,S+TAH
P32571,YDR069C,S+TAH
O14464,YPL183W-A,S+TAH
P52918,YDR335W,S+TAH
P47040,YJL059W,S+TAH
P15565,YDR120C,S+TAH
P38316,YBR217W,S+TAH
P53236,YGR056W,S+TAH
P28834,YNL037C,S+TAH
Q04600,YDR117C,S+TAH
Q06090,YPR100W,S+TAH
P32502,YLR291C,S+TAH
P16522,YHR166C,S+TAH
P33330,YOR184W,S+TAH
P11633,YBR089C-A,S+TAH
P53874,YNL186W,S+TAH
P42826,YGR194C,S+TAH
P41814,YNL062C,S+TAH
P22214,YLR268W,S+TAH
Q12436,YLR130C,S+TAH
P32468,YHR107C,S+TAH
Q03532,YMR290C,S+TAH
Q03649,YMR210W,S+TAH
P37898,YHR047C,S+TAH
P47081,YJL003W,S+TAH
Q12458,YDR368W,S+TAH
P34220,YBL055C,S+TAH
P23500,YKR052C,S+TAH
P40086,YER141W,S+TAH
P53051,YGR287C,S+TAH
Q99188,YOR107W,S+TAH
Q04177,YDR398W,S+TAH
P53256,YGR095C,S+TAH
Q12520,YPL244C,S+TAH
Q01560,YDR432W,S+TAH
P14306,YLR178C,S+TAH
P05066,YOR386W,S+TAH
P36077,YKL086W,S+TAH
P38250,YBR086C,S+TAH
P48525,YOL033W,S+TAH
Q06245,YLR166C,S+TAH
P53204,YGR010W,S+TAH
P20053,YPR178W,S+TAH
P54791,YPR162C,S+TAH
P39722,YAL048C,S+TAH
P16474,YJL034W,S+TAH
P22215,YOR307C,S+TAH
P47058,YJL035C,S+TAH
P53009,YGL083W,S+TAH
P40327,YDL007W,S+TAH
P06786,YNL088W,S+TAH
P36163,YKR087C,S+TAH
P33413,YHL016C,S+TAH
P53889,YNL168C,S+TAH
P35999,YKL134C,S+TAH
Q12196,YOR119C,S+TAH
Q01476,YOR124C,S+TAH
P25382,YCR072C,S+TAH
P40099,YER183C,S+TAH
P39008,YNR052C,S+TAH
Q08826,YOR357C,S+TAH
P13134,YNL238W,S+TAH
Q10740,YNL045W,S+TAH
P38307,YBR201W,S+TAH
P53155,YGL082W,S+TAH
Q06636,YDR302W,S+TAH
P21672,YIL066C,S+TAH
P53224,YGR038W,S+TAH
Q08108,YOL011W,S+TAH
Q12030,YDR167W,S+TAH
Q04225,YMR131C,S+TAH
P32461,YKL191W,S+TAH
P38174,YBL091C,S+TAH
Q12511,YOR090C,S+TAH
Q06705,YLR380W,S+TAH
P40457,YIL149C,S+TAH
P21304,YLR196W,S+TAH
P39721,YAL049C,S+TAH
P32910,YNR003C,S+TAH
P53917,YNL127W,S+TAH
P52892,YDR111C,S+TAH
P36520,YNL284C,S+TAH
Q08032,YLR103C,S+TAH
Q06344,YDR365C,S+TAH
Q04439,YMR109W,S+TAH
P40527,YIL048W,S+TAH
Q04341,YDR031W,S+TAH
Q03713,YML030W,S+TAH
Q99321,YOR163W,S+TAH
P40554,YIL008W,S+TAH
P53852,YNL247W,S+TAH
P38219,YBR025C,S+TAH
P38768,YHR034C,S+TAH
Q12476,YDL175C,S+TAH
Q01855,YOL040C,S+TAH
O75012,YDL045W-A,S+TAH
P50079,YGR223C,S+TAH
P53341,YGR292W,S+TAH
Q04458,YMR110C,S+TAH
Q06078,YLR409C,S+TAH
P47154,YJR117W,S+TAH
P08518,YOR151C,S+TAH
Q07878,YLL040C,S+TAH
P06738,YPR160W,S+TAH
P53299,YGR181W,S+TAH
P40961,YGR132C,S+TAH
Q05024,YMR233W,S+TAH
P43572,YFL024C,S+TAH
Q04772,YMR073C,S+TAH
Q3E840,YBL071W-A,S+TAH
P25348,YCR003W,S+TAH
P36039,YKL207W,S+TAH
P32345,YDR075W,S+TAH
Q06708,YLR386W,S+TAH
Q99207,YDL148C,S+TAH
P25847,YOL090W,S+TAH
Q04401,YDR511W,S+TAH
P28495,YKL007W,S+TAH
P32588,YNL016W,S+TAH
Q03103,YML130C,S+TAH
P45978,YPR129W,S+TAH
P06104,YGL058W,S+TAH
Q06411,YLR424W,S+TAH
P40468,YIL129C,S+TAH
P53845,YNL263C,S+TAH
P36115,YKR019C,S+TAH
Q04049,YDR419W,S+TAH
Q12751,YMR185W,S+TAH
P40518,YIL062C,S+TAH
Q06541,YLR242C,S+TAH
P41734,YOR126C,S+TAH
Q12181,YPR048W,S+TAH
P31382,YAL023C,S+TAH
P52891,YDL116W,S+TAH
P38875,YHR188C,S+TAH
P34077,YFR002W,S+TAH
P28707,YKL117W,S+TAH
P18759,YBR080C,S+TAH
P31381,YAL022C,S+TAH
P32793,YHR016C,S+TAH
P43589,YFR005C,S+TAH
P32591,YJL176C,S+TAH
P32805,YGL254W,S+TAH
Q12158,YDL003W,S+TAH
P40484,YIL106W,S+TAH
P36113,YKR017C,S+TAH
P04803,YDR268W,S+TAH
P15496,YPL117C,S+TAH
Q05473,YDR336W,S+TAH
Q12004,YPR056W,S+TAH
P53223,YGR036C,S+TAH
P38753,YHL002W,S+TAH
P01098,YDL130W-A,S+TAH
P21306,YPL271W,S+TAH
P07260,YOL139C,S+TAH
Q07930,YLR016C,S+TAH
P50275,YOR058C,S+TAH
Q07442,YDL070W,S+TAH
P11986,YJL153C,S+TAH
P38120,YBR146W,S+TAH
P25582,YCL054W,S+TAH
Q06142,YLR347C,S+TAH
P19812,YGR184C,S+TAH
P39724,YAL046C,S+TAH
P10507,YLR163C,S+TAH
Q05636,YDR280W,S+TAH
P38913,YDL045C,S+TAH
P31244,YBR114W,S+TAH
P38792,YHR069C,S+TAH
Q08199,YOL031C,S+TAH
Q12156,YDR063W,S+TAH
P40890,YJL222W,S+TAH
Q08484,YOR070C,S+TAH
P48365,YDL234C,S+TAH
Q05648,YDR282C,S+TAH
Q05979,YLR231C,S+TAH
P00445,YJR104C,S+TAH
P38111,YBR136W,S+TAH
P48567,YNL292W,S+TAH
P39994,YEL020C,S+TAH
P52492,YOR339C,S+TAH
P16451,YGR193C,S+TAH
Q02554,YMR240C,S+TAH
P53331,YGR276C,S+TAH
P47057,YJL036W,S+TAH
P54730,YMR067C,S+TAH
Q12385,YLR099C,S+TAH
P25298,YMR061W,S+TAH
P15365,YJR152W,S+TAH
P51862,YLR371W,S+TAH
P32770,YDL167C,S+TAH
Q06672,YLR435W,S+TAH
P10127,YGL256W,S+TAH
P17555,YNL138W,S+TAH
P32579,YGL169W,S+TAH
Q12440,YLR127C,S+TAH
P46947,YGL174W,S+TAH
P54787,YML097C,S+TAH
Q08144,YOL018C,S+TAH
P32829,YMR224C,S+TAH
P19516,YPL132W,S+TAH
P30619,YDR164C,S+TAH
P53178,YGL047W,S+TAH
P06777,YPL022W,S+TAH
P33416,YDR258C,S+TAH
P37263,YCR087C-A,S+TAH
P38206,YBL020W,S+TAH
P53915,YNL129W,S+TAH
P38166,YBL102W,S+TAH
P08153,YDR146C,S+TAH
P14680,YJL141C,S+TAH
P07275,YHR037W,S+TAH
P37297,YLR305C,S+TAH
P29465,YBR023C,S+TAH
P32641,YER173W,S+TAH
Q92331,YOR069W,S+TAH
P32854,YOR036W,S+TAH
P39707,YAR008W,S+TAH
P46675,YLR045C,S+TAH
P38181,YBL079W,S+TAH
P16370,YIL021W,S+TAH
P47166,YJR134C,S+TAH
Q06549,YLR245C,S+TAH
P40034,YER051W,S+TAH
Q06168,YLR321C,S+TAH
P33755,YBR170C,S+TAH
P28795,YDR329C,S+TAH
Q08285,YOL142W,S+TAH
P53740,YNR048W,S+TAH
P40422,YHR143W-A,S+TAH
P32837,YDL210W,S+TAH
P22219,YBR097W,S+TAH
P33339,YGR047C,S+TAH
Q03707,YML034W,S+TAH
P36516,YMR024W,S+TAH
P48527,YPL097W,S+TAH
Q9URQ3,YLR316C,S+TAH
Q03305,YDR465C,S+TAH
Q02197,YEL053C,S+TAH
P25378,YCR027C,S+TAH
P52870,YER087C-B,S+TAH
P53867,YNL223W,S+TAH
Q12056,YOR226C,S+TAH
P53942,YNL072W,S+TAH
Q12184,YPL252C,S+TAH
P25360,YCR037C,S+TAH
P53550,YNL118C,S+TAH
P29703,YKL019W,S+TAH
P06780,YPR165W,S+TAH
P38828,YHR121W,S+TAH
P20448,YJL033W,S+TAH
Q12157,YDL008W,S+TAH
Q99210,YOR111W,S+TAH
P13433,YFL036W,S+TAH
P38920,YMR167W,S+TAH
P15303,YPR181C,S+TAH
P40367,YJL062W,S+TAH
Q08387,YOR005C,S+TAH
P53011,YGL100W,S+TAH
Q03262,YMR278W,S+TAH
P36775,YBL022C,S+TAH
P53973,YNL021W,S+TAH
P38129,YBR198C,S+TAH
P39723,YAL047C,S+TAH
P12688,YKL126W,S+TAH
P32368,YKL212W,S+TAH
P21592,YPL172C,S+TAH
P25441,YDL150W,S+TAH
Q12697,YOR291W,S+TAH
Q00453,YMR182C,S+TAH
P32794,YLR397C,S+TAH
Q05080,YMR032W,S+TAH
P47049,YJL048C,S+TAH
P53088,YGL211W,S+TAH
P53258,YGR100W,S+TAH
P47014,YJL132W,S+TAH
Q99383,YOL123W,S+TAH
P22007,YDL090C,S+TAH
P39010,YDR264C,S+TAH
P38230,YBR046C,S+TAH
Q07648,YDL219W,S+TAH
Q03784,YDR246W,S+TAH
P40339,YOL094C,S+TAH
P28625,YMR152W,S+TAH
P40206,YMR132C,S+TAH
P32319,YBL017C,S+TAH
P36007,YKL218C,S+TAH
P25574,YCL045C,S+TAH
P40004,YEL004W,S+TAH
Q04372,YMR028W,S+TAH
P38782,YHR058C,S+TAH
Q12034,YDR515W,S+TAH
Q04006,YDR185C,S+TAH
Q07560,YDL142C,S+TAH
P36102,YKL025C,S+TAH
P32339,YLR205C,S+TAH
P69771,YKR035W-A,S+TAH
#N/A,YNL031C,S+TAH
P14742,YKL104C,S+TAH
P53076,YGL227W,S+TAH
Q07821,YLL027W,S+TAH
P24867,YNL289W,S+TAH
P08678,YJL005W,S+TAH
Q02555,YMR239C,S+TAH
P53941,YNL075W,S+TAH
Q06089,YPR098C,S+TAH
P46969,YJL121C,S+TAH
P41896,YGR005C,S+TAH
P40085,YER140W,S+TAH
P20133,YPR176C,S+TAH
P47077,YJL010C,S+TAH
Q04217,YMR128W,S+TAH
P39933,YPR186C,S+TAH
Q06132,YLR336C,S+TAH
P38688,YPL210C,S+TAH
Q07896,YLR002C,S+TAH
P28321,YKL094W,S+TAH
P33317,YBR252W,S+TAH
P18414,YBL040C,S+TAH
P47076,YJL011C,S+TAH
P36104,YKL018W,S+TAH
P40556,YIL006W,S+TAH
Q08685,YOR250C,S+TAH
P36126,YKR031C,S+TAH
P12868,YMR231W,S+TAH
Q00711,YKL148C,S+TAH
Q05933,YLR370C,S+TAH
P19658,YJL085W,S+TAH
P16603,YHR042W,S+TAH
P38293,YBR173C,S+TAH
P36143,YKR058W,S+TAH
P39524,YAL026C,S+TAH
P31373,YAL012W,S+TAH
P39526,YJL207C,S+TAH
P43571,YFL025C,S+TAH
P40414,YIL138C,S+TAH
Q06510,YPR140W,S+TAH
Q08965,YPL217C,S+TAH
Q12250,YDL147W,S+TAH
P40986,YDR182W,S+TAH
P40151,YNL218W,S+TAH
P38067,YBR006W,S+TAH
Q02776,YPL063W,S+TAH
Q03792,YMR154C,S+TAH
P16639,YGL017W,S+TAH
Q04033,YDR415C,S+TAH
P33418,YKL205W,S+TAH
P32795,YPR024W,S+TAH
Q04149,YDR386W,S+TAH
Q00873,YKL087C,S+TAH
Q03455,YDR205W,S+TAH
P09232,YEL060C,S+TAH
P00447,YHR008C,S+TAH
P53068,YGL240W,S+TAH
Q08202,YOL032W,S+TAH
P38811,YHR099W,S+TAH
P23337,YFR015C,S+TAH
Q02201,YKR003W,S+TAH
P32565,YIL075C,S+TAH
P50077,YGR217W,S+TAH
P38747,YHL013C,S+TAH
P34160,YMR125W,S+TAH
P45976,YJR093C,S+TAH
P53257,YGR096W,S+TAH
Q99369,YOR280C,S+TAH
Q12012,YOR289W,S+TAH
P32916,YDR292C,S+TAH
Q12333,YOL152W,S+TAH
Q12099,YDR021W,S+TAH
Q86ZR7,YKL033W-A,S+TAH
Q12389,YDL031W,S+TAH
P53275,YGR127W,S+TAH
P43122,YDL104C,S+TAH
P25628,YCR048W,S+TAH
Q99181,YOR319W,S+TAH
P40544,YIL023C,S+TAH
P32590,YBR169C,S+TAH
P00549,YAL038W,S+TAH
P53541,YNL012W,S+TAH
P53875,YNL185C,S+TAH
Q05584,YDR272W,S+TAH
P48360,YDR376W,S+TAH
P43590,YFR006W,S+TAH
P53322,YGR260W,S+TAH
Q08726,YOR262W,S+TAH
Q03529,YMR272C,S+TAH
Q04623,YDR125C,S+TAH
P32337,YMR308C,S+TAH
P40565,YIR005W,S+TAH
Q01159,YGL130W,S+TAH
P40087,YER143W,S+TAH
P51998,YML025C,S+TAH
P09624,YFL018C,S+TAH
P32580,YPL029W,S+TAH
P38995,YDR270W,S+TAH
P53201,YGR002C,S+TAH
Q12378,YDR066C,S+TAH
P38329,YBR235W,S+TAH
P33324,YKL091C,S+TAH
Q04924,YDR221W,S+TAH
Q02825,YPL083C,S+TAH
P43558,YFL044C,S+TAH
P36053,YKL160W,S+TAH
P38164,YBL104C,S+TAH
P53102,YGL183C,S+TAH
P39904,YDR484W,S+TAH
P33750,YLL011W,S+TAH
Q12532,YPL009C,S+TAH
Q02608,YPL013C,S+TAH
P53115,YGL150C,S+TAH
P34243,YKL017C,S+TAH
Q06440,YLR429W,S+TAH
P34222,YBL057C,S+TAH
P52917,YPR173C,S+TAH
P53742,YNR053C,S+TAH
P38789,YHR066W,S+TAH
P34110,YJL154C,S+TAH
P38930,YOR039W,S+TAH
P53235,YGR054W,S+TAH
P38793,YHR070W,S+TAH
P40348,YJR068W,S+TAH
P38332,YBR246W,S+TAH
Q12453,YOR112W,S+TAH
P14242,YNL082W,S+TAH
P40580,YIR036C,S+TAH
Q3E7C1,YDR079C-A,S+TAH
P25045,YMR296C,S+TAH
P39708,YAL062W,S+TAH
P32611,YEL050C,S+TAH
P32457,YLR314C,S+TAH
P18900,YBR003W,S+TAH
P28742,YBL063W,S+TAH
P15705,YOR027W,S+TAH
P32775,YEL011W,S+TAH
Q12425,YPR067W,S+TAH
Q02159,YMR022W,S+TAH
Q12246,YOR171C,S+TAH
P48558,YNL305C,S+TAH
P53929,YNL108C,S+TAH
P38797,YHR076W,S+TAH
P27882,YGR029W,S+TAH
P38336,YBR257W,S+TAH
P53886,YNL172W,S+TAH
Q12395,YLR128W,S+TAH
P53319,YGR256W,S+TAH
Q00416,YLR430W,S+TAH
Q12380,YPL149W,S+TAH
P46680,YMR092C,S+TAH
P25654,YCR090C,S+TAH
P53104,YGL180W,S+TAH
P47083,YJR002W,S+TAH
P33310,YLR188W,S+TAH
P53599,YNR031C,S+TAH
P39940,YER125W,S+TAH
P40579,YIR035C,S+TAH
P47142,YJR102C,S+TAH
P40530,YIL042C,S+TAH
P53327,YGR271W,S+TAH
P40987,YOR349W,S+TAH
P35196,YBR002C,S+TAH
P36095,YKL041W,S+TAH
P25644,YCR077C,S+TAH
P28496,YKL008C,S+TAH
P36123,YKR028W,S+TAH
P54861,YLL001W,S+TAH
P25655,YCR093W,S+TAH
P36010,YKL067W,S+TAH
Q07914,YLR008C,S+TAH
P25454,YER095W,S+TAH
P27999,YGL070C,S+TAH
P53010,YGL094C,S+TAH
P36159,YKR079C,S+TAH
P38693,YHR215W,S+TAH
P19158,YOL081W,S+TAH
P16661,YBR110W,S+TAH
Q04487,YMR118C,S+TAH
P38254,YBR094W,S+TAH
P38349,YBR273C,S+TAH
P53849,YNL255C,S+TAH
P41903,YJR019C,S+TAH
P38109,YBR139W,S+TAH
P49687,YGL092W,S+TAH
P25578,YCL004W,S+TAH
P40064,YER105C,S+TAH
P41544,YJL004C,S+TAH
P32857,YKL039W,S+TAH
P40024,YER036C,S+TAH
Q02771,YER058W,S+TAH
P29547,YPL048W,S+TAH
P28273,YKL215C,S+TAH
P26637,YPL160W,S+TAH
P40055,YER082C,S+TAH
P40526,YIL049W,S+TAH
Q12523,YPL247C,S+TAH
Q06676,YDR319C,S+TAH
P53063,YGL246C,S+TAH
P38158,YBR299W,S+TAH
Q6Q560,YER048W-A,S+TAH
P53228,YGR043C,S+TAH
P46674,YDR159W,S+TAH
P40009,YER005W,S+TAH
Q3E7A4,YBL059C-A,S+TAH
P38925,YOL122C,S+TAH
P21373,YJR049C,S+TAH
Q99216,YOR145C,S+TAH
P53070,YGL236C,S+TAH
P07213,YNL121C,S+TAH
P25656,YCR094W,S+TAH
P38719,YHR169W,S+TAH
Q02875,YPL105C,S+TAH
P34223,YBL058W,S+TAH
P12945,YDL040C,S+TAH
P38260,YBR101C,S+TAH
P36149,YKR068C,S+TAH
P43570,YFL027C,S+TAH
P40013,YER016W,S+TAH
P40991,YNL061W,S+TAH
Q03764,YDR147W,S+TAH
P07560,YFL005W,S+TAH
Q05359,YAR002C-A,S+TAH
P32892,YLL008W,S+TAH
Q06390,YDR374C,S+TAH
P38702,YHR002W,S+TAH
Q04031,YDR412W,S+TAH
P05744,YPL143W,S+TAH
P32190,YHL032C,S+TAH
P39108,YDR142C,S+TAH
P25294,YNL007C,S+TAH
P00817,YBR011C,S+TAH
P39988,YEL029C,S+TAH
P33333,YDL052C,S+TAH
Q12091,YPL170W,S+TAH
P36142,YKR051W,S+TAH
P38263,YBR105C,S+TAH
P36037,YKL213C,S+TAH
P39946,YOR269W,S+TAH
P38630,YOR217W,S+TAH
P40094,YER157W,S+TAH
Q00916,YIL061C,S+TAH
P46959,YJL125C,S+TAH
Q12424,YDL206W,S+TAH
P49956,YMR078C,S+TAH
Q12176,YDR060W,S+TAH
Q00582,YML121W,S+TAH
Q07468,YDL077C,S+TAH
P24031,YBR092C,S+TAH
P47102,YJR031C,S+TAH
P36049,YKL172W,S+TAH
Q02981,YPL109C,S+TAH
Q01926,YOR334W,S+TAH
Q04338,YMR197C,S+TAH
Q03630,YML077W,S+TAH
P39730,YAL035W,S+TAH
P38126,YBR186W,S+TAH
P33893,YBL080C,S+TAH
Q08746,YOR294W,S+TAH
P20050,YIL072W,S+TAH
Q00539,YHR086W,S+TAH
P17649,YGR019W,S+TAH
Q06679,YDR324C,S+TAH
P25559,YCL016C,S+TAH
P53904,YNL148C,S+TAH
Q03790,YMR153W,S+TAH
P39515,YJL143W,S+TAH
P11075,YDR170C,S+TAH
P38888,YHR204W,S+TAH
P38710,YHR046C,S+TAH
P06773,YHR144C,S+TAH
P53253,YGR089W,S+TAH
Q06005,YLR239C,S+TAH
P43583,YFL007W,S+TAH
Q12142,YDL149W,S+TAH
Q12328,YDL217C,S+TAH
P53129,YGL124C,S+TAH
P09368,YLR142W,S+TAH
Q05902,YLR299W,S+TAH
Q05027,YMR236W,S+TAH
P23797,YMR281W,S+TAH
P39105,YMR008C,S+TAH
P07259,YJL130C,S+TAH
P35718,YKL144C,S+TAH
P14907,YJL041W,S+TAH
P25038,YOL023W,S+TAH
Q04004,YDR183W,S+TAH
P17065,YNL272C,S+TAH
P38237,YBR058C,S+TAH
P19454,YOR061W,S+TAH
Q12483,YPL002C,S+TAH
P39952,YER154W,S+TAH
P32367,YBR123C,S+TAH
Q02799,YPL054W,S+TAH
P48563,YNL297C,S+TAH
P46669,YOR340C,S+TAH
P39109,YDR135C,S+TAH
P27697,YGL119W,S+TAH
Q07938,YLR017W,S+TAH
P25618,YCR017C,S+TAH
Q08230,YOL071W,S+TAH
Q12220,YLR129W,S+TAH
Q12204,YOR022C,S+TAH
P48445,YDL141W,S+TAH
Q04489,YML096W,S+TAH
Q3E7A9,YMR194C-B,S+TAH
P17967,YCL043C,S+TAH
P15891,YCR088W,S+TAH
P53840,YNL273W,S+TAH
P32481,YER025W,S+TAH
P04050,YDL140C,S+TAH
P27680,YOL096C,S+TAH
P27514,YNR013C,S+TAH
P25039,YLR069C,S+TAH
P35197,YDL226C,S+TAH
P25371,YCR011C,S+TAH
P15732,YDR059C,S+TAH
Q12481,YOR287C,S+TAH
Q3E793,YAL044W-A,S+TAH
P38147,YBR274W,S+TAH
P39729,YAL036C,S+TAH
P49775,YDR305C,S+TAH
Q12531,YPR015C,S+TAH
P37012,YMR105C,S+TAH
P15801,YOR330C,S+TAH
Q06567,YLR253W,S+TAH
P32783,YBR236C,S+TAH
Q02724,YPL020C,S+TAH
P25631,YCR051W,S+TAH
P38615,YMR139W,S+TAH
Q12341,YPL001W,S+TAH
P06839,YER171W,S+TAH
Q08641,YOR239W,S+TAH
Q08004,YLR074C,S+TAH
P46995,YJL168C,S+TAH
P46682,YGR261C,S+TAH
P38786,YHR062C,S+TAH
Q06506,YPR137W,S+TAH
P42844,YNL310C,S+TAH
Q08448,YOR059C,S+TAH
Q06680,YDR325W,S+TAH
P43574,YFL021W,S+TAH
Q08959,YPL206C,S+TAH
P52286,YDR328C,S+TAH
P41812,YNL221C,S+TAH
P49955,YMR288W,S+TAH
P53759,YML080W,S+TAH
P10566,YJL133W,S+TAH
P53261,YGR103W,S+TAH
P32867,YPL232W,S+TAH
P53923,YNL119W,S+TAH
P39518,YER015W,S+TAH
Q01590,YLR026C,S+TAH
P17898,YNL130C,S+TAH
P53629,YNR019W,S+TAH
Q08960,YPL207W,S+TAH
P53685,YOL068C,S+TAH
P32558,YGL207W,S+TAH
P32573,YNL202W,S+TAH
Q07534,YDL119C,S+TAH
P32911,YNL244C,S+TAH
P40507,YIL079C,S+TAH
P40335,YJL053W,S+TAH
Q04174,YOR149C,S+TAH
P53893,YNL163C,S+TAH
P22137,YGL206C,S+TAH
Q03151,YMR097C,S+TAH
Q12415,YOR110W,S+TAH
Q03667,YMR002W,S+TAH
P25808,YFL002C,S+TAH
Q07729,YDL238C,S+TAH
Q02939,YPL122C,S+TAH
Q99394,YOR115C,S+TAH
P23503,YNL240C,S+TAH
P40498,YIL091C,S+TAH
P32528,YBR208C,S+TAH
Q06389,YDR373W,S+TAH
Q08651,YOR246C,S+TAH
P00812,YPL111W,S+TAH
P16658,YLR105C,S+TAH
Q12494,YDR017C,S+TAH
P39993,YEL022W,S+TAH
P32349,YPR190C,S+TAH
Q08979,YPL263C,S+TAH
P32602,YBL050W,S+TAH
Q03503,YPR051W,S+TAH
P53622,YDL145C,S+TAH
P25617,YCR016W,S+TAH
P04819,YDL164C,S+TAH
P40454,YIL153W,S+TAH
P32356,YDR001C,S+TAH
P25335,YIR029W,S+TAH
P38191,YBL049W,S+TAH
P38745,YHL017W,S+TAH
P08432,YKL184W,S+TAH
P53008,YGL027C,S+TAH
P39007,YGL022W,S+TAH
P39704,YAL007C,S+TAH
Q07913,YLR007W,S+TAH
P48363,YGR078C,S+TAH
Q12052,YPL157W,S+TAH
Q12482,YPR021C,S+TAH
P00546,YBR160W,S+TAH
P46961,YPL076W,S+TAH
Q06143,YLR348C,S+TAH
P40469,YIL128W,S+TAH
Q12390,YLL060C,S+TAH
P53944,YNL063W,S+TAH
P15179,YPL104W,S+TAH
P40413,YJR064W,S+TAH
P53040,YGL112C,S+TAH
Q12271,YOR109W,S+TAH
Q12035,YLR051C,S+TAH
P08466,YJL208C,S+TAH
Q02948,YPL120W,S+TAH
P20604,YDL047W,S+TAH
P40208,YMR135C,S+TAH
Q06218,YLR276C,S+TAH
Q05497,YDR338C,S+TAH
P43549,YFL054C,S+TAH
P38817,YHR108W,S+TAH
Q08971,YPL225W,S+TAH
Q04089,YDR440W,S+TAH
Q12042,YPL162C,S+TAH
Q12063,YDL193W,S+TAH
Q12272,YOL102C,S+TAH
P38261,YBR102C,S+TAH
P27801,YLR148W,S+TAH
Q02647,YDR424C,S+TAH
P25386,YDL058W,S+TAH
P34247,YKL099C,S+TAH
P53332,YGR277C,S+TAH
P20052,YOL001W,S+TAH
P25355,YCR054C,S+TAH
Q06833,YPR091C,S+TAH
P52490,YDR092W,S+TAH
P28778,YKL003C,S+TAH
P13259,YGR202C,S+TAH
P38604,YHR072W,S+TAH
Q12003,YPL236C,S+TAH
P14741,YKR026C,S+TAH
P47032,YJL079C,S+TAH
P40959,YMR004W,S+TAH
Q02260,YGR074W,S+TAH
P32806,YJL044C,S+TAH
P15436,YDL102W,S+TAH
P53854,YNL245C,S+TAH
P40958,YJL030W,S+TAH
P32642,YER174C,S+TAH
P38344,YBR267W,S+TAH
P38929,YGL006W,S+TAH
P43619,YFR047C,S+TAH
P23179,YHL022C,S+TAH
P52491,YLR306W,S+TAH
P29055,YPR086W,S+TAH
P04385,YBR020W,S+TAH
Q02354,YDR449C,S+TAH
P00572,YJR057W,S+TAH
Q12033,YOR275C,S+TAH
Q12743,YDR411C,S+TAH
P53145,YGL099W,S+TAH
P22203,YOR332W,S+TAH
Q12165,YDL004W,S+TAH
P32899,YHR148W,S+TAH
Q04048,YDR416W,S+TAH
P32562,YMR001C,S+TAH
Q04002,YDR180W,S+TAH
P38128,YBR182C,S+TAH
P19262,YDR148C,S+TAH
P38825,YHR117W,S+TAH
P32902,YHL004W,S+TAH
P39081,YDR228C,S+TAH
Q03067,YPL047W,S+TAH
P53065,YGL243W,S+TAH
Q12387,YOL076W,S+TAH
Q03677,YMR009W,S+TAH
P12689,YOR346W,S+TAH
P27515,YNR012W,S+TAH
P25296,YKL190W,S+TAH
P50276,YGR055W,S+TAH
P47158,YJR122W,S+TAH
P22224,YGL233W,S+TAH
P30771,YMR080C,S+TAH
P12385,YBR143C,S+TAH
P53691,YLR216C,S+TAH
P38764,YHR027C,S+TAH
P15202,YDR256C,S+TAH
Q03433,YML041C,S+TAH
P32898,YDR430C,S+TAH
P40318,YIL030C,S+TAH
P47140,YJR100C,S+TAH
P20795,YLR396C,S+TAH
P11747,YML098W,S+TAH
P14906,YOR254C,S+TAH
P24869,YPR119W,S+TAH
P32844,YIL068C,S+TAH
Q08220,YOL049W,S+TAH
P32915,YLR378C,S+TAH
P13382,YNL102W,S+TAH
Q06106,YPR112C,S+TAH
P31109,YAL030W,S+TAH
P53254,YGR090W,S+TAH
P42935,YGR200C,S+TAH
P50264,YMR020W,S+TAH
P38340,YBR261C,S+TAH
P47037,YJL074C,S+TAH
P38910,YOR020C,S+TAH
Q04958,YML059C,S+TAH
P49704,YGR091W,S+TAH
Q04781,YMR247C,S+TAH
P39981,YEL064C,S+TAH
P39953,YEL006W,S+TAH
Q07953,YLR022C,S+TAH
P38755,YHR001W,S+TAH
P33315,YBR117C,S+TAH
P32803,YGL200C,S+TAH
P40438,YIL173W,S+TAH
P41735,YOR125C,S+TAH
P28000,YNL113W,S+TAH
P46672,YGL105W,S+TAH
P32354,YIL150C,S+TAH
Q12059,YPL003W,S+TAH
P21801,YLL041C,S+TAH
Q07350,YDL043C,S+TAH
P47176,YJR148W,S+TAH
Q06488,YLR357W,S+TAH
P09032,YOR260W,S+TAH
P53962,YNL035C,S+TAH
P50102,YMR223W,S+TAH
P30624,YOR317W,S+TAH
P12753,YNL250W,S+TAH
Q12149,YOR001W,S+TAH
P14743,YLR195C,S+TAH
Q05809,YLR218C,S+TAH
P00890,YNR001C,S+TAH
Q01846,YML104C,S+TAH
P38138,YBR229C,S+TAH
P38143,YBR244W,S+TAH
P22147,YGL173C,S+TAH
P47085,YJR008W,S+TAH
P52920,YGL091C,S+TAH
P50076,YGR227W,S+TAH
P36070,YKL125W,S+TAH
P50085,YGR231C,S+TAH
P38063,YBL068W,S+TAH
P53972,YNL022C,S+TAH
Q12018,YDL132W,S+TAH
Q12239,YOL107W,S+TAH
P36013,YKL029C,S+TAH
P53868,YNL219C,S+TAH
Q08952,YPL196W,S+TAH
P32357,YBL074C,S+TAH
P40416,YMR301C,S+TAH
P53306,YGR216C,S+TAH
Q06706,YLR384C,S+TAH
P53154,YGL084C,S+TAH
P32609,YDR323C,S+TAH
P38345,YBR269C,S+TAH
Q04835,YMR253C,S+TAH
P53946,YNL059C,S+TAH
P47096,YJR025C,S+TAH
P38961,YDR083W,S+TAH
P27692,YML010W,S+TAH
P36145,YKR062W,S+TAH
Q12078,YLR034C,S+TAH
P35842,YAR071W,S+TAH
Q04500,YML093W,S+TAH
Q12153,YDR312W,S+TAH
Q06116,YPR117W,S+TAH
P47111,YJR044C,S+TAH
Q08162,YOL021C,S+TAH
P38244,YBR074W,S+TAH
Q12136,YDL153C,S+TAH
P00635,YBR093C,S+TAH
Q12443,YDL204W,S+TAH
Q06512,YPR144C,S+TAH
P42837,YNL325C,S+TAH
P53255,YGR093W,S+TAH
P33313,YBR155W,S+TAH
Q05543,YDR289C,S+TAH
Q08109,YOL013C,S+TAH
P40185,YIL051C,S+TAH
P25368,YCL031C,S+TAH
P53617,YNL251C,S+TAH
P11491,YDR481C,S+TAH
Q12449,YDR214W,S+TAH
Q12325,YLR092W,S+TAH
P53290,YGR163W,S+TAH
Q06053,YLR401C,S+TAH
O13329,YDR110W,S+TAH
P41910,YDR005C,S+TAH
P10862,YCR066W,S+TAH
P36100,YKL028W,S+TAH
Q12125,YOR164C,S+TAH
Q07381,YDL060W,S+TAH
Q12123,YOR173W,S+TAH
Q12128,YOR134W,S+TAH
P53187,YGL033W,S+TAH
Q12508,YDR255C,S+TAH
P38893,YHR210C,S+TAH
P38821,YHR113W,S+TAH
P09547,YPL016W,S+TAH
P33314,YKL092C,S+TAH
P39006,YNL169C,S+TAH
P50944,YNL101W,S+TAH
P47912,YMR246W,S+TAH
Q12429,YLR143W,S+TAH
P39970,YER045C,S+TAH
P53320,YGR257C,S+TAH
P0CX50,YNL301C,S+TAH
P38121,YBL035C,S+TAH
Q99260,YLR262C,S+TAH
P06776,YOR360C,S+TAH
Q03177,YMR102C,S+TAH
P39073,YPL042C,S+TAH
Q05040,YMR029C,S+TAH
Q05776,YLR193C,S+TAH
P53540,YNL126W,S+TAH
Q00055,YDL022W,S+TAH
P40558,YIL003W,S+TAH
P32464,YKL189W,S+TAH
P39935,YGR162W,S+TAH
Q08873,YOR367W,S+TAH
P40303,YOL038W,S+TAH
P20484,YKL021C,S+TAH
P53552,YNL139C,S+TAH
P53729,YNR029C,S+TAH
P46964,YOR103C,S+TAH
P38071,YBR026C,S+TAH
P04840,YNL055C,S+TAH
P06245,YPL203W,S+TAH
P08425,YPR047W,S+TAH
P42842,YNL313C,S+TAH
P36154,YKR074W,S+TAH
P0C074,YNL138W-A,S+TAH
Q07508,YDL087C,S+TAH
P22140,YHR123W,S+TAH
P17536,YNL079C,S+TAH
Q02783,YPL060W,S+TAH
P35056,YDR244W,S+TAH
Q04235,YML005W,S+TAH
P39077,YJL014W,S+TAH
P20967,YIL125W,S+TAH
P36015,YKL196C,S+TAH
Q3E7B7,YDL085C-A,S+TAH
P24384,YER013W,S+TAH
Q02772,YJR034W,S+TAH
P53315,YGR248W,S+TAH
Q12146,YOL146W,S+TAH
P52871,YER019C-A,S+TAH
Q08444,YOR056C,S+TAH
Q04673,YLR005W,S+TAH
P32333,YPL082C,S+TAH
P26188,YDL200C,S+TAH
P39538,YJL197W,S+TAH
P36533,YML009C,S+TAH
Q06063,YLR405W,S+TAH
Q02884,YPL101W,S+TAH
Q06819,YPR082C,S+TAH
P00045,YEL039C,S+TAH
P38863,YHR172W,S+TAH
Q12275,YOR093C,S+TAH
P22023,YOR336W,S+TAH
Q07915,YLR009W,S+TAH
Q12417,YPL151C,S+TAH
P38861,YHR170W,S+TAH
P32380,YDR356W,S+TAH
P32559,YMR023C,S+TAH
P38744,YHL018W,S+TAH
P21269,YER168C,S+TAH
P06785,YOR074C,S+TAH
P30777,YGL142C,S+TAH
P36001,YKL132C,S+TAH
P35169,YJR066W,S+TAH
Q12224,YPL089C,S+TAH
P36973,YDR441C,S+TAH
P36130,YKR036C,S+TAH
Q04364,YMR018W,S+TAH
P53203,YGR004W,S+TAH
P53036,YGL229C,S+TAH
Q06665,YDR314C,S+TAH
P36014,YKL026C,S+TAH
P32492,YAL029C,S+TAH
Q04322,YMR192W,S+TAH
Q04516,YML087C,S+TAH
Q05790,YLR213C,S+TAH
P41901,YGR059W,S+TAH
P36006,YKL129C,S+TAH
Q06108,YPR115W,S+TAH
Q08001,YLR072W,S+TAH
Q08558,YOR180C,S+TAH
P05319,YOL039W,S+TAH
P38697,YHR216W,S+TAH
Q05031,YMR238W,S+TAH
Q12455,YLR146C,S+TAH
Q12122,YDL131W,S+TAH
Q04304,YMR090W,S+TAH
P25719,YML078W,S+TAH
P39016,YGL178W,S+TAH
P48361,YGR097W,S+TAH
Q02486,YMR072W,S+TAH
P22470,YDR143C,S+TAH
Q05871,YLR284C,S+TAH
P06244,YJL164C,S+TAH
P32340,YML120C,S+TAH
P10591,YAL005C,S+TAH
P33417,YKL032C,S+TAH
P22133,YOL126C,S+TAH
Q12469,YOL113W,S+TAH
P32419,YDL078C,S+TAH
P38358,YBR293W,S+TAH
P32343,YKL124W,S+TAH
Q12039,YOL095C,S+TAH
Q03640,YML072C,S+TAH
P33894,YOR219C,S+TAH
P47144,YJR106W,S+TAH
P33311,YPL270W,S+TAH
P11154,YGL062W,S+TAH
Q06709,YLR387C,S+TAH
Q01574,YAL054C,S+TAH
P50095,YLR432W,S+TAH
P14772,YLL015W,S+TAH
P36018,YKR014C,S+TAH
P24870,YDL155W,S+TAH
P29340,YGR133W,S+TAH
P38777,YHR049W,S+TAH
P25372,YCR083W,S+TAH
P15108,YMR186W,S+TAH
P42936,YGR201C,S+TAH
P0CF18,YMR085W,S+TAH
P47033,YJL078C,S+TAH
P38819,YHR110W,S+TAH
P25555,YCL011C,S+TAH
P38714,YHR091C,S+TAH
P38317,YBR219C,S+TAH
P32467,YHR092C,S+TAH
P53912,YNL134C,S+TAH
P47977,YLR136C,S+TAH
P15019,YLR354C,S+TAH
Q3E7Y3,YLR367W,S+TAH
Q12211,YPL212C,S+TAH
P10963,YKR097W,S+TAH
Q07500,YDL085W,S+TAH
P13181,YLR081W,S+TAH
P00927,YER086W,S+TAH
P26785,YNL069C,S+TAH
P43581,YFL011W,S+TAH
P39004,YDR342C,S+TAH
P05755,YBR189W,S+TAH
P41816,YPL171C,S+TAH
P42834,YNL328C,S+TAH
P46654,YLR048W,S+TAH
P32466,YDR345C,S+TAH
Q03049,YDR541C,S+TAH
P48570,YDL182W,S+TAH
P53615,YNL036W,S+TAH
Q03862,YDR101C,S+TAH
P32465,YHR094C,S+TAH
P11076,YDL192W,S+TAH
P32849,YLR032W,S+TAH
P48562,YNL298W,S+TAH
P37303,YEL046C,S+TAH
P21372,YBR237W,S+TAH
Q08754,YOR299W,S+TAH
P42938,YGR205W,S+TAH
P23248,YML063W,S+TAH
P40157,YNL212W,S+TAH
P43591,YFR007W,S+TAH
P32842,YPL234C,S+TAH
P39003,YDR343C,S+TAH
P39533,YJL200C,S+TAH
P40566,YIR007W,S+TAH
P38890,YHR207C,S+TAH
P38088,YBR121C,S+TAH
P24521,YMR220W,S+TAH
P00360,YJL052W,S+TAH
Q03419,YDR492W,S+TAH
P40215,YMR145C,S+TAH
P39683,YOR209C,S+TAH
P53142,YGL104C,S+TAH
P40038,YER059W,S+TAH
P47138,YJR097W,S+TAH
Q12314,YOR021C,S+TAH
P40485,YIL105C,S+TAH
Q04120,YDR453C,S+TAH
P36062,YKL146W,S+TAH
Q12068,YOL151W,S+TAH
P47145,YJR107W,S+TAH
P38689,YHL011C,S+TAH
P53863,YNL227C,S+TAH
P40513,YIL070C,S+TAH
P25608,YCR102C,S+TAH
P23585,YMR011W,S+TAH
Q02630,YMR047C,S+TAH
P36091,YKL046C,S+TAH
P32835,YLR293C,S+TAH
P28777,YGL148W,S+TAH
P08566,YDR127W,S+TAH
Q04437,YMR106C,S+TAH
Q12676,YMR113W,S+TAH
P39967,YER098W,S+TAH
Q12680,YDL171C,S+TAH
P40537,YIL031W,S+TAH
Q06668,YDR316W,S+TAH
P32798,YOR316C,S+TAH
P32623,YEL040W,S+TAH
Q12404,YOR288C,S+TAH
P38620,YER099C,S+TAH
P39928,YIL147C,S+TAH
P32589,YPL106C,S+TAH
Q12046,YDL209C,S+TAH
P30952,YNL117W,S+TAH
Q04301,YMR088C,S+TAH
P40186,YIL050W,S+TAH
Q99186,YOL062C,S+TAH
P53955,YNL047C,S+TAH
P43563,YFL034C-B,S+TAH
P09440,YBR084W,S+TAH
P53183,YGL039W,S+TAH
P00431,YKR066C,S+TAH
P25338,YGL010W,S+TAH
Q08961,YPL208W,S+TAH
P35182,YDL006W,S+TAH
P11792,YHR205W,S+TAH
Q06169,YLR324W,S+TAH
P21524,YER070W,S+TAH
P38922,YNL004W,S+TAH
Q04562,YDR107C,S+TAH
Q99288,YDR051C,S+TAH
P38889,YHR206W,S+TAH
Q12461,YPL152W,S+TAH
P47177,YJR149W,S+TAH
Q04599,YDR116C,S+TAH
P38891,YHR208W,S+TAH
P47137,YJR096W,S+TAH
P23202,YNL229C,S+TAH
P25339,YGL014W,S+TAH
P01120,YNL098C,S+TAH
P33335,YPR198W,S+TAH
P21734,YDR177W,S+TAH
Q04629,YDR126W,S+TAH
P36078,YKL084W,S+TAH
Q12514,YPR072W,S+TAH
P48353,YMR161W,S+TAH
P35184,YIR012W,S+TAH
P22517,YOL016C,S+TAH
P32386,YLL048C,S+TAH
P38992,YDR297W,S+TAH
Q06493,YPR125W,S+TAH
P06784,YDL159W,S+TAH
Q03558,YHR179W,S+TAH
Q12358,YLL057C,S+TAH
P22108,YDR530C,S+TAH
Q99287,YOR165W,S+TAH
P54862,YOL156W,S+TAH
P26448,YMR055C,S+TAH
Q07800,YLL010C,S+TAH
P54007,YLR460C,S+TAH
P32606,YOR017W,S+TAH
P53878,YNL181W,S+TAH
P08004,YNL192W,S+TAH
P53111,YGL157W,S+TAH
Q05029,YMR237W,S+TAH
P32784,YBL011W,S+TAH
P32838,YNR032W,S+TAH
Q12342,YDL146W,S+TAH
Q12466,YOR086C,S+TAH
Q05924,YLR361C,S+TAH
Q02629,YKL068W,S+TAH
Q01389,YJL095W,S+TAH
P53184,YGL037C,S+TAH
P39925,YER017C,S+TAH
P39516,YJL191W,S+TAH
P36165,YKR089C,S+TAH
Q03212,YMR171C,S+TAH
Q06651,YDR313C,S+TAH
Q03829,YMR166C,S+TAH
P41911,YOL059W,S+TAH
Q05892,YLR290C,S+TAH
P40494,YIL095W,S+TAH
P38695,YHR096C,S+TAH
Q08214,YOL043C,S+TAH
Q04179,YDR400W,S+TAH
P36096,YKL034W,S+TAH
P36101,YKL027W,S+TAH
P23595,YDL188C,S+TAH
P38355,YBR287W,S+TAH
Q12462,YOL147C,S+TAH
Q03020,YPL135W,S+TAH
P36517,YLR439W,S+TAH
P51996,YGL210W,S+TAH
Q06696,YLR417W,S+TAH
P16550,YCL050C,S+TAH
P53206,YGR012W,S+TAH
P32597,YIL126W,S+TAH
P47025,YJL112W,S+TAH
P38810,YHR098C,S+TAH
Q08023,YLR077W,S+TAH
P21826,YIR031C,S+TAH
P24871,YLR210W,S+TAH
P40354,YJR062C,S+TAH
P14180,YBR038W,S+TAH
P48231,YNL087W,S+TAH
P32454,YKL157W,S+TAH
P38767,YHR032W,S+TAH
Q12288,YLR126C,S+TAH
Q12362,YOL066C,S+TAH
Q07084,YLR006C,S+TAH
Q02863,YPL072W,S+TAH
P28240,YER065C,S+TAH
Q06436,YLR427W,S+TAH
P36088,YKL069W,S+TAH
P38590,YNL053W,S+TAH
P49957,YML014W,S+TAH
P31688,YDR074W,S+TAH
P38715,YHR104W,S+TAH
Q02931,YPL126W,S+TAH
P38812,YHR100C,S+TAH
P43609,YFR037C,S+TAH
Q12251,YPR011C,S+TAH
P40885,YJL219W,S+TAH
P40886,YJL214W,S+TAH
P40447,YIL164C,S+TAH
Q07471,YDL080C,S+TAH
P47190,YOR321W,S+TAH
P36158,YKR078W,S+TAH
P12685,YJL129C,S+TAH
Q12177,YLL056C,S+TAH
P52867,YDL093W,S+TAH
Q07923,YLR011W,S+TAH
P32474,YDR518W,S+TAH
P53844,YNL264C,S+TAH
P40025,YER037W,S+TAH
P38312,YBR210W,S+TAH
P38720,YHR183W,S+TAH
Q04894,YMR318C,S+TAH
P40106,YER062C,S+TAH
P40319,YLR372W,S+TAH
P39542,YJL193W,S+TAH
Q04952,YMR306W,S+TAH
P38734,YHL036W,S+TAH
P56508,YDR525W-A,S+TAH
Q99247,YOL087C,S+TAH
P19657,YPL036W,S+TAH
P41277,YIL053W,S+TAH
P32480,YOR038C,S+TAH
P40471,YIL124W,S+TAH
P38773,YHR043C,S+TAH
P87284,YDR276C,S+TAH
Q12096,YOR320C,S+TAH
P10592,YLL024C,S+TAH
Q06525,YPR152C,S+TAH
P54113,YLR028C,S+TAH
P53727,YNR027W,S+TAH
P40309,YJL094C,S+TAH
P40046,YER072W,S+TAH
P43561,YFL041W,S+TAH
P42934,YGR199W,S+TAH
P38774,YHR044C,S+TAH
P40989,YGR032W,S+TAH
P30283,YPR120C,S+TAH
Q12252,YOL084W,S+TAH
P42838,YNL323W,S+TAH
P32583,YKR092C,S+TAH
Q02725,YPL019C,S+TAH
P38196,YBL042C,S+TAH
P25349,YCR004C,S+TAH
P00724,YIL162W,S+TAH
P32943,YGR109C,S+TAH
P0CE11,YER039C,S+TAH
P25087,YML008C,S+TAH
P05694,YER091C,S+TAH
P32179,YOL064C,S+TAH
Q06497,YPR128C,S+TAH
Q04212,YMR041C,S+TAH
P00498,YER055C,S+TAH
P39522,YJR016C,S+TAH
P06168,YLR355C,S+TAH
P07250,YDR173C,S+TAH
P51533,YOR328W,S+TAH
Q04728,YMR062C,S+TAH
P40107,YGL225W,S+TAH
P47169,YJR137C,S+TAH
P10869,YER052C,S+TAH
P28584,YKR050W,S+TAH
Q12043,YOR081C,S+TAH
P18544,YOL140W,S+TAH
P47052,YJL045W,S+TAH
P19358,YDR502C,S+TAH
P00931,YGL026C,S+TAH
P36150,YKR069W,S+TAH
P38850,YHR154W,S+TAH
P07249,YMR042W,S+TAH
P13663,YDR158W,S+TAH
Q08985,YPL273W,S+TAH
P32451,YGR286C,S+TAH
P14540,YKL060C,S+TAH
P15992,YBR072W,S+TAH
P07285,YDR354W,S+TAH
P06633,YOR202W,S+TAH
P03965,YJR109C,S+TAH
P00815,YCL030C,S+TAH
P53078,YGL224C,S+TAH
P07172,YIL116W,S+TAH
P25641,YCR068W,S+TAH
P07342,YMR108W,S+TAH
P36519,YDR237W,S+TAH
P33401,YKL127W,S+TAH
P53965,YNL032W,S+TAH
P36156,YKR076W,S+TAH
P00358,YJR009C,S+TAH
P06169,YLR044C,S+TAH
Q04749,YMR068W,S+TAH
P43601,YFR021W,S+TAH
P29509,YDR353W,S+TAH
P20447,YGL078C,S+TAH
P31116,YJR139C,S+TAH
P53687,YOR025W,S+TAH
P38145,YBR256C,S+TAH
Q03322,YDR468C,S+TAH
P50108,YDR245W,S+TAH
P33302,YOR153W,S+TAH
P25358,YCR034W,S+TAH
P53093,YGL198W,S+TAH
P46971,YJR143C,S+TAH
P36106,YKL005C,S+TAH
P46965,YJR010C-A,S+TAH
Q05874,YLR285W,S+TAH
P36526,YBR282W,S+TAH
Q03441,YDL001W,S+TAH
Q3E764,YLR262C-A,S+TAH
P18496,YLR393W,S+TAH
P20051,YLR420W,S+TAH
P00899,YER090W,S+TAH
Q04895,YIR028W,S+TAH
P43569,YFL028C,S+TAH
Q3E705,YGR271C-A,S+TAH
Q07655,YDL224C,S+TAH
P15703,YGR282C,S+TAH
P06634,YOR204W,S+TAH
P25569,YCL039W,S+TAH
P47075,YJL012C,S+TAH
P34761,YNL197C,S+TAH
P00937,YKL211C,S+TAH
P53688,YDR191W,S+TAH
P05030,YGL008C,S+TAH
Q99385,YDL128W,S+TAH
P38771,YHR038W,S+TAH
P40210,YMR140W,S+TAH
P35191,YFL016C,S+TAH
P53125,YGL133W,S+TAH
P53885,YNL173C,S+TAH
P32864,YOR370C,S+TAH
P41832,YNL271C,S+TAH
Q08975,YPL258C,S+TAH
Q12178,YPR062W,S+TAH
P36060,YKL150W,S+TAH
P38694,YHR039C,S+TAH
Q03144,YMR095C,S+TAH
P18480,YBR289W,S+TAH
Q12040,YOR283W,S+TAH
P33734,YBR248C,S+TAH
P53394,YPR003C,S+TAH
Q12335,YDR032C,S+TAH
P40493,YIL096C,S+TAH
P38987,YML064C,S+TAH
P53866,YNL224C,S+TAH
P32912,YGL212W,S+TAH
P53305,YGR215W,S+TAH
P53901,YNL152W,S+TAH
Q03218,YMR177W,S+TAH
P53733,YNR037C,S+TAH
P48236,YGR149W,S+TAH
P53037,YGR170W,S+TAH
P53210,YGR017W,S+TAH
Q03161,YMR099C,S+TAH
P50861,YOL143C,S+TAH
P40075,YER120W,S+TAH
Q03210,YML118W,S+TAH
P38838,YHR134W,S+TAH
P17121,YDR389W,S+TAH
P40202,YMR038C,S+TAH
P25605,YCL009C,S+TAH
P53753,YNR067C,S+TAH
P08536,YJR010W,S+TAH
Q07418,YDL065C,S+TAH
Q06490,YPR121W,S+TAH
Q12525,YLL062C,S+TAH
P40858,YJL096W,S+TAH
P33303,YJR095W,S+TAH
Q08601,YOR197W,S+TAH
P38756,YHR003C,S+TAH
P53324,YGR263C,S+TAH
P26263,YGR087C,S+TAH
P39979,YEL066W,S+TAH
Q03795,YMR155W,S+TAH
P43132,YLR015W,S+TAH
P07264,YGL009C,S+TAH
Q03246,YMR188C,S+TAH
Q99258,YDR487C,S+TAH
Q03516,YMR266W,S+TAH
P38149,YBR281C,S+TAH
P36040,YKL206C,S+TAH
P53170,YGL059W,S+TAH
P47044,YJL055W,S+TAH
Q07376,YDL054C,S+TAH
P06779,YJR052W,S+TAH
Q12367,YLR137W,S+TAH
P40892,YJL218W,S+TAH
P40545,YIL020C,S+TAH
Q07845,YLL035W,S+TAH
P38758,YHR009C,S+TAH
Q08743,YOR292C,S+TAH
P32452,YNL316C,S+TAH
Q04182,YDR406W,S+TAH
P04173,YCL018W,S+TAH
Q06592,YPR193C,S+TAH
P07258,YOR303W,S+TAH
Q02457,YPL128C,S+TAH
P53390,YPR138C,S+TAH
P25341,YCR091W,S+TAH
P37254,YNR033W,S+TAH
P43603,YFR024C-A,S+TAH
P16467,YLR134W,S+TAH
P33312,YBR153W,S+TAH
P32608,YGL252C,S+TAH
Q05549,YDR291W,S+TAH
P53848,YNL256W,S+TAH
P39985,YEL055C,S+TAH
P32873,YPL115C,S+TAH
P22134,YER142C,S+TAH
Q04806,YMR251W,S+TAH
P53980,YNL011C,S+TAH
P40260,YGR121C,S+TAH
P36136,YKR043C,S+TAH
Q08689,YOR253W,S+TAH
P41948,YNL142W,S+TAH
P32904,YHR147C,S+TAH
P39540,YJL196C,S+TAH
P33775,YDL095W,S+TAH
P27929,YNL137C,S+TAH
P48239,YGR154C,S+TAH
P53953,YNL049C,S+TAH
P47818,YLR220W,S+TAH
P05316,YBR021W,S+TAH
P40586,YIR042C,S+TAH
P43544,YFL060C,S+TAH
Q08634,YOR238W,S+TAH
P53120,YGL140C,S+TAH
P47173,YJR142W,S+TAH
P00912,YDR007W,S+TAH
P35996,YKL170W,S+TAH
P48569,YDL183C,S+TAH
Q07458,YDL076C,S+TAH
P38347,YBR271W,S+TAH
Q12277,YDL111C,S+TAH
P16151,YDR414C,S+TAH
P32318,YGR144W,S+TAH
P38631,YLR342W,S+TAH
Q03201,YDR041W,S+TAH
Q04792,YMR250W,S+TAH
P53824,YNL333W,S+TAH
P23796,YMR283C,S+TAH
P53823,YNL334C,S+TAH
P53860,YNL231C,S+TAH
P25365,YCR067C,S+TAH
P40553,YIL010W,S+TAH
Q12486,YOR131C,S+TAH
P53937,YNL081C,S+TAH
Q08911,YOR388C,S+TAH
Q12102,YLR115W,S+TAH
P38430,YMR262W,S+TAH
P53153,YGL085W,S+TAH
P38993,YMR058W,S+TAH
P38064,YBL038W,S+TAH
Q12168,YLR144C,S+TAH
P38222,YBR030W,S+TAH
P12684,YLR450W,S+TAH
P43585,YFL004W,S+TAH
Q08964,YPL216W,S+TAH
P07271,YML061C,S+TAH
P43545,YFL059W,S+TAH
P11655,YNR026C,S+TAH
P38122,YBR176W,S+TAH
P39112,YMR287C,S+TAH
P46973,YJR055W,S+TAH
P38845,YHR146W,S+TAH
P28743,YPL155C,S+TAH
P32178,YPR060C,S+TAH
P53134,YGL114W,S+TAH
Q04689,YML050W,S+TAH
P36120,YKR024C,S+TAH
Q03264,YMR285C,S+TAH
P29029,YLR286C,S+TAH
P38199,YBL032W,S+TAH
Q03976,YDR175C,S+TAH
P47150,YJR113C,S+TAH
P42937,YGR203W,S+TAH
Q00764,YBR126C,S+TAH
P40459,YIL145C,S+TAH
Q08224,YOL055C,S+TAH
P53242,YGR066C,S+TAH
P40897,YJL212C,S+TAH
P25554,YCL010C,S+TAH
Q08970,YPL224C,S+TAH
P12954,YJL092W,S+TAH
Q12374,YPR155C,S+TAH