Orthogroup	A_s288c	S.eubayanus	S.paradoxus	Saccharomyces_mikatae
OG0004882	P0CX86			
OG0004883	P21651			
OG0004884	P30775			
OG0004885	P03872			
OG0004886	P19956			
OG0004887	P0CX87			
OG0004888	Q12305			
OG0004889	A0A0B7P221			
OG0004890	Q9ZZX9			
OG0004891	Q9ZZX8			
OG0004892	Q9ZZX7			
OG0004893	Q35811			
OG0004894	Q9ZZW4			
OG0004895	Q9ZZV8			
OG0004896	P22354			
OG0004897	P06781			
OG0004898	P03871			
OG0004899	Q03530			
OG0004900	P23369			
OG0004901	Q12672			
OG0004902	Q04599			
OG0004903	P04650			
OG0004904	Q08961			
OG0004905	Q06091			
OG0004906	P25604			
OG0004907	Q04398			
OG0004908	P53072			
OG0004909	P23179			
OG0004910	P31377			
OG0004911	P38634			
OG0004912	Q12368			
OG0004913	P08459			
OG0004914	P54003			
OG0004915	Q9ZZW3			
OG0004916	Q9ZZW2			
OG0004917	Q9ZZW1			
OG0004918	P08525			
OG0004919	Q06891			
OG0004920	P01120			
OG0004921	P04161			
OG0004922	P00127			
OG0004923	P43122			
OG0004924	P53148			
OG0004925	P40014			
OG0004926	P25554			
OG0004927	Q03067			
OG0004928	P40479			
OG0004929	P38343			
OG0004930	P03878			
OG0004931	P25303			
OG0004932	P22214			
OG0004933	Q12314			
OG0004934	P03882			
OG0004935	P38345			
OG0004936	P20840			
OG0004937	P03877			
OG0004938	P39735			
OG0004939	P53324			
OG0004940	Q9ZZX1			
OG0004941	Q6Q595			
OG0004942	Q08230			
OG0004943	Q06058			
OG0004944	P40505			
OG0004945	Q01590			
OG0004946	Q04487			
OG0004947	Q06688			
OG0004948	P53541			
OG0004949	P32914			
OG0004950	Q03029			
OG0004951	P10663			
OG0004952	P53732			
OG0004953	P53305			
OG0004954	P32607			
OG0004955	P53733			
OG0004956	Q03919			
OG0004957	Q03750			
OG0004958	Q8TGM6			
OG0004959	P40085			
OG0004960	Q06417			
OG0004961	P38827			
OG0004962	P53937			
OG0004963	P53038			
OG0004964	P46670			
OG0004965	P32613			
OG0004966	P36162			
OG0004967	Q02647			
OG0004968	P43595			
OG0004969	Q04949			
OG0004970	Q06151			
OG0004971	P47178			
OG0004972	P25334			
OG0004973	P47179			
OG0004974	P38818			
OG0004975	Q06071			
OG0004976	Q12226			
OG0004977	P39714			
OG0004978	P53194			
OG0004979	P27680			
OG0004980	P46946			
OG0004981	P32344			
OG0004982	Q08685			
OG0004983	Q05892			
OG0004984	P31386			
OG0004985	P81449			
OG0004986	P32450			
OG0004987	P53759			
OG0004988	P38428			
OG0004989	Q06705			
OG0004990	P00163			
OG0004991	P25656			
OG0004992	Q12262			
OG0004993	P36038			
OG0004994	P38724			
OG0004995	P24813			
OG0004996	P0CD90			
OG0004997	P47041			
OG0004998	P85052			
OG0004999	P53323			
OG0005000	P53841			
OG0005001	P40580			
OG0005002	Q03654			
OG0005003	Q08492			
OG0005004	P53934			
OG0005005	P27825			
OG0005006	P13517			
OG0005007	P35203			
OG0005008	Q06549			
OG0005009	P21560			
OG0005010	P32526			
OG0005011	P34166			
OG0005012	P06245			
OG0005013	P36005			
OG0005014	Q12425			
OG0005015	P15700			
OG0005016	Q04746			
OG0005017	Q8TGJ3			
OG0005018	P38689			
OG0005019	P38439			
OG0005020	P38523			
OG0005021	P40857			
OG0005022	P06774			
OG0005023	Q12393			
OG0005024	P38068			
OG0005025	Q08227			
OG0005026	P26364			
OG0005027	Q03786			
OG0005028	Q05584			
OG0005029	P30777			
OG0005030	Q04344			
OG0005031	P32478			
OG0005032	P49018			
OG0005033	P25626			
OG0005034	P28239			
OG0005035	Q08630			
OG0005036	P45820			
OG0005037	P39982			
OG0005038	P0CY13			
OG0005039	P32351			
OG0005040	P17709			
OG0005041	P40154			
OG0005042	P40325			
OG0005043	P47034			
OG0005044	P43598			
OG0005045	P40362			
OG0005046	P0CF16			
OG0005047	P36164			
OG0005048	P15732			
OG0005049	P25372			
OG0005050	Q05024			
OG0005051	Q3E790			
OG0005052	P38820			
OG0005053	P0CG63			
OG0005054	P31412			
OG0005055	Q06682			
OG0005056	P0CX57			
OG0005057	Q8TGV0			
OG0005058	P39564			
OG0005059	Q05776			
OG0005060	O13512			
OG0005061	O13527			
OG0005062	P39563			
OG0005063	Q08474			
OG0005064	Q3E741			
OG0005065	Q3E791			
OG0005066	P40414			
OG0005067	P40310			
OG0005068	P48560			
OG0005069	P80967			
OG0005070	O13539			
OG0005071	Q8TGK6			
OG0005072	Q08182			
OG0005073	Q12085			
OG0005074	Q12485			
OG0005075	Q02767			
OG0005076	P0CX67			
OG0005077	Q8TGU1			
OG0005078	P53216			
OG0005079	P53853			
OG0005080	P53225			
OG0005081	P53231			
OG0005082	P47161			
OG0005083	P53211			
OG0005084	P37370			
OG0005085	P40151			
OG0005086	P39102			
OG0005087	Q3E816			
OG0005088	Q8TGT9			
OG0005089	Q8TGT8			
OG0005090	O13549			
OG0005091	P0C5N1			
OG0005092	Q03631			
OG0005093	Q8TGU0			
OG0005094	Q45U48			
OG0005095	P38759			
OG0005096	Q3E802			
OG0005097	Q03897			
OG0005098	Q03784			
OG0005099	Q12199			
OG0005100	P35202			
OG0005101	P41338			
OG0005102	Q8J0M4			
OG0005103	P25383			
OG0005104	Q2V2Q3			
OG0005105	Q12260			
OG0005106	Q3E821			
OG0005107	Q3E778			
OG0005108	Q8TGU8			
OG0005109	Q3E794			
OG0005110	Q8TGU6			
OG0005111	P25384			
OG0005112	P25620			
OG0005113	P37265			
OG0005114	P25606			
OG0005115	P25607			
OG0005116	P0C5M1			
OG0005117	P25361			
OG0005118	P39549			
OG0005119	P39711			
OG0005120	Q3E776			
OG0005121	P38354			
OG0005122	Q3E820			
OG0005123	P0C5K9			
OG0005124	Q12217			
OG0005125	P42937			
OG0005126	Q3E755			
OG0005127	P38220			
OG0005128	P25565			
OG0005129	Q3E7Z7			
OG0005130	P36131			
OG0005131	P38301			
OG0005132	P53171			
OG0005133	P36143			
OG0005134	P38819			
OG0005135	P0CX10			
OG0005136	Q05785			
OG0005137	P62651			
OG0005138	Q06344			
OG0005139	P42222			
OG0005140	P41912			
OG0005141	P0CX11			
OG0005142	P39727			
OG0005143	P38736			
OG0005144	P47160			
OG0005145	O13577			
OG0005146	P32768			
OG0005147	P36141			
OG0005148	Q07653			
OG0005149	P32785			
OG0005150	P40008			
OG0005151	Q03898			
OG0005152	P40039			
OG0005153	P69771			
OG0005154	P47128			
OG0005155	Q06819			
OG0005156	Q05610			
OG0005157	P33317			
OG0005158	O13529			
OG0005159	P81451			
OG0005160	P21306			
OG0005161	P00856			
OG0005162	P61829			
OG0005163	Q02786			
OG0005164	P32491			
OG0005165	P38210			
OG0005166	Q01846			
OG0005167	P20484			
OG0005168	Q9ZZW7			
OG0005169	P39534			
OG0005170	P03879			
OG0005171	Q03081			
OG0005172	P25625			
OG0005173	Q8TGN9			
OG0005174	P40356			
OG0005175	P03873			
OG0005176	P38828			
OG0005177	Q03429			
OG0005178	P38860			
OG0005179	P38857			
OG0005180	P38172			
OG0005181	Q07349			
OG0005182	P10566			
OG0005183	P40364			
OG0005184	Q02820			
OG0005185	Q12379			
OG0005186	P41058			
OG0005187	Q07794			
OG0005188	Q12378			
OG0005189	O14464			
OG0005190	Q02753			
OG0005191	P36531			
OG0005192	P40525			
OG0005193	Q3E754			
OG0005194	Q08932			
OG0005195	P41057			
OG0005196	P05759			
OG0005197	P07281			
OG0005198	P32841			
OG0005199	P25441			
OG0005200	P40042			
OG0005201	P53942			
OG0005202	P40993			
OG0005203	P40858			
OG0005204	P02381			
OG0005205	Q3E811			
OG0005206	P38192			
OG0005207	P07280			
OG0005208	P0C0V8			
OG0005209	Q07829			
OG0005210	Q3E7X9			
OG0005211	P36047			
OG0005212	P19955			
OG0005213	P89114			
OG0005214	P38429			
OG0005215	P40455			
OG0005216	P47023			
OG0005217	Q3E798			
OG0005218	P0C2J4			
OG0005219	P0CE99			
OG0005220	P0CF00			
OG0005221	Q12312			
OG0005222	Q04897			
OG0005223	Q04898			
OG0005224	Q04215			
OG0005225	Q03675			
OG0005226	Q08321			
OG0005227	O13587			
OG0005228	Q3E809			
OG0005229	P0CX72			
OG0005230	Q12391			
OG0005231	P03881			
OG0005232	P53754			
OG0005233	P53910			
OG0005234	Q08504			
OG0005235	Q3E751			
OG0005236	Q02754			
OG0005237	Q02826			
OG0005238	P36019			
OG0005239	Q12210			
OG0005240	P32616			
OG0005241	Q07746			
OG0005242	P0C5M8			
OG0005243	P0C5N6			
OG0005244	P38752			
OG0005245	P40519			
OG0005246	P40448			
OG0005247	Q3E775			
OG0005248	P47157			
OG0005249	Q8TGT2			
OG0005250	P0C5P2			
OG0005251	P38087			
OG0005252	Q12130			
OG0005253	Q05898			
OG0005254	Q03629			
OG0005255	Q06252			
OG0005256	P53758			
OG0005257	Q3E7B9			
OG0005258	Q3E7Y9			
OG0005259	Q02872			
OG0005260	P39972			
OG0005261	P38831			
OG0005262	P0C5P0			
OG0005263	Q3E814			
OG0005264	Q3E795			
OG0005265	O13544			
OG0005266	Q3E742			
OG0005267	P0CX69			
OG0005268	Q04436			
OG0005269	Q12506			
OG0005270	Q3E806			
OG0005271	Q8TGS2			
OG0005272	Q12169			
OG0005273	Q3E805			
OG0005274	Q12501			
OG0005275	P0C272			
OG0005276	P0C270			
OG0005277	Q04597			
OG0005278	Q05451			
OG0005279	P53307			
OG0005280	Q3E7Z3			
OG0005281	Q8TGN5			
OG0005282	P40575			
OG0005283	Q3E737			
OG0005284	Q3E7B5			
OG0005285	Q8TGJ2			
OG0005286	P53876			
OG0005287	P53906			
OG0005288	P40166			
OG0005289	Q8TGJ1			
OG0005290	Q3E736			
OG0005291	Q3E807			
OG0005292	Q12282			
OG0005293	Q12439			
OG0005294	Q08734			
OG0005295	Q8TGJ0			
OG0005296	Q12492			
OG0005297	P40323			
OG0005298	A0A0B7P3V8			
OG0005299	Q06594			
OG0005300	Q3E818			
OG0005301	P43578			
OG0005302	P43625			
OG0005303	P10356			
OG0005304	Q99315			
OG0005305	Q3E7Z6			
OG0005306	P53089			
OG0005307	P47174			
OG0005308	P47024			
OG0005309	Q05777			
OG0005310	O13578			
OG0005311	O13574			
OG0005312	Q04838			
OG0005313	P0CX98			
OG0005314	P0CX97			
OG0005315	Q8TGQ7			
OG0005316	Q08994			
OG0005317	Q3E787			
OG0005318	Q3E819			
OG0005319	Q07793			
OG0005320	Q12111			
OG0005321	Q3E6R4			
OG0005322	P0C5M9			
OG0005323	P0CX93			
OG0005324	Q3E739			
OG0005325	Q03559			
OG0005326	Q3E767			
OG0005327	Q3E7Z2			
OG0005328	Q12484			
OG0005329	Q12113			
OG0005330	Q12293			
OG0005331	Q3E7Z9			
OG0005332	Q3E7Y8			
OG0005333	Q3E7Y7			
OG0005334	P0CX73			
OG0005335	P0CX58			
OG0005336	P0CX60			
OG0005337	Q08990			
OG0005338	Q8TGR9			
OG0005339	Q3E763			
OG0005340	P0C5M0			
OG0005341	Q3E817			
OG0005342	P53132			
OG0005343	Q3E815			
OG0005344	Q8TGK1			
OG0005345	P38730			
OG0005346	P47162			
OG0005347	P0C2J3			
OG0005348	P0CE97			
OG0005349	Q7LIF2			
OG0005350	Q04706			
OG0005351	I2HB70			
OG0005352	Q12470			
OG0005353	Q92392			
OG0005354	Q8TGS1			
OG0005355	Q12243			
OG0005356	Q6Q5F3			
OG0005357	Q3E7B3			
OG0005358	Q6B0W2			
OG0005359	Q08245			
OG0005360	P0C1Z1			
OG0005361	Q03964			
OG0005362	P39978			
OG0005363	P0CX61			
OG0005364	P53291			
OG0005365	Q6Q5P6			
OG0005366	Q3E746			
OG0005367	P0C2I4			
OG0005368	P47063			
OG0005369	P47062			
OG0005370	P47126			
OG0005371	Q8TGN3			
OG0005372	Q8TGT3			
OG0005373	P47022			
OG0005374	Q3E765			
OG0005375	P34245			
OG0005376	Q3E732			
OG0005377	Q8TGS7			
OG0005378	Q8TGT0			
OG0005379	Q3E782			
OG0005380	Q04214			
OG0005381	P0C5Q3			
OG0005382	Q8TGS9			
OG0005383	P0CF20			
OG0005384	P40152			
OG0005385	Q3E804			
OG0005386	Q3E832			
OG0005387	Q08486			
OG0005388	Q08900			
OG0005389	A0A023PZF2			
OG0005390	Q12472			
OG0005391	P0CX95			
OG0005392	P40082			
OG0005393	P40503			
OG0005394	P0CX74			
OG0005395	P39529			
OG0005396	P36127			
OG0005397	Q3E7A7			
OG0005398	Q8TGS5			
OG0005399	Q8TGS4			
OG0005400	Q8TGT1			
OG0005401	Q3E843			
OG0005402	Q3E7A6			
OG0005403	Q04526			
OG0005404	Q12112			
OG0005405	P0CE98			
OG0005406	P0C5P6			
OG0005407	Q3E7Z1			
OG0005408	Q99345			
OG0005409	P0C5R4			
OG0005410	Q3E7A5			
OG0005411	P0CX59			
OG0005412	Q3E735			
OG0005413	Q08976			
OG0005414	P53057			
OG0005415	Q3E7B0			
OG0005416	P0CX65			
OG0005417	P0CX70			
OG0005418	P0C5L7			
OG0005419	P43539			
OG0005420	P25347			
OG0005421	Q8TGT7			
OG0005422	P0CX64			
OG0005423	P53329			
OG0005424	Q3E758			
OG0005425	Q8TGT4			
OG0005426	Q7LHG5			
OG0005427	Q07074			
OG0005428	P40446			
OG0005429	P47145			
OG0005430	P42947			
OG0005431	P36153			
OG0005432	Q07990			
OG0005433	P0C2I8			
OG0005434	P0C5Q1			
OG0005435	P0CY00			
OG0005436	Q8TGJ7			
OG0005437	O13565			
OG0005438	Q3E760			
OG0005439	Q8TGS0			
OG0005440	Q08259			
OG0005441	Q02781			
OG0005442	Q6Q5H1			
OG0005443	P46951			
OG0005444	Q12010			
OG0005445	Q04276			
OG0005446	Q3E7Z0			
OG0005447	P0C271			
OG0005448	Q08844			
OG0005449	Q3E7B4			
OG0005450	P0C5R9			
OG0005451	P0C5S1			
OG0005452	P38374			
OG0005453	Q3E796			
OG0005454	P0CX71			
OG0005455	A0A023PYF4			
OG0005456	P43537			
OG0005457	P40326			
OG0005458	Q3E750			
OG0005459	P42936			
OG0005460	P47078			
OG0005461	Q3E801			
OG0005462	Q12528			
OG0005463	P0CX68			
OG0005464	Q3E771			
OG0005465	P0CX75			
OG0005466	P0CD98			
OG0005467	P0CD97			
OG0005468	P38357			
OG0005469	Q12491			
OG0005470	Q12266			
OG0005471	Q12490			
OG0005472	P0C5L4			
OG0005473	I2HB52			
OG0005474	Q3E7Z8			
OG0005475	P87287			
OG0005476	P0C5L6			
OG0005477	P25350			
OG0005478	Q12173			
OG0005479	P25657			
OG0005480	Q12185			
OG0005481	Q99303			
OG0005482	Q3E774			
OG0005483	Q3E789			
OG0005484	P0CX63			
OG0005485	P43540			
OG0005486	P0CX99			
OG0005487	P43608			
OG0005488	Q06676			
OG0005489	P0CX62			
OG0005490	P0CX96			
OG0005491	P53186			
OG0005492	P53287			
OG0005493	Q99219			
OG0005494	P0C269			
OG0005495	Q3E781			
OG0005496	Q8TGU5			
OG0005497	Q8TGK4			
OG0005498	P38311			
OG0005499	P38317			
OG0005500	Q12240			
OG0005501	Q8TGU4			
OG0005502	Q3E7A2			
OG0005503	P0C5N4			
OG0005504	P53056			
OG0005505	P38253			
OG0005506	Q03856			
OG0005507	P43562			
OG0005508	P53151			
OG0005509	P0C5N7			
OG0005510	Q45U18			
OG0005511	P25650			
OG0005512	Q12025			
OG0005513	Q6Q5X2			
OG0005514	O74302			
OG0005515	P39999			
OG0005516	Q05612			
OG0005517	Q3E786			
OG0005518	P0C2J7			
OG0005519	P25572			
OG0005520	P34215			
OG0005521	P87012			
OG0005522	Q03483			
OG0005523	Q03494			
OG0005524	Q07791			
OG0005525	P40097			
OG0005526	P0CX66			
OG0005527	P43576			
OG0005528	Q3E740			
OG0005529	P38834			
OG0005530	P40551			
OG0005531	Q07967			
OG0005532	Q3E766			
OG0005533	Q8TGS6			
OG0005534	P42840			
OG0005535	Q06235			
OG0005536	Q12392			
OG0005537	P40104			
OG0005538	P87283			
OG0005539	P47087			
OG0005540	P34249			
OG0005541	Q3E813			
OG0005542	P0CE96			
OG0005543	A0A023PZG4			
OG0005544	P0CY01			
OG0005545	Q04814			
OG0005546	P40211			
OG0005547	Q03864			
OG0005548	P0C0V2			
OG0005549	P0CX94			
OG0005550	P40001			
OG0005551	Q8TGT6			
OG0005552	Q3E7Z4			
OG0005553	Q2V2P5			
OG0005554	P40524			
OG0005555	P0CE69			
OG0005556	Q3E7A0			
OG0005557	Q07988			
OG0005558	A2P2R3			
OG0005559	Q8TGS8			
OG0005560	P0CX76			
OG0005561	P38276			
OG0005562	Q12441			
OG0005563	P53097			
OG0005564	O13536			
OG0005565	Q8TGK0			
OG0005566	P53116			
OG0005567	P40488			
OG0005568	P53039			
OG0005569	P47099			
OG0005570	Q3E837			
OG0005571	P0C5P3			
OG0005572	Q3E810			
OG0005573	Q96VH2			
OG0005574	Q05510			
OG0005575	P0C289			
OG0005576	Q12426			
OG0005577	P0C5N0			
OG0005578	Q8TGU2			
OG0005579	P53718			
OG0005580	Q07896			
OG0005581	Q08444			
OG0005582	Q6Q547			
OG0005583	P32800			
OG0005584	P25585			
OG0005585	Q08559			
OG0005586	P03870			
OG0005587	Q12497			
OG0005588	Q3E808			
OG0005589	P00401			
OG0005590	P00420			
OG0005591	P53314			
OG0005592	P53239			
OG0005593	P00425			
OG0005594	P00410			
OG0005595	Q06608			
OG0005596	Q06651			
OG0005597	Q99373			
OG0005598	P0CE86			
OG0005599	P0CE87			
OG0005600	P36139			
OG0005601	P39718			
OG0005602	P43575			
OG0005603	P39545			
OG0005604	Q12524			
OG0005605	Q99380			
OG0005606	P40219			
OG0005607	Q12375			
OG0005608	P32263			
OG0005609	P38122			
OG0005610	P38271			
OG0005611	P54790			
OG0005612	P87284			
OG0005613	Q99216			
OG0005614	Q04636			
OG0005615	Q04004			
OG0005616	P52867			
OG0005617	P38291			
OG0005618	Q03028			
OG0005619	P40368			
OG0005620	Q02803			
OG0005621	P52891			
OG0005622	P53633			
OG0005623	P53835			
OG0005624	P39551			
OG0005625	P19736			
OG0005626	P32854			
OG0005627	Q00723			
OG0005628	P40534			
OG0005629	P47033			
OG0005630	Q12459			
OG0005631	P39970			
OG0005632	P32493			
OG0005633	P22136			
OG0005634	Q08361			
OG0005635	P08521			
OG0005636	P47146			
OG0005637	P35181			
OG0005638	P37302			
OG0005639	P22936			
OG0005640	P32858			
OG0005641	P47129			
OG0005642	P38090			
OG0005643	Q04689			
OG0005644	P23180			
OG0005645	P03875			
OG0005646	P03876			
OG0005647	P29589			
OG0005648	P43633			
OG0005649	Q99186			
OG0005650	Q04413			
OG0005651	Q12433			
OG0005652	P25649			
OG0005653	Q9ZZX0			
OG0005654	Q08981			
OG0005655	P87275			
OG0005656	P04710			
OG0005657	P40529			
OG0005658	P40507			
OG0005659	Q08641			
OG0005660	P25612			
OG0005661	P46993			
OG0005662	P0CX79			
OG0005663	P00854			
OG0005664	P07249			
OG0005665	P35734			
OG0005666	Q03702			
OG0005667	P0CZ17			
OG0005668	P0CX77			
OG0005669	P0CX78			
OG0005670	P14907			
OG0005671	P0CH09			
OG0005672	P0CH08			
OG0005673	P10355			
OG0005674		Saccharomyces_eubayanus@Seq_28		
OG0005675		Saccharomyces_eubayanus@Seq_29		
OG0005676		Saccharomyces_eubayanus@Seq_88		
OG0005677		Saccharomyces_eubayanus@Seq_109		
OG0005678		Saccharomyces_eubayanus@Seq_112		
OG0005679		Saccharomyces_eubayanus@Seq_153		
OG0005680		Saccharomyces_eubayanus@Seq_172		
OG0005681		Saccharomyces_eubayanus@Seq_186		
OG0005682		Saccharomyces_eubayanus@Seq_209		
OG0005683		Saccharomyces_eubayanus@Seq_251		
OG0005684		Saccharomyces_eubayanus@Seq_271		
OG0005685		Saccharomyces_eubayanus@Seq_276		
OG0005686		Saccharomyces_eubayanus@Seq_278		
OG0005687		Saccharomyces_eubayanus@Seq_297		
OG0005688		Saccharomyces_eubayanus@Seq_340		
OG0005689		Saccharomyces_eubayanus@Seq_371		
OG0005690		Saccharomyces_eubayanus@Seq_383		
OG0005691		Saccharomyces_eubayanus@Seq_395		
OG0005692		Saccharomyces_eubayanus@Seq_397		
OG0005693		Saccharomyces_eubayanus@Seq_449		
OG0005694		Saccharomyces_eubayanus@Seq_495		
OG0005695		Saccharomyces_eubayanus@Seq_503		
OG0005696		Saccharomyces_eubayanus@Seq_521		
OG0005697		Saccharomyces_eubayanus@Seq_537		
OG0005698		Saccharomyces_eubayanus@Seq_541		
OG0005699		Saccharomyces_eubayanus@Seq_546		
OG0005700		Saccharomyces_eubayanus@Seq_555		
OG0005701		Saccharomyces_eubayanus@Seq_576		
OG0005702		Saccharomyces_eubayanus@Seq_598		
OG0005703		Saccharomyces_eubayanus@Seq_607		
OG0005704		Saccharomyces_eubayanus@Seq_608		
OG0005705		Saccharomyces_eubayanus@Seq_639		
OG0005706		Saccharomyces_eubayanus@Seq_654		
OG0005707		Saccharomyces_eubayanus@Seq_657		
OG0005708		Saccharomyces_eubayanus@Seq_676		
OG0005709		Saccharomyces_eubayanus@Seq_689		
OG0005710		Saccharomyces_eubayanus@Seq_693		
OG0005711		Saccharomyces_eubayanus@Seq_696		
OG0005712		Saccharomyces_eubayanus@Seq_706		
OG0005713		Saccharomyces_eubayanus@Seq_739		
OG0005714		Saccharomyces_eubayanus@Seq_772		
OG0005715		Saccharomyces_eubayanus@Seq_794		
OG0005716		Saccharomyces_eubayanus@Seq_801		
OG0005717		Saccharomyces_eubayanus@Seq_821		
OG0005718		Saccharomyces_eubayanus@Seq_826		
OG0005719		Saccharomyces_eubayanus@Seq_833		
OG0005720		Saccharomyces_eubayanus@Seq_842		
OG0005721		Saccharomyces_eubayanus@Seq_922		
OG0005722		Saccharomyces_eubayanus@Seq_928		
OG0005723		Saccharomyces_eubayanus@Seq_940		
OG0005724		Saccharomyces_eubayanus@Seq_944		
OG0005725		Saccharomyces_eubayanus@Seq_945		
OG0005726		Saccharomyces_eubayanus@Seq_947		
OG0005727		Saccharomyces_eubayanus@Seq_991		
OG0005728		Saccharomyces_eubayanus@Seq_1019		
OG0005729		Saccharomyces_eubayanus@Seq_1023		
OG0005730		Saccharomyces_eubayanus@Seq_1028		
OG0005731		Saccharomyces_eubayanus@Seq_1032		
OG0005732		Saccharomyces_eubayanus@Seq_1038		
OG0005733		Saccharomyces_eubayanus@Seq_1047		
OG0005734		Saccharomyces_eubayanus@Seq_1050		
OG0005735		Saccharomyces_eubayanus@Seq_1062		
OG0005736		Saccharomyces_eubayanus@Seq_1065		
OG0005737		Saccharomyces_eubayanus@Seq_1068		
OG0005738		Saccharomyces_eubayanus@Seq_1081		
OG0005739		Saccharomyces_eubayanus@Seq_1093		
OG0005740		Saccharomyces_eubayanus@Seq_1125		
OG0005741		Saccharomyces_eubayanus@Seq_1143		
OG0005742		Saccharomyces_eubayanus@Seq_1146		
OG0005743		Saccharomyces_eubayanus@Seq_1161		
OG0005744		Saccharomyces_eubayanus@Seq_1186		
OG0005745		Saccharomyces_eubayanus@Seq_1187		
OG0005746		Saccharomyces_eubayanus@Seq_1199		
OG0005747		Saccharomyces_eubayanus@Seq_1217		
OG0005748		Saccharomyces_eubayanus@Seq_1235		
OG0005749		Saccharomyces_eubayanus@Seq_1244		
OG0005750		Saccharomyces_eubayanus@Seq_1250		
OG0005751		Saccharomyces_eubayanus@Seq_1260		
OG0005752		Saccharomyces_eubayanus@Seq_1276		
OG0005753		Saccharomyces_eubayanus@Seq_1296		
OG0005754		Saccharomyces_eubayanus@Seq_1314		
OG0005755		Saccharomyces_eubayanus@Seq_1336		
OG0005756		Saccharomyces_eubayanus@Seq_1343		
OG0005757		Saccharomyces_eubayanus@Seq_1371		
OG0005758		Saccharomyces_eubayanus@Seq_1377		
OG0005759		Saccharomyces_eubayanus@Seq_1380		
OG0005760		Saccharomyces_eubayanus@Seq_1405		
OG0005761		Saccharomyces_eubayanus@Seq_1409		
OG0005762		Saccharomyces_eubayanus@Seq_1431		
OG0005763		Saccharomyces_eubayanus@Seq_1459		
OG0005764		Saccharomyces_eubayanus@Seq_1465		
OG0005765		Saccharomyces_eubayanus@Seq_1466		
OG0005766		Saccharomyces_eubayanus@Seq_1474		
OG0005767		Saccharomyces_eubayanus@Seq_1483		
OG0005768		Saccharomyces_eubayanus@Seq_1486		
OG0005769		Saccharomyces_eubayanus@Seq_1496		
OG0005770		Saccharomyces_eubayanus@Seq_1543		
OG0005771		Saccharomyces_eubayanus@Seq_1544		
OG0005772		Saccharomyces_eubayanus@Seq_1548		
OG0005773		Saccharomyces_eubayanus@Seq_1556		
OG0005774		Saccharomyces_eubayanus@Seq_1559		
OG0005775		Saccharomyces_eubayanus@Seq_1584		
OG0005776		Saccharomyces_eubayanus@Seq_1585		
OG0005777		Saccharomyces_eubayanus@Seq_1607		
OG0005778		Saccharomyces_eubayanus@Seq_1634		
OG0005779		Saccharomyces_eubayanus@Seq_1645		
OG0005780		Saccharomyces_eubayanus@Seq_1648		
OG0005781		Saccharomyces_eubayanus@Seq_1652		
OG0005782		Saccharomyces_eubayanus@Seq_1658		
OG0005783		Saccharomyces_eubayanus@Seq_1694		
OG0005784		Saccharomyces_eubayanus@Seq_1698		
OG0005785		Saccharomyces_eubayanus@Seq_1711		
OG0005786		Saccharomyces_eubayanus@Seq_1728		
OG0005787		Saccharomyces_eubayanus@Seq_1737		
OG0005788		Saccharomyces_eubayanus@Seq_1738		
OG0005789		Saccharomyces_eubayanus@Seq_1756		
OG0005790		Saccharomyces_eubayanus@Seq_1806		
OG0005791		Saccharomyces_eubayanus@Seq_1845		
OG0005792		Saccharomyces_eubayanus@Seq_1848		
OG0005793		Saccharomyces_eubayanus@Seq_1857		
OG0005794		Saccharomyces_eubayanus@Seq_1865		
OG0005795		Saccharomyces_eubayanus@Seq_1868		
OG0005796		Saccharomyces_eubayanus@Seq_1892		
OG0005797		Saccharomyces_eubayanus@Seq_1895		
OG0005798		Saccharomyces_eubayanus@Seq_1921		
OG0005799		Saccharomyces_eubayanus@Seq_1929		
OG0005800		Saccharomyces_eubayanus@Seq_1945		
OG0005801		Saccharomyces_eubayanus@Seq_1949		
OG0005802		Saccharomyces_eubayanus@Seq_1976		
OG0005803		Saccharomyces_eubayanus@Seq_1980		
OG0005804		Saccharomyces_eubayanus@Seq_1984		
OG0005805		Saccharomyces_eubayanus@Seq_1991		
OG0005806		Saccharomyces_eubayanus@Seq_1993		
OG0005807		Saccharomyces_eubayanus@Seq_2024		
OG0005808		Saccharomyces_eubayanus@Seq_2042		
OG0005809		Saccharomyces_eubayanus@Seq_2049		
OG0005810		Saccharomyces_eubayanus@Seq_2103		
OG0005811		Saccharomyces_eubayanus@Seq_2117		
OG0005812		Saccharomyces_eubayanus@Seq_2128		
OG0005813		Saccharomyces_eubayanus@Seq_2140		
OG0005814		Saccharomyces_eubayanus@Seq_2158		
OG0005815		Saccharomyces_eubayanus@Seq_2174		
OG0005816		Saccharomyces_eubayanus@Seq_2186		
OG0005817		Saccharomyces_eubayanus@Seq_2189		
OG0005818		Saccharomyces_eubayanus@Seq_2192		
OG0005819		Saccharomyces_eubayanus@Seq_2197		
OG0005820		Saccharomyces_eubayanus@Seq_2199		
OG0005821		Saccharomyces_eubayanus@Seq_2211		
OG0005822		Saccharomyces_eubayanus@Seq_2227		
OG0005823		Saccharomyces_eubayanus@Seq_2252		
OG0005824		Saccharomyces_eubayanus@Seq_2259		
OG0005825		Saccharomyces_eubayanus@Seq_2280		
OG0005826		Saccharomyces_eubayanus@Seq_2301		
OG0005827		Saccharomyces_eubayanus@Seq_2311		
OG0005828		Saccharomyces_eubayanus@Seq_2312		
OG0005829		Saccharomyces_eubayanus@Seq_2316		
OG0005830		Saccharomyces_eubayanus@Seq_2354		
OG0005831		Saccharomyces_eubayanus@Seq_2357		
OG0005832		Saccharomyces_eubayanus@Seq_2390		
OG0005833		Saccharomyces_eubayanus@Seq_2430		
OG0005834		Saccharomyces_eubayanus@Seq_2433		
OG0005835		Saccharomyces_eubayanus@Seq_2446		
OG0005836		Saccharomyces_eubayanus@Seq_2475		
OG0005837		Saccharomyces_eubayanus@Seq_2478		
OG0005838		Saccharomyces_eubayanus@Seq_2493		
OG0005839		Saccharomyces_eubayanus@Seq_2519		
OG0005840		Saccharomyces_eubayanus@Seq_2527		
OG0005841		Saccharomyces_eubayanus@Seq_2531		
OG0005842		Saccharomyces_eubayanus@Seq_2541		
OG0005843		Saccharomyces_eubayanus@Seq_2612		
OG0005844		Saccharomyces_eubayanus@Seq_2615		
OG0005845		Saccharomyces_eubayanus@Seq_2618		
OG0005846		Saccharomyces_eubayanus@Seq_2638		
OG0005847		Saccharomyces_eubayanus@Seq_2663		
OG0005848		Saccharomyces_eubayanus@Seq_2689		
OG0005849		Saccharomyces_eubayanus@Seq_2694		
OG0005850		Saccharomyces_eubayanus@Seq_2714		
OG0005851		Saccharomyces_eubayanus@Seq_2746		
OG0005852		Saccharomyces_eubayanus@Seq_2776		
OG0005853		Saccharomyces_eubayanus@Seq_2781		
OG0005854		Saccharomyces_eubayanus@Seq_2786		
OG0005855		Saccharomyces_eubayanus@Seq_2795		
OG0005856		Saccharomyces_eubayanus@Seq_2856		
OG0005857		Saccharomyces_eubayanus@Seq_2892		
OG0005858		Saccharomyces_eubayanus@Seq_2925		
OG0005859		Saccharomyces_eubayanus@Seq_2972		
OG0005860		Saccharomyces_eubayanus@Seq_2974		
OG0005861		Saccharomyces_eubayanus@Seq_3013		
OG0005862		Saccharomyces_eubayanus@Seq_3016		
OG0005863		Saccharomyces_eubayanus@Seq_3019		
OG0005864		Saccharomyces_eubayanus@Seq_3027		
OG0005865		Saccharomyces_eubayanus@Seq_3035		
OG0005866		Saccharomyces_eubayanus@Seq_3101		
OG0005867		Saccharomyces_eubayanus@Seq_3164		
OG0005868		Saccharomyces_eubayanus@Seq_3166		
OG0005869		Saccharomyces_eubayanus@Seq_3169		
OG0005870		Saccharomyces_eubayanus@Seq_3170		
OG0005871		Saccharomyces_eubayanus@Seq_3178		
OG0005872		Saccharomyces_eubayanus@Seq_3181		
OG0005873		Saccharomyces_eubayanus@Seq_3183		
OG0005874		Saccharomyces_eubayanus@Seq_3206		
OG0005875		Saccharomyces_eubayanus@Seq_3210		
OG0005876		Saccharomyces_eubayanus@Seq_3220		
OG0005877		Saccharomyces_eubayanus@Seq_3229		
OG0005878		Saccharomyces_eubayanus@Seq_3236		
OG0005879		Saccharomyces_eubayanus@Seq_3238		
OG0005880		Saccharomyces_eubayanus@Seq_3305		
OG0005881		Saccharomyces_eubayanus@Seq_3315		
OG0005882		Saccharomyces_eubayanus@Seq_3320		
OG0005883		Saccharomyces_eubayanus@Seq_3321		
OG0005884		Saccharomyces_eubayanus@Seq_3343		
OG0005885		Saccharomyces_eubayanus@Seq_3361		
OG0005886		Saccharomyces_eubayanus@Seq_3390		
OG0005887		Saccharomyces_eubayanus@Seq_3399		
OG0005888		Saccharomyces_eubayanus@Seq_3421		
OG0005889		Saccharomyces_eubayanus@Seq_3435		
OG0005890		Saccharomyces_eubayanus@Seq_3446		
OG0005891		Saccharomyces_eubayanus@Seq_3451		
OG0005892		Saccharomyces_eubayanus@Seq_3458		
OG0005893		Saccharomyces_eubayanus@Seq_3468		
OG0005894		Saccharomyces_eubayanus@Seq_3479		
OG0005895		Saccharomyces_eubayanus@Seq_3539		
OG0005896		Saccharomyces_eubayanus@Seq_3553		
OG0005897		Saccharomyces_eubayanus@Seq_3557		
OG0005898		Saccharomyces_eubayanus@Seq_3573		
OG0005899		Saccharomyces_eubayanus@Seq_3589		
OG0005900		Saccharomyces_eubayanus@Seq_3595		
OG0005901		Saccharomyces_eubayanus@Seq_3608		
OG0005902		Saccharomyces_eubayanus@Seq_3624		
OG0005903		Saccharomyces_eubayanus@Seq_3629		
OG0005904		Saccharomyces_eubayanus@Seq_3646		
OG0005905		Saccharomyces_eubayanus@Seq_3650		
OG0005906		Saccharomyces_eubayanus@Seq_3663		
OG0005907		Saccharomyces_eubayanus@Seq_3687		
OG0005908		Saccharomyces_eubayanus@Seq_3701		
OG0005909		Saccharomyces_eubayanus@Seq_3711		
OG0005910		Saccharomyces_eubayanus@Seq_3729		
OG0005911		Saccharomyces_eubayanus@Seq_3743		
OG0005912		Saccharomyces_eubayanus@Seq_3783		
OG0005913		Saccharomyces_eubayanus@Seq_3834		
OG0005914		Saccharomyces_eubayanus@Seq_3879		
OG0005915		Saccharomyces_eubayanus@Seq_3880		
OG0005916		Saccharomyces_eubayanus@Seq_3892		
OG0005917		Saccharomyces_eubayanus@Seq_3894		
OG0005918		Saccharomyces_eubayanus@Seq_3928		
OG0005919		Saccharomyces_eubayanus@Seq_3943		
OG0005920		Saccharomyces_eubayanus@Seq_3954		
OG0005921		Saccharomyces_eubayanus@Seq_3955		
OG0005922		Saccharomyces_eubayanus@Seq_3966		
OG0005923		Saccharomyces_eubayanus@Seq_3983		
OG0005924		Saccharomyces_eubayanus@Seq_4011		
OG0005925		Saccharomyces_eubayanus@Seq_4048		
OG0005926		Saccharomyces_eubayanus@Seq_4100		
OG0005927		Saccharomyces_eubayanus@Seq_4101		
OG0005928		Saccharomyces_eubayanus@Seq_4117		
OG0005929		Saccharomyces_eubayanus@Seq_4121		
OG0005930		Saccharomyces_eubayanus@Seq_4150		
OG0005931		Saccharomyces_eubayanus@Seq_4151		
OG0005932		Saccharomyces_eubayanus@Seq_4159		
OG0005933		Saccharomyces_eubayanus@Seq_4192		
OG0005934		Saccharomyces_eubayanus@Seq_4219		
OG0005935		Saccharomyces_eubayanus@Seq_4224		
OG0005936		Saccharomyces_eubayanus@Seq_4234		
OG0005937		Saccharomyces_eubayanus@Seq_4245		
OG0005938		Saccharomyces_eubayanus@Seq_4262		
OG0005939		Saccharomyces_eubayanus@Seq_4291		
OG0005940		Saccharomyces_eubayanus@Seq_4296		
OG0005941		Saccharomyces_eubayanus@Seq_4300		
OG0005942		Saccharomyces_eubayanus@Seq_4306		
OG0005943		Saccharomyces_eubayanus@Seq_4313		
OG0005944		Saccharomyces_eubayanus@Seq_4331		
OG0005945		Saccharomyces_eubayanus@Seq_4338		
OG0005946		Saccharomyces_eubayanus@Seq_4339		
OG0005947		Saccharomyces_eubayanus@Seq_4345		
OG0005948		Saccharomyces_eubayanus@Seq_4380		
OG0005949		Saccharomyces_eubayanus@Seq_4398		
OG0005950		Saccharomyces_eubayanus@Seq_4415		
OG0005951		Saccharomyces_eubayanus@Seq_4416		
OG0005952		Saccharomyces_eubayanus@Seq_4422		
OG0005953		Saccharomyces_eubayanus@Seq_4431		
OG0005954		Saccharomyces_eubayanus@Seq_4442		
OG0005955		Saccharomyces_eubayanus@Seq_4450		
OG0005956		Saccharomyces_eubayanus@Seq_4452		
OG0005957		Saccharomyces_eubayanus@Seq_4479		
OG0005958		Saccharomyces_eubayanus@Seq_4494		
OG0005959		Saccharomyces_eubayanus@Seq_4544		
OG0005960		Saccharomyces_eubayanus@Seq_4553		
OG0005961		Saccharomyces_eubayanus@Seq_4570		
OG0005962		Saccharomyces_eubayanus@Seq_4601		
OG0005963		Saccharomyces_eubayanus@Seq_4608		
OG0005964		Saccharomyces_eubayanus@Seq_4615		
OG0005965		Saccharomyces_eubayanus@Seq_4621		
OG0005966		Saccharomyces_eubayanus@Seq_4626		
OG0005967		Saccharomyces_eubayanus@Seq_4638		
OG0005968		Saccharomyces_eubayanus@Seq_4677		
OG0005969		Saccharomyces_eubayanus@Seq_4684		
OG0005970		Saccharomyces_eubayanus@Seq_4698		
OG0005971		Saccharomyces_eubayanus@Seq_4721		
OG0005972		Saccharomyces_eubayanus@Seq_4739		
OG0005973		Saccharomyces_eubayanus@Seq_4759		
OG0005974		Saccharomyces_eubayanus@Seq_4792		
OG0005975		Saccharomyces_eubayanus@Seq_4801		
OG0005976		Saccharomyces_eubayanus@Seq_4806		
OG0005977		Saccharomyces_eubayanus@Seq_4822		
OG0005978		Saccharomyces_eubayanus@Seq_4834		
OG0005979		Saccharomyces_eubayanus@Seq_4864		
OG0005980		Saccharomyces_eubayanus@Seq_4871		
OG0005981		Saccharomyces_eubayanus@Seq_4883		
OG0005982		Saccharomyces_eubayanus@Seq_4930		
OG0005983		Saccharomyces_eubayanus@Seq_4941		
OG0005984		Saccharomyces_eubayanus@Seq_4966		
OG0005985		Saccharomyces_eubayanus@Seq_4973		
OG0005986		Saccharomyces_eubayanus@Seq_5008		
OG0005987		Saccharomyces_eubayanus@Seq_5025		
OG0005988		Saccharomyces_eubayanus@Seq_5032		
OG0005989			Saccharomyces_paradoxus@Seq_7	
OG0005990			Saccharomyces_paradoxus@Seq_10	
OG0005991			Saccharomyces_paradoxus@Seq_57	
OG0005992			Saccharomyces_paradoxus@Seq_78	
OG0005993			Saccharomyces_paradoxus@Seq_103	
OG0005994			Saccharomyces_paradoxus@Seq_118	
OG0005995			Saccharomyces_paradoxus@Seq_127	
OG0005996			Saccharomyces_paradoxus@Seq_132	
OG0005997			Saccharomyces_paradoxus@Seq_134	
OG0005998			Saccharomyces_paradoxus@Seq_137	
OG0005999			Saccharomyces_paradoxus@Seq_138	
OG0006000			Saccharomyces_paradoxus@Seq_194	
OG0006001			Saccharomyces_paradoxus@Seq_203	
OG0006002			Saccharomyces_paradoxus@Seq_205	
OG0006003			Saccharomyces_paradoxus@Seq_215	
OG0006004			Saccharomyces_paradoxus@Seq_217	
OG0006005			Saccharomyces_paradoxus@Seq_244	
OG0006006			Saccharomyces_paradoxus@Seq_256	
OG0006007			Saccharomyces_paradoxus@Seq_266	
OG0006008			Saccharomyces_paradoxus@Seq_284	
OG0006009			Saccharomyces_paradoxus@Seq_343	
OG0006010			Saccharomyces_paradoxus@Seq_347	
OG0006011			Saccharomyces_paradoxus@Seq_363	
OG0006012			Saccharomyces_paradoxus@Seq_377	
OG0006013			Saccharomyces_paradoxus@Seq_391	
OG0006014			Saccharomyces_paradoxus@Seq_402	
OG0006015			Saccharomyces_paradoxus@Seq_415	
OG0006016			Saccharomyces_paradoxus@Seq_427	
OG0006017			Saccharomyces_paradoxus@Seq_435	
OG0006018			Saccharomyces_paradoxus@Seq_439	
OG0006019			Saccharomyces_paradoxus@Seq_443	
OG0006020			Saccharomyces_paradoxus@Seq_480	
OG0006021			Saccharomyces_paradoxus@Seq_484	
OG0006022			Saccharomyces_paradoxus@Seq_498	
OG0006023			Saccharomyces_paradoxus@Seq_535	
OG0006024			Saccharomyces_paradoxus@Seq_557	
OG0006025			Saccharomyces_paradoxus@Seq_619	
OG0006026			Saccharomyces_paradoxus@Seq_681	
OG0006027			Saccharomyces_paradoxus@Seq_702	
OG0006028			Saccharomyces_paradoxus@Seq_736	
OG0006029			Saccharomyces_paradoxus@Seq_740	
OG0006030			Saccharomyces_paradoxus@Seq_760	
OG0006031			Saccharomyces_paradoxus@Seq_769	
OG0006032			Saccharomyces_paradoxus@Seq_774	
OG0006033			Saccharomyces_paradoxus@Seq_812	
OG0006034			Saccharomyces_paradoxus@Seq_815	
OG0006035			Saccharomyces_paradoxus@Seq_819	
OG0006036			Saccharomyces_paradoxus@Seq_827	
OG0006037			Saccharomyces_paradoxus@Seq_830	
OG0006038			Saccharomyces_paradoxus@Seq_849	
OG0006039			Saccharomyces_paradoxus@Seq_866	
OG0006040			Saccharomyces_paradoxus@Seq_869	
OG0006041			Saccharomyces_paradoxus@Seq_889	
OG0006042			Saccharomyces_paradoxus@Seq_929	
OG0006043			Saccharomyces_paradoxus@Seq_936	
OG0006044			Saccharomyces_paradoxus@Seq_938	
OG0006045			Saccharomyces_paradoxus@Seq_972	
OG0006046			Saccharomyces_paradoxus@Seq_1000	
OG0006047			Saccharomyces_paradoxus@Seq_1038	
OG0006048			Saccharomyces_paradoxus@Seq_1091	
OG0006049			Saccharomyces_paradoxus@Seq_1111	
OG0006050			Saccharomyces_paradoxus@Seq_1130	
OG0006051			Saccharomyces_paradoxus@Seq_1138	
OG0006052			Saccharomyces_paradoxus@Seq_1139	
OG0006053			Saccharomyces_paradoxus@Seq_1146	
OG0006054			Saccharomyces_paradoxus@Seq_1149	
OG0006055			Saccharomyces_paradoxus@Seq_1150	
OG0006056			Saccharomyces_paradoxus@Seq_1152	
OG0006057			Saccharomyces_paradoxus@Seq_1175	
OG0006058			Saccharomyces_paradoxus@Seq_1207	
OG0006059			Saccharomyces_paradoxus@Seq_1259	
OG0006060			Saccharomyces_paradoxus@Seq_1309	
OG0006061			Saccharomyces_paradoxus@Seq_1312	
OG0006062			Saccharomyces_paradoxus@Seq_1327	
OG0006063			Saccharomyces_paradoxus@Seq_1359	
OG0006064			Saccharomyces_paradoxus@Seq_1371	
OG0006065			Saccharomyces_paradoxus@Seq_1375	
OG0006066			Saccharomyces_paradoxus@Seq_1386	
OG0006067			Saccharomyces_paradoxus@Seq_1403	
OG0006068			Saccharomyces_paradoxus@Seq_1434	
OG0006069			Saccharomyces_paradoxus@Seq_1477	
OG0006070			Saccharomyces_paradoxus@Seq_1487	
OG0006071			Saccharomyces_paradoxus@Seq_1506	
OG0006072			Saccharomyces_paradoxus@Seq_1511	
OG0006073			Saccharomyces_paradoxus@Seq_1515	
OG0006074			Saccharomyces_paradoxus@Seq_1519	
OG0006075			Saccharomyces_paradoxus@Seq_1530	
OG0006076			Saccharomyces_paradoxus@Seq_1576	
OG0006077			Saccharomyces_paradoxus@Seq_1584	
OG0006078			Saccharomyces_paradoxus@Seq_1679	
OG0006079			Saccharomyces_paradoxus@Seq_1694	
OG0006080			Saccharomyces_paradoxus@Seq_1699	
OG0006081			Saccharomyces_paradoxus@Seq_1700	
OG0006082			Saccharomyces_paradoxus@Seq_1724	
OG0006083			Saccharomyces_paradoxus@Seq_1734	
OG0006084			Saccharomyces_paradoxus@Seq_1735	
OG0006085			Saccharomyces_paradoxus@Seq_1774	
OG0006086			Saccharomyces_paradoxus@Seq_1776	
OG0006087			Saccharomyces_paradoxus@Seq_1822	
OG0006088			Saccharomyces_paradoxus@Seq_1829	
OG0006089			Saccharomyces_paradoxus@Seq_1890	
OG0006090			Saccharomyces_paradoxus@Seq_1903	
OG0006091			Saccharomyces_paradoxus@Seq_1966	
OG0006092			Saccharomyces_paradoxus@Seq_2011	
OG0006093			Saccharomyces_paradoxus@Seq_2025	
OG0006094			Saccharomyces_paradoxus@Seq_2031	
OG0006095			Saccharomyces_paradoxus@Seq_2032	
OG0006096			Saccharomyces_paradoxus@Seq_2055	
OG0006097			Saccharomyces_paradoxus@Seq_2076	
OG0006098			Saccharomyces_paradoxus@Seq_2110	
OG0006099			Saccharomyces_paradoxus@Seq_2113	
OG0006100			Saccharomyces_paradoxus@Seq_2132	
OG0006101			Saccharomyces_paradoxus@Seq_2140	
OG0006102			Saccharomyces_paradoxus@Seq_2148	
OG0006103			Saccharomyces_paradoxus@Seq_2208	
OG0006104			Saccharomyces_paradoxus@Seq_2221	
OG0006105			Saccharomyces_paradoxus@Seq_2225	
OG0006106			Saccharomyces_paradoxus@Seq_2242	
OG0006107			Saccharomyces_paradoxus@Seq_2249	
OG0006108			Saccharomyces_paradoxus@Seq_2250	
OG0006109			Saccharomyces_paradoxus@Seq_2265	
OG0006110			Saccharomyces_paradoxus@Seq_2305	
OG0006111			Saccharomyces_paradoxus@Seq_2306	
OG0006112			Saccharomyces_paradoxus@Seq_2311	
OG0006113			Saccharomyces_paradoxus@Seq_2323	
OG0006114			Saccharomyces_paradoxus@Seq_2329	
OG0006115			Saccharomyces_paradoxus@Seq_2371	
OG0006116			Saccharomyces_paradoxus@Seq_2404	
OG0006117			Saccharomyces_paradoxus@Seq_2432	
OG0006118			Saccharomyces_paradoxus@Seq_2450	
OG0006119			Saccharomyces_paradoxus@Seq_2489	
OG0006120			Saccharomyces_paradoxus@Seq_2504	
OG0006121			Saccharomyces_paradoxus@Seq_2549	
OG0006122			Saccharomyces_paradoxus@Seq_2551	
OG0006123			Saccharomyces_paradoxus@Seq_2558	
OG0006124			Saccharomyces_paradoxus@Seq_2632	
OG0006125			Saccharomyces_paradoxus@Seq_2637	
OG0006126			Saccharomyces_paradoxus@Seq_2643	
OG0006127			Saccharomyces_paradoxus@Seq_2655	
OG0006128			Saccharomyces_paradoxus@Seq_2680	
OG0006129			Saccharomyces_paradoxus@Seq_2700	
OG0006130			Saccharomyces_paradoxus@Seq_2721	
OG0006131			Saccharomyces_paradoxus@Seq_2725	
OG0006132			Saccharomyces_paradoxus@Seq_2726	
OG0006133			Saccharomyces_paradoxus@Seq_2763	
OG0006134			Saccharomyces_paradoxus@Seq_2775	
OG0006135			Saccharomyces_paradoxus@Seq_2810	
OG0006136			Saccharomyces_paradoxus@Seq_2835	
OG0006137			Saccharomyces_paradoxus@Seq_2870	
OG0006138			Saccharomyces_paradoxus@Seq_2907	
OG0006139			Saccharomyces_paradoxus@Seq_2937	
OG0006140			Saccharomyces_paradoxus@Seq_2956	
OG0006141			Saccharomyces_paradoxus@Seq_2972	
OG0006142			Saccharomyces_paradoxus@Seq_3027	
OG0006143			Saccharomyces_paradoxus@Seq_3056	
OG0006144			Saccharomyces_paradoxus@Seq_3065	
OG0006145			Saccharomyces_paradoxus@Seq_3073	
OG0006146			Saccharomyces_paradoxus@Seq_3088	
OG0006147			Saccharomyces_paradoxus@Seq_3091	
OG0006148			Saccharomyces_paradoxus@Seq_3094	
OG0006149			Saccharomyces_paradoxus@Seq_3119	
OG0006150			Saccharomyces_paradoxus@Seq_3133	
OG0006151			Saccharomyces_paradoxus@Seq_3152	
OG0006152			Saccharomyces_paradoxus@Seq_3159	
OG0006153			Saccharomyces_paradoxus@Seq_3160	
OG0006154			Saccharomyces_paradoxus@Seq_3213	
OG0006155			Saccharomyces_paradoxus@Seq_3220	
OG0006156			Saccharomyces_paradoxus@Seq_3230	
OG0006157			Saccharomyces_paradoxus@Seq_3290	
OG0006158			Saccharomyces_paradoxus@Seq_3301	
OG0006159			Saccharomyces_paradoxus@Seq_3304	
OG0006160			Saccharomyces_paradoxus@Seq_3306	
OG0006161			Saccharomyces_paradoxus@Seq_3317	
OG0006162			Saccharomyces_paradoxus@Seq_3393	
OG0006163			Saccharomyces_paradoxus@Seq_3402	
OG0006164			Saccharomyces_paradoxus@Seq_3411	
OG0006165			Saccharomyces_paradoxus@Seq_3435	
OG0006166			Saccharomyces_paradoxus@Seq_3455	
OG0006167			Saccharomyces_paradoxus@Seq_3461	
OG0006168			Saccharomyces_paradoxus@Seq_3468	
OG0006169			Saccharomyces_paradoxus@Seq_3486	
OG0006170			Saccharomyces_paradoxus@Seq_3496	
OG0006171			Saccharomyces_paradoxus@Seq_3500	
OG0006172			Saccharomyces_paradoxus@Seq_3521	
OG0006173			Saccharomyces_paradoxus@Seq_3554	
OG0006174			Saccharomyces_paradoxus@Seq_3557	
OG0006175			Saccharomyces_paradoxus@Seq_3559	
OG0006176			Saccharomyces_paradoxus@Seq_3566	
OG0006177			Saccharomyces_paradoxus@Seq_3571	
OG0006178			Saccharomyces_paradoxus@Seq_3588	
OG0006179			Saccharomyces_paradoxus@Seq_3596	
OG0006180			Saccharomyces_paradoxus@Seq_3603	
OG0006181			Saccharomyces_paradoxus@Seq_3620	
OG0006182			Saccharomyces_paradoxus@Seq_3621	
OG0006183			Saccharomyces_paradoxus@Seq_3639	
OG0006184			Saccharomyces_paradoxus@Seq_3653	
OG0006185			Saccharomyces_paradoxus@Seq_3657	
OG0006186			Saccharomyces_paradoxus@Seq_3669	
OG0006187			Saccharomyces_paradoxus@Seq_3680	
OG0006188			Saccharomyces_paradoxus@Seq_3718	
OG0006189			Saccharomyces_paradoxus@Seq_3758	
OG0006190			Saccharomyces_paradoxus@Seq_3765	
OG0006191			Saccharomyces_paradoxus@Seq_3767	
OG0006192			Saccharomyces_paradoxus@Seq_3779	
OG0006193			Saccharomyces_paradoxus@Seq_3795	
OG0006194			Saccharomyces_paradoxus@Seq_3842	
OG0006195			Saccharomyces_paradoxus@Seq_3848	
OG0006196			Saccharomyces_paradoxus@Seq_3851	
OG0006197			Saccharomyces_paradoxus@Seq_3873	
OG0006198			Saccharomyces_paradoxus@Seq_3876	
OG0006199			Saccharomyces_paradoxus@Seq_3893	
OG0006200			Saccharomyces_paradoxus@Seq_3897	
OG0006201			Saccharomyces_paradoxus@Seq_3933	
OG0006202			Saccharomyces_paradoxus@Seq_3947	
OG0006203			Saccharomyces_paradoxus@Seq_3999	
OG0006204			Saccharomyces_paradoxus@Seq_4006	
OG0006205			Saccharomyces_paradoxus@Seq_4013	
OG0006206			Saccharomyces_paradoxus@Seq_4022	
OG0006207			Saccharomyces_paradoxus@Seq_4028	
OG0006208			Saccharomyces_paradoxus@Seq_4040	
OG0006209			Saccharomyces_paradoxus@Seq_4047	
OG0006210			Saccharomyces_paradoxus@Seq_4057	
OG0006211			Saccharomyces_paradoxus@Seq_4058	
OG0006212			Saccharomyces_paradoxus@Seq_4060	
OG0006213			Saccharomyces_paradoxus@Seq_4078	
OG0006214			Saccharomyces_paradoxus@Seq_4132	
OG0006215			Saccharomyces_paradoxus@Seq_4157	
OG0006216			Saccharomyces_paradoxus@Seq_4168	
OG0006217			Saccharomyces_paradoxus@Seq_4221	
OG0006218			Saccharomyces_paradoxus@Seq_4228	
OG0006219			Saccharomyces_paradoxus@Seq_4271	
OG0006220			Saccharomyces_paradoxus@Seq_4281	
OG0006221			Saccharomyces_paradoxus@Seq_4288	
OG0006222			Saccharomyces_paradoxus@Seq_4311	
OG0006223			Saccharomyces_paradoxus@Seq_4323	
OG0006224			Saccharomyces_paradoxus@Seq_4343	
OG0006225			Saccharomyces_paradoxus@Seq_4419	
OG0006226			Saccharomyces_paradoxus@Seq_4423	
OG0006227			Saccharomyces_paradoxus@Seq_4490	
OG0006228			Saccharomyces_paradoxus@Seq_4494	
OG0006229			Saccharomyces_paradoxus@Seq_4506	
OG0006230			Saccharomyces_paradoxus@Seq_4520	
OG0006231			Saccharomyces_paradoxus@Seq_4540	
OG0006232			Saccharomyces_paradoxus@Seq_4542	
OG0006233			Saccharomyces_paradoxus@Seq_4555	
OG0006234			Saccharomyces_paradoxus@Seq_4575	
OG0006235			Saccharomyces_paradoxus@Seq_4581	
OG0006236			Saccharomyces_paradoxus@Seq_4591	
OG0006237			Saccharomyces_paradoxus@Seq_4613	
OG0006238			Saccharomyces_paradoxus@Seq_4626	
OG0006239			Saccharomyces_paradoxus@Seq_4665	
OG0006240			Saccharomyces_paradoxus@Seq_4669	
OG0006241			Saccharomyces_paradoxus@Seq_4696	
OG0006242			Saccharomyces_paradoxus@Seq_4709	
OG0006243			Saccharomyces_paradoxus@Seq_4710	
OG0006244			Saccharomyces_paradoxus@Seq_4735	
OG0006245			Saccharomyces_paradoxus@Seq_4757	
OG0006246			Saccharomyces_paradoxus@Seq_4765	
OG0006247			Saccharomyces_paradoxus@Seq_4790	
OG0006248			Saccharomyces_paradoxus@Seq_4806	
OG0006249			Saccharomyces_paradoxus@Seq_4811	
OG0006250			Saccharomyces_paradoxus@Seq_4822	
OG0006251			Saccharomyces_paradoxus@Seq_4841	
OG0006252			Saccharomyces_paradoxus@Seq_4865	
OG0006253			Saccharomyces_paradoxus@Seq_4894	
OG0006254			Saccharomyces_paradoxus@Seq_4908	
OG0006255			Saccharomyces_paradoxus@Seq_4910	
OG0006256			Saccharomyces_paradoxus@Seq_4930	
OG0006257			Saccharomyces_paradoxus@Seq_4958	
OG0006258			Saccharomyces_paradoxus@Seq_4961	
OG0006259			Saccharomyces_paradoxus@Seq_4971	
OG0006260			Saccharomyces_paradoxus@Seq_4996	
OG0006261			Saccharomyces_paradoxus@Seq_5014	
OG0006262			Saccharomyces_paradoxus@Seq_5017	
OG0006263			Saccharomyces_paradoxus@Seq_5037	
OG0006264				Saccharomyces_mikatae@Seq_8
OG0006265				Saccharomyces_mikatae@Seq_14
OG0006266				Saccharomyces_mikatae@Seq_46
OG0006267				Saccharomyces_mikatae@Seq_47
OG0006268				Saccharomyces_mikatae@Seq_54
OG0006269				Saccharomyces_mikatae@Seq_56
OG0006270				Saccharomyces_mikatae@Seq_64
OG0006271				Saccharomyces_mikatae@Seq_71
OG0006272				Saccharomyces_mikatae@Seq_76
OG0006273				Saccharomyces_mikatae@Seq_102
OG0006274				Saccharomyces_mikatae@Seq_106
OG0006275				Saccharomyces_mikatae@Seq_108
OG0006276				Saccharomyces_mikatae@Seq_131
OG0006277				Saccharomyces_mikatae@Seq_141
OG0006278				Saccharomyces_mikatae@Seq_144
OG0006279				Saccharomyces_mikatae@Seq_185
OG0006280				Saccharomyces_mikatae@Seq_190
OG0006281				Saccharomyces_mikatae@Seq_207
OG0006282				Saccharomyces_mikatae@Seq_209
OG0006283				Saccharomyces_mikatae@Seq_263
OG0006284				Saccharomyces_mikatae@Seq_305
OG0006285				Saccharomyces_mikatae@Seq_312
OG0006286				Saccharomyces_mikatae@Seq_369
OG0006287				Saccharomyces_mikatae@Seq_418
OG0006288				Saccharomyces_mikatae@Seq_481
OG0006289				Saccharomyces_mikatae@Seq_485
OG0006290				Saccharomyces_mikatae@Seq_490
OG0006291				Saccharomyces_mikatae@Seq_516
OG0006292				Saccharomyces_mikatae@Seq_532
OG0006293				Saccharomyces_mikatae@Seq_535
OG0006294				Saccharomyces_mikatae@Seq_555
OG0006295				Saccharomyces_mikatae@Seq_567
OG0006296				Saccharomyces_mikatae@Seq_568
OG0006297				Saccharomyces_mikatae@Seq_571
OG0006298				Saccharomyces_mikatae@Seq_578
OG0006299				Saccharomyces_mikatae@Seq_579
OG0006300				Saccharomyces_mikatae@Seq_591
OG0006301				Saccharomyces_mikatae@Seq_592
OG0006302				Saccharomyces_mikatae@Seq_605
OG0006303				Saccharomyces_mikatae@Seq_654
OG0006304				Saccharomyces_mikatae@Seq_657
OG0006305				Saccharomyces_mikatae@Seq_688
OG0006306				Saccharomyces_mikatae@Seq_689
OG0006307				Saccharomyces_mikatae@Seq_713
OG0006308				Saccharomyces_mikatae@Seq_729
OG0006309				Saccharomyces_mikatae@Seq_761
OG0006310				Saccharomyces_mikatae@Seq_771
OG0006311				Saccharomyces_mikatae@Seq_777
OG0006312				Saccharomyces_mikatae@Seq_808
OG0006313				Saccharomyces_mikatae@Seq_824
OG0006314				Saccharomyces_mikatae@Seq_853
OG0006315				Saccharomyces_mikatae@Seq_859
OG0006316				Saccharomyces_mikatae@Seq_864
OG0006317				Saccharomyces_mikatae@Seq_869
OG0006318				Saccharomyces_mikatae@Seq_872
OG0006319				Saccharomyces_mikatae@Seq_875
OG0006320				Saccharomyces_mikatae@Seq_911
OG0006321				Saccharomyces_mikatae@Seq_941
OG0006322				Saccharomyces_mikatae@Seq_945
OG0006323				Saccharomyces_mikatae@Seq_953
OG0006324				Saccharomyces_mikatae@Seq_954
OG0006325				Saccharomyces_mikatae@Seq_959
OG0006326				Saccharomyces_mikatae@Seq_975
OG0006327				Saccharomyces_mikatae@Seq_978
OG0006328				Saccharomyces_mikatae@Seq_1040
OG0006329				Saccharomyces_mikatae@Seq_1055
OG0006330				Saccharomyces_mikatae@Seq_1067
OG0006331				Saccharomyces_mikatae@Seq_1094
OG0006332				Saccharomyces_mikatae@Seq_1139
OG0006333				Saccharomyces_mikatae@Seq_1148
OG0006334				Saccharomyces_mikatae@Seq_1149
OG0006335				Saccharomyces_mikatae@Seq_1173
OG0006336				Saccharomyces_mikatae@Seq_1183
OG0006337				Saccharomyces_mikatae@Seq_1197
OG0006338				Saccharomyces_mikatae@Seq_1210
OG0006339				Saccharomyces_mikatae@Seq_1296
OG0006340				Saccharomyces_mikatae@Seq_1302
OG0006341				Saccharomyces_mikatae@Seq_1319
OG0006342				Saccharomyces_mikatae@Seq_1353
OG0006343				Saccharomyces_mikatae@Seq_1367
OG0006344				Saccharomyces_mikatae@Seq_1376
OG0006345				Saccharomyces_mikatae@Seq_1445
OG0006346				Saccharomyces_mikatae@Seq_1451
OG0006347				Saccharomyces_mikatae@Seq_1527
OG0006348				Saccharomyces_mikatae@Seq_1540
OG0006349				Saccharomyces_mikatae@Seq_1547
OG0006350				Saccharomyces_mikatae@Seq_1556
OG0006351				Saccharomyces_mikatae@Seq_1558
OG0006352				Saccharomyces_mikatae@Seq_1565
OG0006353				Saccharomyces_mikatae@Seq_1572
OG0006354				Saccharomyces_mikatae@Seq_1593
OG0006355				Saccharomyces_mikatae@Seq_1594
OG0006356				Saccharomyces_mikatae@Seq_1601
OG0006357				Saccharomyces_mikatae@Seq_1636
OG0006358				Saccharomyces_mikatae@Seq_1698
OG0006359				Saccharomyces_mikatae@Seq_1717
OG0006360				Saccharomyces_mikatae@Seq_1742
OG0006361				Saccharomyces_mikatae@Seq_1745
OG0006362				Saccharomyces_mikatae@Seq_1787
OG0006363				Saccharomyces_mikatae@Seq_1795
OG0006364				Saccharomyces_mikatae@Seq_1799
OG0006365				Saccharomyces_mikatae@Seq_1816
OG0006366				Saccharomyces_mikatae@Seq_1817
OG0006367				Saccharomyces_mikatae@Seq_1822
OG0006368				Saccharomyces_mikatae@Seq_1827
OG0006369				Saccharomyces_mikatae@Seq_1831
OG0006370				Saccharomyces_mikatae@Seq_1840
OG0006371				Saccharomyces_mikatae@Seq_1844
OG0006372				Saccharomyces_mikatae@Seq_1849
OG0006373				Saccharomyces_mikatae@Seq_1863
OG0006374				Saccharomyces_mikatae@Seq_1871
OG0006375				Saccharomyces_mikatae@Seq_1884
OG0006376				Saccharomyces_mikatae@Seq_1896
OG0006377				Saccharomyces_mikatae@Seq_1900
OG0006378				Saccharomyces_mikatae@Seq_1902
OG0006379				Saccharomyces_mikatae@Seq_1914
OG0006380				Saccharomyces_mikatae@Seq_1919
OG0006381				Saccharomyces_mikatae@Seq_1924
OG0006382				Saccharomyces_mikatae@Seq_1939
OG0006383				Saccharomyces_mikatae@Seq_1940
OG0006384				Saccharomyces_mikatae@Seq_1948
OG0006385				Saccharomyces_mikatae@Seq_1949
OG0006386				Saccharomyces_mikatae@Seq_2034
OG0006387				Saccharomyces_mikatae@Seq_2047
OG0006388				Saccharomyces_mikatae@Seq_2172
OG0006389				Saccharomyces_mikatae@Seq_2182
OG0006390				Saccharomyces_mikatae@Seq_2187
OG0006391				Saccharomyces_mikatae@Seq_2204
OG0006392				Saccharomyces_mikatae@Seq_2213
OG0006393				Saccharomyces_mikatae@Seq_2244
OG0006394				Saccharomyces_mikatae@Seq_2252
OG0006395				Saccharomyces_mikatae@Seq_2280
OG0006396				Saccharomyces_mikatae@Seq_2296
OG0006397				Saccharomyces_mikatae@Seq_2304
OG0006398				Saccharomyces_mikatae@Seq_2308
OG0006399				Saccharomyces_mikatae@Seq_2370
OG0006400				Saccharomyces_mikatae@Seq_2383
OG0006401				Saccharomyces_mikatae@Seq_2386
OG0006402				Saccharomyces_mikatae@Seq_2404
OG0006403				Saccharomyces_mikatae@Seq_2410
OG0006404				Saccharomyces_mikatae@Seq_2413
OG0006405				Saccharomyces_mikatae@Seq_2433
OG0006406				Saccharomyces_mikatae@Seq_2449
OG0006407				Saccharomyces_mikatae@Seq_2474
OG0006408				Saccharomyces_mikatae@Seq_2477
OG0006409				Saccharomyces_mikatae@Seq_2487
OG0006410				Saccharomyces_mikatae@Seq_2501
OG0006411				Saccharomyces_mikatae@Seq_2516
OG0006412				Saccharomyces_mikatae@Seq_2528
OG0006413				Saccharomyces_mikatae@Seq_2581
OG0006414				Saccharomyces_mikatae@Seq_2584
OG0006415				Saccharomyces_mikatae@Seq_2594
OG0006416				Saccharomyces_mikatae@Seq_2595
OG0006417				Saccharomyces_mikatae@Seq_2654
OG0006418				Saccharomyces_mikatae@Seq_2655
OG0006419				Saccharomyces_mikatae@Seq_2663
OG0006420				Saccharomyces_mikatae@Seq_2707
OG0006421				Saccharomyces_mikatae@Seq_2732
OG0006422				Saccharomyces_mikatae@Seq_2752
OG0006423				Saccharomyces_mikatae@Seq_2760
OG0006424				Saccharomyces_mikatae@Seq_2768
OG0006425				Saccharomyces_mikatae@Seq_2786
OG0006426				Saccharomyces_mikatae@Seq_2794
OG0006427				Saccharomyces_mikatae@Seq_2796
OG0006428				Saccharomyces_mikatae@Seq_2802
OG0006429				Saccharomyces_mikatae@Seq_2811
OG0006430				Saccharomyces_mikatae@Seq_2832
OG0006431				Saccharomyces_mikatae@Seq_2873
OG0006432				Saccharomyces_mikatae@Seq_2886
OG0006433				Saccharomyces_mikatae@Seq_2889
OG0006434				Saccharomyces_mikatae@Seq_2892
OG0006435				Saccharomyces_mikatae@Seq_2910
OG0006436				Saccharomyces_mikatae@Seq_2933
OG0006437				Saccharomyces_mikatae@Seq_2939
OG0006438				Saccharomyces_mikatae@Seq_2947
OG0006439				Saccharomyces_mikatae@Seq_2962
OG0006440				Saccharomyces_mikatae@Seq_2966
OG0006441				Saccharomyces_mikatae@Seq_2980
OG0006442				Saccharomyces_mikatae@Seq_3010
OG0006443				Saccharomyces_mikatae@Seq_3023
OG0006444				Saccharomyces_mikatae@Seq_3026
OG0006445				Saccharomyces_mikatae@Seq_3029
OG0006446				Saccharomyces_mikatae@Seq_3047
OG0006447				Saccharomyces_mikatae@Seq_3062
OG0006448				Saccharomyces_mikatae@Seq_3065
OG0006449				Saccharomyces_mikatae@Seq_3087
OG0006450				Saccharomyces_mikatae@Seq_3100
OG0006451				Saccharomyces_mikatae@Seq_3111
OG0006452				Saccharomyces_mikatae@Seq_3174
OG0006453				Saccharomyces_mikatae@Seq_3218
OG0006454				Saccharomyces_mikatae@Seq_3237
OG0006455				Saccharomyces_mikatae@Seq_3249
OG0006456				Saccharomyces_mikatae@Seq_3256
OG0006457				Saccharomyces_mikatae@Seq_3264
OG0006458				Saccharomyces_mikatae@Seq_3267
OG0006459				Saccharomyces_mikatae@Seq_3274
OG0006460				Saccharomyces_mikatae@Seq_3275
OG0006461				Saccharomyces_mikatae@Seq_3281
OG0006462				Saccharomyces_mikatae@Seq_3287
OG0006463				Saccharomyces_mikatae@Seq_3289
OG0006464				Saccharomyces_mikatae@Seq_3314
OG0006465				Saccharomyces_mikatae@Seq_3321
OG0006466				Saccharomyces_mikatae@Seq_3327
OG0006467				Saccharomyces_mikatae@Seq_3331
OG0006468				Saccharomyces_mikatae@Seq_3361
OG0006469				Saccharomyces_mikatae@Seq_3380
OG0006470				Saccharomyces_mikatae@Seq_3457
OG0006471				Saccharomyces_mikatae@Seq_3460
OG0006472				Saccharomyces_mikatae@Seq_3469
OG0006473				Saccharomyces_mikatae@Seq_3517
OG0006474				Saccharomyces_mikatae@Seq_3537
OG0006475				Saccharomyces_mikatae@Seq_3546
OG0006476				Saccharomyces_mikatae@Seq_3601
OG0006477				Saccharomyces_mikatae@Seq_3605
OG0006478				Saccharomyces_mikatae@Seq_3638
OG0006479				Saccharomyces_mikatae@Seq_3662
OG0006480				Saccharomyces_mikatae@Seq_3678
OG0006481				Saccharomyces_mikatae@Seq_3696
OG0006482				Saccharomyces_mikatae@Seq_3698
OG0006483				Saccharomyces_mikatae@Seq_3723
OG0006484				Saccharomyces_mikatae@Seq_3768
OG0006485				Saccharomyces_mikatae@Seq_3795
OG0006486				Saccharomyces_mikatae@Seq_3805
OG0006487				Saccharomyces_mikatae@Seq_3806
OG0006488				Saccharomyces_mikatae@Seq_3829
OG0006489				Saccharomyces_mikatae@Seq_3869
OG0006490				Saccharomyces_mikatae@Seq_3871
OG0006491				Saccharomyces_mikatae@Seq_3919
OG0006492				Saccharomyces_mikatae@Seq_3929
OG0006493				Saccharomyces_mikatae@Seq_3939
OG0006494				Saccharomyces_mikatae@Seq_4015
OG0006495				Saccharomyces_mikatae@Seq_4019
OG0006496				Saccharomyces_mikatae@Seq_4051
OG0006497				Saccharomyces_mikatae@Seq_4086
OG0006498				Saccharomyces_mikatae@Seq_4087
OG0006499				Saccharomyces_mikatae@Seq_4104
OG0006500				Saccharomyces_mikatae@Seq_4115
OG0006501				Saccharomyces_mikatae@Seq_4146
OG0006502				Saccharomyces_mikatae@Seq_4165
OG0006503				Saccharomyces_mikatae@Seq_4171
OG0006504				Saccharomyces_mikatae@Seq_4186
OG0006505				Saccharomyces_mikatae@Seq_4202
OG0006506				Saccharomyces_mikatae@Seq_4210
OG0006507				Saccharomyces_mikatae@Seq_4211
OG0006508				Saccharomyces_mikatae@Seq_4244
OG0006509				Saccharomyces_mikatae@Seq_4251
OG0006510				Saccharomyces_mikatae@Seq_4272
OG0006511				Saccharomyces_mikatae@Seq_4290
OG0006512				Saccharomyces_mikatae@Seq_4330
OG0006513				Saccharomyces_mikatae@Seq_4338
OG0006514				Saccharomyces_mikatae@Seq_4381
OG0006515				Saccharomyces_mikatae@Seq_4382
OG0006516				Saccharomyces_mikatae@Seq_4395
OG0006517				Saccharomyces_mikatae@Seq_4396
OG0006518				Saccharomyces_mikatae@Seq_4398
OG0006519				Saccharomyces_mikatae@Seq_4412
OG0006520				Saccharomyces_mikatae@Seq_4426
OG0006521				Saccharomyces_mikatae@Seq_4492
OG0006522				Saccharomyces_mikatae@Seq_4499
OG0006523				Saccharomyces_mikatae@Seq_4514
OG0006524				Saccharomyces_mikatae@Seq_4519
OG0006525				Saccharomyces_mikatae@Seq_4534
OG0006526				Saccharomyces_mikatae@Seq_4576
OG0006527				Saccharomyces_mikatae@Seq_4584
OG0006528				Saccharomyces_mikatae@Seq_4612
OG0006529				Saccharomyces_mikatae@Seq_4615
OG0006530				Saccharomyces_mikatae@Seq_4616
OG0006531				Saccharomyces_mikatae@Seq_4630
OG0006532				Saccharomyces_mikatae@Seq_4633
OG0006533				Saccharomyces_mikatae@Seq_4635
OG0006534				Saccharomyces_mikatae@Seq_4647
OG0006535				Saccharomyces_mikatae@Seq_4655
OG0006536				Saccharomyces_mikatae@Seq_4659
OG0006537				Saccharomyces_mikatae@Seq_4691
OG0006538				Saccharomyces_mikatae@Seq_4697
OG0006539				Saccharomyces_mikatae@Seq_4698
OG0006540				Saccharomyces_mikatae@Seq_4707
OG0006541				Saccharomyces_mikatae@Seq_4741
OG0006542				Saccharomyces_mikatae@Seq_4752
OG0006543				Saccharomyces_mikatae@Seq_4761
OG0006544				Saccharomyces_mikatae@Seq_4762
OG0006545				Saccharomyces_mikatae@Seq_4763
OG0006546				Saccharomyces_mikatae@Seq_4770
OG0006547				Saccharomyces_mikatae@Seq_4779
OG0006548				Saccharomyces_mikatae@Seq_4790
OG0006549				Saccharomyces_mikatae@Seq_4816
OG0006550				Saccharomyces_mikatae@Seq_4831
OG0006551				Saccharomyces_mikatae@Seq_4839
OG0006552				Saccharomyces_mikatae@Seq_4858
OG0006553				Saccharomyces_mikatae@Seq_4862
OG0006554				Saccharomyces_mikatae@Seq_4877
